Link,Bedrooms,Bathrooms,Area,Price,Price_per_meter,Address,City,Location1,Location2,Unit,Type,Rent_sale
https://remax.com.eg/property/twinhouse-for-sale-in-romance-ain-sokhna-8740,2,3,180,"EGP 6,800,000",37777.78,"Al Ain Al Sokhna - Suez , Egypt",Suez,Al Ain Al Sokhna,None,Apartment,Residential,Sale
https://remax.com.eg/property/townhouse-for-sale-in-soleya-by-inertia-8423,4,5,385,"EGP 13,500,000",35064.94,"6 October City - Giza , Egypt",Giza,6 October City,None,Apartment,Residential,Sale
https://remax.com.eg/property/office-for-rent-in-west-gate-business-complex-9103,1,1,49,"EGP 30,000",612.24,"6 October City - Giza , Egypt",Giza,6 October City,None,Apartment,Residential,Rent
https://remax.com.eg/property/apartment-for-rent-in-janna-zayed-4-prime-location-9102,3,2,130,"EGP 15,000",115.38,"Sheikh Zayed City - Giza , Egypt",Giza,Sheikh Zayed City,None,Apartment,Residential,Rent
https://remax.com.eg/property/furnished-penthouse-for-rent-in-tara-compound-9100,2,1,120,"EGP 55,000",458.33,"Sheikh Zayed City - Giza , Egypt",Giza,Sheikh Zayed City,None,Apartment,Residential,Rent
https://remax.com.eg/property/prime-office-for-sale-in-2o5-sheikh-zayed-8541,2,1,76,"EGP 12,160,000",160000.0,"Sheikh Zayed City - Giza , Egypt",Giza,Sheikh Zayed City,None,Apartment,Residential,Sale
https://remax.com.eg/property/apartment-for-sale-in-9th-district-open-view-9104,3,2,200,"EGP 6,400,000",32000.0,"Sheikh Zayed City - Giza , Egypt",Giza,Sheikh Zayed City,None,Apartment,Residential,Sale
https://remax.com.eg/property/apartment-with-garden-kitchen-and-acs-in-el-joman-8755,2,2,130,"EGP 18,000",138.46,"Sheikh Zayed City - Giza , Egypt",Giza,Sheikh Zayed City,None,Apartment,Residential,Rent
https://remax.com.eg/property/clinic-with-installments-prime-location-in-zayed-9099,0,1,65,"EGP 9,500,000",146153.85,"Sheikh Zayed City - Giza , Egypt",Giza,Sheikh Zayed City,None,Apartment,Residential,Sale
https://remax.com.eg/property/rtm-apartment-with-best-price-in-village-west-8198,2,2,123,"EGP 7,350,000",59756.1,"Sheikh Zayed City - Giza , Egypt",Giza,Sheikh Zayed City,None,Apartment,Residential,Sale
https://remax.com.eg/property/i-villa-roof-corner-for-sale-mountain-view-icity-8932,3,3,230,"EGP 9,300,000",40434.78,"6 October City - Giza , Egypt",Giza,6 October City,None,Apartment,Residential,Sale
https://remax.com.eg/property/apartment-for-rent-in-o-west-high-end-finishing-9101,3,5,192,"EGP 32,000",166.67,"6 October City - Giza , Egypt",Giza,6 October City,None,Apartment,Residential,Rent
https://remax.com.eg/property/resale-apartment-for-sale-in-terrace-9093,3,3,154,"EGP 7,400,000",48051.95,"Sheikh Zayed City - Giza , Egypt",Giza,Sheikh Zayed City,None,Apartment,Residential,Sale
https://remax.com.eg/property/office-for-sale-in-the-quad-sheikh-zayed-9094,1,1,99,"EGP 18,208,410",183923.33,"Sheikh Zayed City - Giza , Egypt",Giza,Sheikh Zayed City,None,Apartment,Commercial,Sale
https://remax.com.eg/property/semi-finished-twinhouse-in-jedar-prime-location-9098,5,5,299,"EGP 18,500,000",61872.91,"6 October City - Giza , Egypt",Giza,6 October City,None,Apartment,Residential,Sale
https://remax.com.eg/property/apartment-118-m-for-sale-in-smouha-skyline-compound-4935,3,2,118,"EGP 6,350,000",53813.56,"Hay Sharq - Alexandria , Egypt",Alexandria,Hay Sharq,None,Apartment,Residential,Sale
https://remax.com.eg/property/studio-for-rent-in-westown-fully-furnished-9095,1,1,25,"EGP 25,500",1020.0,"Sheikh Zayed City - Giza , Egypt",Giza,Sheikh Zayed City,None,Apartment,Residential,Rent
https://remax.com.eg/property/commercial-space-for-rent-or-sale-in-kafr-abdo-400-sq-m-8659,8,6,400,"EGP 200,000",500.0,"Hay Sharq - Alexandria , Egypt",Alexandria,Hay Sharq,None,Apartment,Commercial,Rent
https://remax.com.eg/property/apartment-in-vye-new-zayed-8085,2,2,121,"EGP 8,000,000",66115.7,"Sheikh Zayed City - Giza , Egypt",Giza,Sheikh Zayed City,None,Apartment,Residential,Sale
https://remax.com.eg/property/luxurios-twinhouse-prime-location-best-price-7714,4,4,290,"EGP 11,000,000",37931.03,"Cairo Alexandria Desert Road - Giza , Egypt",Giza,Cairo Alexandria Desert Road,None,Apartment,Residential,Sale
https://remax.com.eg/property/for-sale-townhouse-in-grand-heights-8804,3,4,283,"EGP 14,000,000",49469.96,"6 October City - Giza , Egypt",Giza,6 October City,None,Apartment,Residential,Sale
https://remax.com.eg/property/clinic-for-rent-meditown-new-giza-9097,0,1,80,"EGP 35,000",437.5,"6 October City - Giza , Egypt",Giza,6 October City,None,Apartment,Residential,Rent
https://remax.com.eg/property/corner-duplex-for-rent-in-westown-fully-furnished-9092,3,3,210,"EGP 75,000",357.14,"Sheikh Zayed City - Giza , Egypt",Giza,Sheikh Zayed City,None,Apartment,Residential,Rent
https://remax.com.eg/property/finished-garden-apartment-in-sun-capital-9096,2,2,115,"EGP 5,000,000",43478.26,"6 October City - Giza , Egypt",Giza,6 October City,None,Apartment,Residential,Sale
https://remax.com.eg/property/great-opportunity-apartment-in-the-8th-district-9061,3,2,180,"EGP 15,000",83.33,"Sheikh Zayed City - Giza , Egypt",Giza,Sheikh Zayed City,None,Apartment,Residential,None
https://remax.com.eg/property/resale-opportunitybeach-house-at-soul-north-coast-8449,4,4,268,"EGP 56,000,000",208955.22,"Qesm Ad Dabaah - North Coast , Egypt",North Coast,Qesm Ad Dabaah,None,Apartment,Residential,Sale
https://remax.com.eg/property/luxury-apartment-in-october-plaza-sodic-prime-view-9002,2,2,158,"EGP 32,000",202.53,"6 October City - Giza , Egypt",Giza,6 October City,None,Apartment,Residential,Rent
https://remax.com.eg/property/garden-apartment-kitchen-and-acs-in-zayed-dunes-8763,3,3,167,"EGP 9,000,000",53892.22,"Sheikh Zayed City - Giza , Egypt",Giza,Sheikh Zayed City,None,Apartment,Residential,Sale
https://remax.com.eg/property/first-use-furnished-apartment-casa-beverly-hills-9085,2,2,120,"EGP 50,000",416.67,"Sheikh Zayed City - Giza , Egypt",Giza,Sheikh Zayed City,None,Apartment,Residential,Rent
https://remax.com.eg/property/roof-apartment-for-sale-in-district-16-9091,3,2,220,"EGP 4,500,000",20454.55,"Sheikh Zayed City - Giza , Egypt",Giza,Sheikh Zayed City,None,Apartment,Residential,Sale
https://remax.com.eg/property/garana-villa-for-sale-6723,6,6,850,"EGP 40,000,000",47058.82,"6 October City - Giza , Egypt",Giza,6 October City,None,Apartment,Residential,Sale
https://remax.com.eg/property/garana-villa-semi-furnished-for-rent-9090,4,4,600,"EGP 2,100,000",3500.0,"6 October City - Giza , Egypt",Giza,6 October City,None,Apartment,Residential,Rent
https://remax.com.eg/property/85m-chalet-for-sale-north-coast-neom-home-village-9087,2,1,85,"EGP 745,000",8764.71,"Qesm Borg El Arab - North Coast , Egypt",North Coast,Qesm Borg El Arab,None,Apartment,Residential,Sale
https://remax.com.eg/property/shop-247-m²-licensed-commercial-for-sale-in-al-mandara-direct-sea-access-9088,0,4,247,"EGP 37,000,000",149797.57,"Hay Than El Montazah - Alexandria , Egypt",Alexandria,Hay Than El Montazah,None,Apartment,Commercial,Sale
https://remax.com.eg/property/luxury-finishing-townhouse-in-joya-compound-7968,4,5,430,"EGP 22,000,000",51162.79,"6 October City - Giza , Egypt",Giza,6 October City,None,Apartment,Residential,Sale
https://remax.com.eg/property/garana-villa-semi-furnished-for-sale-9089,4,4,600,"EGP 45,000,000",75000.0,"6 October City - Giza , Egypt",Giza,6 October City,None,Apartment,Residential,Sale
https://remax.com.eg/property/apartment-for-rent-in-janna-october-fully-furnished-9078,3,2,130,"EGP 32,000",246.15,"6 October City - Giza , Egypt",Giza,6 October City,None,Apartment,Residential,Rent
https://remax.com.eg/property/under-market-value-apartment-for-sale-in-vye-9082,2,2,108,"EGP 7,000,000",64814.81,"Sheikh Zayed City - Giza , Egypt",Giza,Sheikh Zayed City,None,Apartment,Residential,Sale
https://remax.com.eg/property/finished-apartment-gladious-garden-prime-location-8648,3,3,200,"EGP 7,300,000",36500.0,"6 October City - Giza , Egypt",Giza,6 October City,None,Apartment,Residential,Sale
https://remax.com.eg/property/luxury-duplex-with-garden-in-casa-beverly-hills-kitchen-and-acs-8426,3,3,235,"EGP 50,000",212.77,"Sheikh Zayed City - Giza , Egypt",Giza,Sheikh Zayed City,None,Apartment,Residential,Rent
https://remax.com.eg/property/apartment-for-sale-in-etqan-beverly-hills-9083,4,2,233,"EGP 12,500,000",53648.07,"Sheikh Zayed City - Giza , Egypt",Giza,Sheikh Zayed City,None,Apartment,Residential,Sale
https://remax.com.eg/property/apartment-for-rent-in-janna-zayed-2-9084,3,3,210,"EGP 45,000",214.29,"Sheikh Zayed City - Giza , Egypt",Giza,Sheikh Zayed City,None,Apartment,Residential,Rent
https://remax.com.eg/property/prime-apartment-for-sale-in-new-giza-9081,2,3,173,"EGP 14,850,000",85838.15,"6 October City - Giza , Egypt",Giza,6 October City,None,Apartment,Residential,Sale
https://remax.com.eg/property/townhouse-with-kitchen-and-acs-in-el-reem-residence-8842,4,4,352,"EGP 60,000",170.45,"6 October City - Giza , Egypt",Giza,6 October City,None,Apartment,Residential,Rent
https://remax.com.eg/property/furnished-villa-for-rent-in-grand-heights-compound-8013,5,5,410,"EGP 80,000",195.12,"6 October City - Giza , Egypt",Giza,6 October City,None,Apartment,Residential,Rent
https://remax.com.eg/property/furnished-apartment-with-best-brice-in-zed-west-9080,2,2,105,"EGP 55,000",523.81,"Sheikh Zayed City - Giza , Egypt",Giza,Sheikh Zayed City,None,Apartment,Residential,Rent
https://remax.com.eg/property/furnished-studio-in-courtyard-sodic-landscape-view-9024,1,1,56,"EGP 29,000",517.86,"Sheikh Zayed City - Giza , Egypt",Giza,Sheikh Zayed City,None,Apartment,Residential,Rent
https://remax.com.eg/property/furnished-studio-for-rent-in-nyoum-compound-9079,1,1,70,"EGP 17,000",242.86,"6 October City - Giza , Egypt",Giza,6 October City,None,Apartment,Residential,Rent
https://remax.com.eg/property/apartment-for-rent-in-new-giza-fully-furnished-9071,3,3,224,"EGP 88,500",395.09,"6 October City - Giza , Egypt",Giza,6 October City,None,Apartment,Residential,Rent
https://remax.com.eg/property/garden-apartment-with-kitchen-and-acs-in-kayan-9015,3,2,120,"EGP 7,000,000",58333.33,"Sheikh Zayed City - Giza , Egypt",Giza,Sheikh Zayed City,None,Apartment,Residential,Sale
https://remax.com.eg/property/villa-at-soleya-compound-cairo-alex-desert-road-9074,5,6,500,"EGP 21,000,000",42000.0,"6 October City - Giza , Egypt",Giza,6 October City,None,Apartment,Residential,Sale
https://remax.com.eg/property/ground-apartment-for-sale-in-badya-by-palm-hills-9072,2,3,132,"EGP 6,300,000",47727.27,"Sheikh Zayed City - Giza , Egypt",Giza,Sheikh Zayed City,None,Apartment,Residential,Sale
https://remax.com.eg/property/furnished-ground-apartment-in-spring-valley-ramo-9073,2,1,85,"EGP 25,000",294.12,"6 October City - Giza , Egypt",Giza,6 October City,None,Apartment,Residential,Rent
https://remax.com.eg/property/first-use-luxury-i-villa-garden-in-mountain-view-7741,3,3,285,"EGP 49,000",171.93,"6 October City - Giza , Egypt",Giza,6 October City,None,Apartment,Residential,Rent
https://remax.com.eg/property/studio-for-rent-in-westown-prime-location-9076,1,1,30,"EGP 27,000",900.0,"Sheikh Zayed City - Giza , Egypt",Giza,Sheikh Zayed City,None,Apartment,Residential,Rent
https://remax.com.eg/property/town-house-at-soleya-compound-cairo-alex-desert-road-9075,4,5,385,"EGP 14,000,000",36363.64,"6 October City - Giza , Egypt",Giza,6 October City,None,Apartment,Residential,Sale
https://remax.com.eg/property/garden-apartment-with-kitchen-and-acs-in-kayan-9014,3,2,120,"EGP 25,000",208.33,"Sheikh Zayed City - Giza , Egypt",Giza,Sheikh Zayed City,None,Apartment,Residential,Rent
https://remax.com.eg/property/furnished-i-villa-garden-in-mountain-view-chillout-9069,3,3,280,"EGP 60,000",214.29,"6 October City - Giza , Egypt",Giza,6 October City,None,Apartment,Residential,None
https://remax.com.eg/property/194m-semi-finished-apartment-in-green-6-compound-8528,3,3,194,"EGP 7,000,000",36082.47,"6 October City - Giza , Egypt",Giza,6 October City,None,Apartment,Residential,Sale
https://remax.com.eg/property/prime-location-villa-for-sale-in-solana-9077,4,5,240,"EGP 26,550,000",110625.0,"Sheikh Zayed City - Giza , Egypt",Giza,Sheikh Zayed City,None,Apartment,Residential,Sale
https://remax.com.eg/property/twin-house-for-rent-in-al-rabwa-amazing-park-view-9065,4,5,376,"EGP 100,000",265.96,"Sheikh Zayed City - Giza , Egypt",Giza,Sheikh Zayed City,None,Apartment,Residential,Rent
https://remax.com.eg/property/furnished-apartment-200m-in-al-joman-sheikh-zayed-9058,3,3,200,"EGP 38,000",190.0,"Sheikh Zayed City - Giza , Egypt",Giza,Sheikh Zayed City,None,Apartment,Residential,Rent
https://remax.com.eg/property/apartment-for-sale-100-sq-m-sidi-bishr-omar-ibn-abdel-aziz-street-9064,3,1,100,"EGP 3,200,000",32000.0,"Hay Awal El Montazah - Alexandria , Egypt",Alexandria,Hay Awal El Montazah,None,Apartment,Residential,Sale
https://remax.com.eg/property/unique-furnished-i-villa-roof-for-sale-in-green-5-9060,3,4,370,"EGP 13,900,000",37567.57,"6 October City - Giza , Egypt",Giza,6 October City,None,Apartment,Residential,Rent
https://remax.com.eg/property/furnished-ground-apartment-best-location-in-zayed-9059,3,3,280,"EGP 40,000",142.86,"Sheikh Zayed City - Giza , Egypt",Giza,Sheikh Zayed City,None,Apartment,Residential,Rent
https://remax.com.eg/property/furnished-apartment-for-rent-in-janna-zayed-2-9062,3,3,140,"EGP 35,000",250.0,"Sheikh Zayed City - Giza , Egypt",Giza,Sheikh Zayed City,None,Apartment,Residential,Rent
https://remax.com.eg/property/luxury-apartment-for-rent-in-badya-palm-hills-9066,1,2,100,"EGP 15,000",150.0,"6 October City - Giza , Egypt",Giza,6 October City,None,Apartment,Residential,Rent
https://remax.com.eg/property/apartment-for-sale-in-m-apartments-north-expansions-9056,4,3,172,"EGP 3,800,000",22093.02,"6 October City - Giza , Egypt",Giza,6 October City,None,Apartment,Residential,Sale
https://remax.com.eg/property/luxury-apartment-85m-for-rent-in-badya-palm-hills-9068,1,1,85,"EGP 14,000",164.71,"6 October City - Giza , Egypt",Giza,6 October City,None,Apartment,Residential,Rent
https://remax.com.eg/property/luxury-apartment-85m-for-rent-in-badya-palm-hills-9067,1,1,85,"EGP 12,000",141.18,"6 October City - Giza , Egypt",Giza,6 October City,None,Apartment,Residential,Rent
https://remax.com.eg/property/apartment-in-courtyard-aeon-9057,3,5,231,"EGP 60,000",259.74,"6 October City - Giza , Egypt",Giza,6 October City,None,Apartment,Residential,None
https://remax.com.eg/property/luxury-penthouse-for-rent-in-badya-palm-hills-9063,2,3,141,"EGP 28,000",198.58,"6 October City - Giza , Egypt",Giza,6 October City,None,Apartment,Residential,Rent
https://remax.com.eg/property/apartment-for-sale-311-sq-m-kafr-abdo-9050,4,3,311,"EGP 15,000,000",48231.51,"Hay Sharq - Alexandria , Egypt",Alexandria,Hay Sharq,None,Apartment,Residential,Sale
https://remax.com.eg/property/34-finishing-duplex-with-roof-in-green-5-9048,3,4,215,"EGP 8,750,000",40697.67,"6 October City - Giza , Egypt",Giza,6 October City,None,Apartment,Residential,Sale
https://remax.com.eg/property/building-forrent-in-fifth-settlement-new-cairo-9016,20,12,320,"EGP 300,000",937.5,"New Cairo City - Cairo , Egypt",Cairo,New Cairo City,None,Apartment,Residential,Rent
https://remax.com.eg/property/apartment-for-rent-in-the-courtyards-sodic-9052,3,3,210,"EGP 55,000",261.9,"Sheikh Zayed City - Giza , Egypt",Giza,Sheikh Zayed City,None,Apartment,Residential,Rent
https://remax.com.eg/property/apartment-for-sale-in-aeon-towers-marakez-9047,2,3,173,"EGP 18,000,000",104046.24,"6 October City - Giza , Egypt",Giza,6 October City,None,Apartment,Residential,Sale
https://remax.com.eg/property/apartment-for-sale-in-garden-hills-ready-to-move-9054,2,2,130,"EGP 3,650,000",28076.92,"6 October City - Giza , Egypt",Giza,6 October City,None,Apartment,Residential,Sale
https://remax.com.eg/property/apartment-for-rent-in-village-west-9053,3,3,164,"EGP 35,000",213.41,"Sheikh Zayed City - Giza , Egypt",Giza,Sheikh Zayed City,None,Apartment,Residential,Rent
https://remax.com.eg/property/semi-furnished-penthouse-in-mountain-view-9045,2,2,170,"EGP 30,000",176.47,"6 October City - Giza , Egypt",Giza,6 October City,None,Apartment,Residential,Rent
https://remax.com.eg/property/apartment-for-rent-in-o-west-tulwa-9051,3,4,192,"EGP 35,000",182.29,"6 October City - Giza , Egypt",Giza,6 October City,None,Apartment,Residential,Rent
https://remax.com.eg/property/office-for-sale-in-five-fifty-five-mall-sheikh-zayed-9044,0,0,58,"EGP 8,101,000",139672.41,"Sheikh Zayed City - Giza , Egypt",Giza,Sheikh Zayed City,None,Apartment,Residential,Sale
https://remax.com.eg/property/finished-clinic-in-kazan-mall-directly-in-the-axis-9046,1,1,57,"EGP 5,200,000",91228.07,"6 October City - Giza , Egypt",Giza,6 October City,None,Apartment,Residential,Sale
https://remax.com.eg/property/apartment-for-sale-in-mountain-view-icity-october-9055,2,2,105,"EGP 6,875,000",65476.19,"6 October City - Giza , Egypt",Giza,6 October City,None,Apartment,Residential,Sale
https://remax.com.eg/property/apartment-with-kitchen-and-acs-in-westown-sodic-9039,3,3,205,"EGP 53,000",258.54,"Sheikh Zayed City - Giza , Egypt",Giza,Sheikh Zayed City,None,Apartment,Residential,Rent
https://remax.com.eg/property/ground-apartment-for-sale-in-khamael-9036,3,2,177,"EGP 6,407,000",36197.74,"Sheikh Zayed City - Giza , Egypt",Giza,Sheikh Zayed City,None,Apartment,Residential,Sale
https://remax.com.eg/property/apartment-for-rent-in-mostathmir-el-saghir-9035,3,2,180,"EGP 20,000",111.11,"Sheikh Zayed City - Giza , Egypt",Giza,Sheikh Zayed City,None,Apartment,Residential,Rent
https://remax.com.eg/property/apartment-for-rent-in-zed-west-9034,2,2,115,"EGP 55,000",478.26,"Sheikh Zayed City - Giza , Egypt",Giza,Sheikh Zayed City,None,Apartment,Residential,Rent
https://remax.com.eg/property/chalet-for-sale-paradise-ras-sedr-1363,3,2,135,"EGP 5,500,000",40740.74,"Ras Sedr - South Sainai , Egypt",South Sainai,Ras Sedr,None,Apartment,Residential,Sale
https://remax.com.eg/property/shop-for-sale-in-juno-plaza-6th-of-october-9043,0,0,112,"EGP 16,149,861",144195.19,"6 October City - Giza , Egypt",Giza,6 October City,None,Apartment,Residential,Sale
https://remax.com.eg/property/semi-finished-apartment-in-nyoum-mostakbal-city-9038,1,1,63,"EGP 1,700,000",26984.13,"Mostakbal City - Cairo , Egypt",Cairo,Mostakbal City,None,Apartment,Residential,Sale
https://remax.com.eg/property/studio-for-rent-in-aeon-towers-prime-location-9042,1,1,80,"EGP 55,000",687.5,"6 October City - Giza , Egypt",Giza,6 October City,None,Apartment,Residential,Rent
https://remax.com.eg/property/clinic-for-sale-in-mehwar-plaza-medical-unit-9037,0,0,50,"EGP 4,510,000",90200.0,"6 October City - Giza , Egypt",Giza,6 October City,None,Apartment,Residential,Sale
https://remax.com.eg/property/finished-apartment-in-the-16th-district-prime-view-9033,3,2,240,"EGP 6,250,000",26041.67,"Sheikh Zayed City - Giza , Egypt",Giza,Sheikh Zayed City,None,Apartment,Residential,Sale
https://remax.com.eg/property/apartment-for-sale-150-sq-m-miami-iskandar-ibrahim-street-9032,3,1,150,"EGP 4,500,000",30000.0,"Hay Awal El Montazah - Alexandria , Egypt",Alexandria,Hay Awal El Montazah,None,Apartment,Residential,Sale
https://remax.com.eg/property/standalone-villa-for-sale-in-nyoum-9041,3,4,192,"EGP 9,000,000",46875.0,"6 October City - Giza , Egypt",Giza,6 October City,None,Apartment,Residential,Sale
https://remax.com.eg/property/villa-for-sale-compound-wadi-elnakheel-phase-4-9023,3,3,2200,"EGP 15,000,000",6818.18,"- , Egypt",None,None,None,Apartment,Residential,Sale
https://remax.com.eg/property/apartment-for-rent-in-mountain-view-icity-9028,3,2,130,"EGP 33,000",253.85,"6 October City - Giza , Egypt",Giza,6 October City,None,Apartment,Residential,Rent
https://remax.com.eg/property/townhouse-for-rent-in-allegria-designed-by-shahira-fahmy-9029,3,3,225,"EGP 150,000",666.67,"Sheikh Zayed City - Giza , Egypt",Giza,Sheikh Zayed City,None,Apartment,Residential,Rent
https://remax.com.eg/property/ground-floor-apartment-for-rent-furnished-9019,3,4,220,"EGP 720,000",3272.73,"Cairo Alexandria Desert Road - Giza , Egypt",Giza,Cairo Alexandria Desert Road,None,Apartment,Residential,Rent
https://remax.com.eg/property/townhouse-for-sale-in-o-west-whyt-prime-location-9025,3,3,205,"EGP 14,000,000",68292.68,"6 October City - Giza , Egypt",Giza,6 October City,None,Apartment,Residential,Sale
https://remax.com.eg/property/apartment-for-sale-300-m-kafr-abdo-9022,3,4,300,"EGP 9,000,000",30000.0,"Hay Sharq - Alexandria , Egypt",Alexandria,Hay Sharq,None,Apartment,Residential,Sale
https://remax.com.eg/property/apartment-for-sale-salah-salem-ismailia-square-9021,3,2,200,"EGP 9,000,000",45000.0,"- , Egypt",None,None,None,Apartment,Residential,Sale
https://remax.com.eg/property/luxurious-townhouse-in-palm-hills-with-best-price-9018,5,5,211,"EGP 100,000",473.93,"6 October City - Giza , Egypt",Giza,6 October City,None,Apartment,Residential,Rent
https://remax.com.eg/property/clinic-for-rent-meditown-newgiza-9020,2,1,80,"EGP 360,000",4500.0,"6 October City - Giza , Egypt",Giza,6 October City,None,Apartment,Residential,Rent
https://remax.com.eg/property/apartment-for-sale-in-ashgar-heights-6-october-9026,2,1,85,"EGP 3,880,000",45647.06,"- , Egypt",None,None,None,Apartment,Residential,Sale
https://remax.com.eg/property/apartment-for-rent-in-zed-fully-finished-9031,2,2,135,"EGP 38,000",281.48,"Sheikh Zayed City - Giza , Egypt",Giza,Sheikh Zayed City,None,Apartment,Residential,Rent
https://remax.com.eg/property/administrative-office-for-sale-in-central-avenue-9030,0,0,116,"EGP 123,000",1060.34,"Sheikh Zayed City - Giza , Egypt",Giza,Sheikh Zayed City,None,Apartment,Residential,Sale
https://remax.com.eg/property/luxury-administrative-office-for-rent-9011,4,0,135,"EGP 95,000",703.7,"Sheikh Zayed City - Giza , Egypt",Giza,Sheikh Zayed City,None,Apartment,Residential,Rent
https://remax.com.eg/property/townhouse-for-sale-in-mountain-view-lvls-9006,4,5,180,"EGP 12,863,671",71464.84,"Qesm Ad Dabaah - North Coast , Egypt",North Coast,Qesm Ad Dabaah,None,Apartment,Residential,Sale
https://remax.com.eg/property/resale-apartment-for-sale-in-zed-west-9007,2,2,102,"EGP 6,700,000",65686.27,"Sheikh Zayed City - Giza , Egypt",Giza,Sheikh Zayed City,None,Apartment,Residential,Sale
https://remax.com.eg/property/retail-shop-for-rent-suitable-for-café-or-restaurant-9013,0,0,70,"EGP 55,000",785.71,"Sheikh Zayed City - Giza , Egypt",Giza,Sheikh Zayed City,None,Apartment,Commercial,Rent
https://remax.com.eg/property/retail-shop-for-rent-prime-location-in-west-gate-mall-9012,0,0,65,"EGP 70,000",1076.92,"6 October City - Giza , Egypt",Giza,6 October City,None,Apartment,Commercial,Rent
https://remax.com.eg/property/furnished-garden-apartment-in-opera-city-9010,4,3,240,"EGP 35,000",145.83,"Sheikh Zayed City - Giza , Egypt",Giza,Sheikh Zayed City,None,Apartment,Residential,Rent
https://remax.com.eg/property/townhouse-for-sale-in-belle-aire-beverly-hills-9009,4,6,325,"EGP 26,000,000",80000.0,"Sheikh Zayed City - Giza , Egypt",Giza,Sheikh Zayed City,None,Apartment,Residential,Sale
https://remax.com.eg/property/ground-duplex-in-palm-parks-prime-location-9004,3,3,215,"EGP 47,000",218.6,"6 October City - Giza , Egypt",Giza,6 October City,None,Apartment,Residential,Rent
https://remax.com.eg/property/apartment-for-sale-in-hadayk-el-mohandesensheikh-zayed-9008,3,2,129,"EGP 5,800,000",44961.24,"Sheikh Zayed City - Giza , Egypt",Giza,Sheikh Zayed City,None,Apartment,Residential,Sale
https://remax.com.eg/property/furnished-apartment-attractive-price-westown-sodic-8602,2,3,152,"EGP 45,000",296.05,"Sheikh Zayed City - Giza , Egypt",Giza,Sheikh Zayed City,None,Apartment,Residential,Rent
https://remax.com.eg/property/210m-apartment-kitchen-and-acs-in-beverly-hills-8922,3,2,210,"EGP 40,000",190.48,"Sheikh Zayed City - Giza , Egypt",Giza,Sheikh Zayed City,None,Apartment,Residential,Rent
https://remax.com.eg/property/a-stylishly-furnished-chalet-in-marassi-marina-ll-7720,2,1,93,"EGP 14,500,000",155913.98,"Al Alamein - North Coast , Egypt",North Coast,Al Alamein,None,Apartment,Residential,Sale
https://remax.com.eg/property/dental-clinic-for-rent-in-meditown-new-giza-8998,2,1,95,"EGP 40,000",421.05,"6 October City - Giza , Egypt",Giza,6 October City,None,Apartment,Residential,Rent
https://remax.com.eg/property/apartment-for-sale-obour-buildings-salah-salem-8999,3,1,156,"EGP 7,250,000",46474.36,"Heliopolis - Cairo , Egypt",Cairo,Heliopolis,None,Apartment,Residential,Sale
https://remax.com.eg/property/villa-for-sale-in-badya-ready-to-move-8993,4,4,313,"EGP 16,060,000",51309.9,"Sheikh Zayed City - Giza , Egypt",Giza,Sheikh Zayed City,None,Apartment,Residential,Sale
https://remax.com.eg/property/duplex-for-sale-in-village-gate-compound-8994,2,2,150,"EGP 9,900,000",66000.0,"- , Egypt",None,None,None,Apartment,Residential,Sale
https://remax.com.eg/property/ground-apartment-for-rent-in-garden-hills-compound-8990,3,2,130,"EGP 14,000",107.69,"6 October City - Giza , Egypt",Giza,6 October City,None,Apartment,Residential,Rent
https://remax.com.eg/property/studio-for-rent-in-october-plaza-compound-8992,1,1,30,"EGP 15,000",500.0,"6 October City - Giza , Egypt",Giza,6 October City,None,Apartment,Residential,Rent
https://remax.com.eg/property/villa-for-sale-in-allegria-fully-luxurious-furnished-9003,5,6,354,"EGP 70,000,000",197740.11,"Sheikh Zayed City - Giza , Egypt",Giza,Sheikh Zayed City,None,Apartment,Residential,Sale
https://remax.com.eg/property/medical-clinic-for-rent-in-west-park-mall-8996,1,1,50,"EGP 15,000",300.0,"6 October City - Giza , Egypt",Giza,6 October City,None,Apartment,Commercial,Rent
https://remax.com.eg/property/apartment-for-sale-hyde-park-compound-new-cairo-8995,1,2,78,"EGP 7,100,000",91025.64,"- , Egypt",None,None,None,Apartment,Residential,Sale
https://remax.com.eg/property/townhouse-for-sale-prime-location-with-lake-view-8997,4,4,365,"EGP 14,000,000",38356.16,"6 October City - Giza , Egypt",Giza,6 October City,None,Apartment,Residential,Sale
https://remax.com.eg/property/villa-for-rent-in-beverly-hills-compound-spacious-land-8991,4,5,280,"EGP 80,000",285.71,"Sheikh Zayed City - Giza , Egypt",Giza,Sheikh Zayed City,None,Apartment,Residential,Rent
https://remax.com.eg/property/garden-apartment-with-appliances-in-zayed-regency-7903,3,3,190,"EGP 38,000",200.0,"Sheikh Zayed City - Giza , Egypt",Giza,Sheikh Zayed City,None,Apartment,Residential,Rent
https://remax.com.eg/property/apartment-for-sale-140-m²-al-sayouf-ahmed-bin-hanbal-street-8988,3,1,140,"EGP 2,600,000",18571.43,"Hay Awal El Montazah - Alexandria , Egypt",Alexandria,Hay Awal El Montazah,None,Apartment,Residential,Sale
https://remax.com.eg/property/pyramids-hills-penthouse-for-sale-8304,3,4,377,"EGP 23,000,000",61007.96,"6 October City - Giza , Egypt",Giza,6 October City,None,Apartment,Residential,Sale
https://remax.com.eg/property/for-sale-townhouse-corner-in-pyramids-hills-8989,3,5,287,"EGP 17,500,000",60975.61,"6 October City - Giza , Egypt",Giza,6 October City,None,Apartment,Residential,Sale
https://remax.com.eg/property/resale-apartment-for-sale-in-8th-district-8985,3,2,136,"EGP 4,400,000",32352.94,"Sheikh Zayed City - Giza , Egypt",Giza,Sheikh Zayed City,None,Apartment,Residential,Sale
https://remax.com.eg/property/twin-house-for-sale-in-alma-compoundprime-location-8978,3,4,239,"EGP 17,000,000",71129.71,"Sheikh Zayed City - Giza , Egypt",Giza,Sheikh Zayed City,None,Apartment,Residential,Sale
https://remax.com.eg/property/furnished-apartment-for-rent-in-the-7th-district-8756,2,2,140,"EGP 37,500",267.86,"Sheikh Zayed City - Giza , Egypt",Giza,Sheikh Zayed City,None,Apartment,Residential,Rent
https://remax.com.eg/property/apartment-for-rent-in-owest-compound-fully-finished-8986,2,2,132,"EGP 30,000",227.27,"6 October City - Giza , Egypt",Giza,6 October City,None,Apartment,Residential,Rent
https://remax.com.eg/property/furnished-apartment-for-rent-in-janna-october-8979,3,2,130,"EGP 25,000",192.31,"6 October City - Giza , Egypt",Giza,6 October City,None,Apartment,Residential,Rent
https://remax.com.eg/property/furnished-apartment-for-rent-in-al-nada-compound-8849,3,3,270,"EGP 55,000",203.7,"Sheikh Zayed City - Giza , Egypt",Giza,Sheikh Zayed City,None,Apartment,Residential,Rent
https://remax.com.eg/property/finished-corner-townhouse-in-al-nasayem-7656,4,4,335,"EGP 20,500,000",61194.03,"6 October City - Giza , Egypt",Giza,6 October City,None,Apartment,Residential,Sale
https://remax.com.eg/property/twin-house-for-sale-in-villette-compound-sodicc-8981,3,3,313,"EGP 42,000,000",134185.3,"- , Egypt",None,None,None,Apartment,Residential,Sale
https://remax.com.eg/property/semi-finished-duplex-with-roof-private-entrance-8987,5,5,249,"EGP 17,000,000",68273.09,"Sheikh Zayed City - Giza , Egypt",Giza,Sheikh Zayed City,None,Apartment,Residential,Sale
https://remax.com.eg/property/dental-clinic-for-rent-in-meditown-new-giza-8962,0,1,80,"EGP 35,000",437.5,"6 October City - Giza , Egypt",Giza,6 October City,None,Apartment,Residential,Rent
https://remax.com.eg/property/furnished-apartment-for-rent-in-the-first-touristic-8971,2,2,110,"EGP 25,000",227.27,"6 October City - Giza , Egypt",Giza,6 October City,None,Apartment,Residential,Rent
https://remax.com.eg/property/apartment-for-sale-160-sq-m-mandara-gamal-abdel-nasser-street-8965,3,2,160,"EGP 4,100,000",25625.0,"Hay Than El Montazah - Alexandria , Egypt",Alexandria,Hay Than El Montazah,None,Apartment,Residential,Sale
https://remax.com.eg/property/apartment-for-sale-130-sq-m-camp-caesar-canopus-street-8961,3,2,130,"EGP 4,000,000",30769.23,"Hay Wasat - Alexandria , Egypt",Alexandria,Hay Wasat,None,Apartment,Residential,Sale
https://remax.com.eg/property/210-sqm-roof-apartment-for-sale-in-banafseg-villas-super-lux-finish-new-cairo-8976,4,2,210,"EGP 6,500,000",30952.38,"New Cairo City - Cairo , Egypt",Cairo,New Cairo City,None,Apartment,Residential,Sale
https://remax.com.eg/property/furnished-apartment-for-rent-in-northern-expansion-8973,1,1,85,"EGP 15,000",176.47,"6 October City - Giza , Egypt",Giza,6 October City,None,Apartment,Residential,Rent
https://remax.com.eg/property/penthouse-with-kitchen-and-acs-in-courtyard-sodic-8960,3,3,160,"EGP 16,000,000",100000.0,"Sheikh Zayed City - Giza , Egypt",Giza,Sheikh Zayed City,None,Apartment,Residential,Sale
https://remax.com.eg/property/office-for-rent-in-beverly-hills-sheikh-zayed-8967,2,1,72,"EGP 28,000",388.89,"Sheikh Zayed City - Giza , Egypt",Giza,Sheikh Zayed City,None,Apartment,Residential,Rent
https://remax.com.eg/property/office-for-rent-kazan-mall-fully-finished-8959,3,1,125,"EGP 62,000",496.0,"6 October City - Giza , Egypt",Giza,6 October City,None,Apartment,Residential,Rent
https://remax.com.eg/property/apartment-for-sale-in-ard-el-golf-near-city-stars-133-sqm-8977,3,2,131,"EGP 4,300,000",32824.43,"Heliopolis - Cairo , Egypt",Cairo,Heliopolis,None,Apartment,Residential,Sale
https://remax.com.eg/property/semi-furnished-apartment-for-rent-in-jewar-8964,2,3,137,"EGP 30,000",218.98,"Sheikh Zayed City - Giza , Egypt",Giza,Sheikh Zayed City,None,Apartment,Residential,Rent
https://remax.com.eg/property/resale-corner-townhouse-for-sale-in-kayan-8970,3,3,195,"EGP 10,750,000",55128.21,"Sheikh Zayed City - Giza , Egypt",Giza,Sheikh Zayed City,None,Apartment,Residential,Sale
https://remax.com.eg/property/apartment-for-sale-zed-west-al-yasmine-view-8953,3,3,161,"EGP 10,000,000",62111.8,"Sheikh Zayed City - Giza , Egypt",Giza,Sheikh Zayed City,None,Apartment,Residential,Sale
https://remax.com.eg/property/34-finishing-villa-in-el-yasmine-green-land-8948,5,6,800,"EGP 30,000,000",37500.0,"6 October City - Giza , Egypt",Giza,6 October City,None,Apartment,Residential,Sale
https://remax.com.eg/property/apartment-for-rent-badya-palm-hills-8951,2,3,145,"EGP 30,000",206.9,"Sheikh Zayed City - Giza , Egypt",Giza,Sheikh Zayed City,None,Apartment,Residential,Rent
https://remax.com.eg/property/fully-furnished-apartment-for-rent-zed-towers-8950,3,3,170,"EGP 80,000",470.59,"- , Egypt",None,None,None,Apartment,Residential,Rent
https://remax.com.eg/property/furnished-office-for-rent-in-al-karma-4-mall-zayed-8949,0,3,132,"EGP 50,000",378.79,"Sheikh Zayed City - Giza , Egypt",Giza,Sheikh Zayed City,None,Apartment,Residential,Rent
https://remax.com.eg/property/furnished-apartment-170m-for-rent-in-el-mostathmir-7752,3,2,170,"EGP 25,000",147.06,"Sheikh Zayed City - Giza , Egypt",Giza,Sheikh Zayed City,None,Apartment,Residential,Rent
https://remax.com.eg/property/apartment-for-sale-mountain-view-icity-october-8954,2,2,130,"EGP 5,700,000",43846.15,"6 October City - Giza , Egypt",Giza,6 October City,None,Apartment,Residential,Sale
https://remax.com.eg/property/furnished-apartment-in-dar-misr-16th-district-8947,3,2,130,"EGP 22,000",169.23,"Sheikh Zayed City - Giza , Egypt",Giza,Sheikh Zayed City,None,Apartment,Residential,Rent
https://remax.com.eg/property/furnished-apartment-for-rent-janna-zayed-2-8958,3,3,145,"EGP 28,000",193.1,"Sheikh Zayed City - Giza , Egypt",Giza,Sheikh Zayed City,None,Apartment,Residential,Rent
https://remax.com.eg/property/apartment-for-sale-cairo-university-compound-8955,2,1,90,"EGP 2,300,000",25555.56,"Sheikh Zayed City - Giza , Egypt",Giza,Sheikh Zayed City,None,Apartment,Residential,Sale
https://remax.com.eg/property/apartment-with-kitchen-and-acs-in-westown-sodic-8952,2,3,143,"EGP 40,000",279.72,"Sheikh Zayed City - Giza , Egypt",Giza,Sheikh Zayed City,None,Apartment,Residential,Rent
https://remax.com.eg/property/apartment-for-sale-145-sq-m-sidi-bishr-sidi-bishr-mosque-street-8956,3,2,145,"EGP 4,500,000",31034.48,"Hay Awal El Montazah - Alexandria , Egypt",Alexandria,Hay Awal El Montazah,None,Apartment,Residential,Sale
https://remax.com.eg/property/finished-apartment-in-dar-misr-12th-district-8939,3,2,130,"EGP 4,650,000",35769.23,"Sheikh Zayed City - Giza , Egypt",Giza,Sheikh Zayed City,None,Apartment,Residential,Sale
https://remax.com.eg/property/resale-apartment-for-sale-west-leaves-8941,2,2,120,"EGP 5,100,000",42500.0,"6 October City - Giza , Egypt",Giza,6 October City,None,Apartment,Residential,Sale
https://remax.com.eg/property/administrative-space-450m-for-rent-at-new-cairo-8936,0,2,500,"EGP 600,000",1200.0,"New Cairo City - Cairo , Egypt",Cairo,New Cairo City,None,Apartment,Residential,Rent
https://remax.com.eg/property/ivilla-roof-for-sale-mountain-view-icity-october-8943,3,3,190,"EGP 7,990,000",42052.63,"6 October City - Giza , Egypt",Giza,6 October City,None,Apartment,Residential,Sale
https://remax.com.eg/property/office-space-1000mfor-rent-near-arabella-plaza-8937,0,2,1000,"EGP 1,000,000",1000.0,"New Cairo City - Cairo , Egypt",Cairo,New Cairo City,None,Apartment,Residential,Rent
https://remax.com.eg/property/apartment-for-sale-150-sq-m-asafra-atlas-street-8946,3,2,150,"EGP 5,100,000",34000.0,"Hay Than El Montazah - Alexandria , Egypt",Alexandria,Hay Than El Montazah,None,Apartment,Residential,Sale
https://remax.com.eg/property/apartment-for-sale-mountain-view-icity-october-8938,2,2,120,"EGP 4,945,000",41208.33,"6 October City - Giza , Egypt",Giza,6 October City,None,Apartment,Residential,Sale
https://remax.com.eg/property/townhouse-for-sale-kayan-badr-el-din-8945,3,3,200,"EGP 9,500,000",47500.0,"Sheikh Zayed City - Giza , Egypt",Giza,Sheikh Zayed City,None,Apartment,Residential,Sale
https://remax.com.eg/property/apartment-for-sale-150-sq-m-miami-direct-sea-view-8940,3,2,150,"EGP 6,500,000",43333.33,"Hay Awal El Montazah - Alexandria , Egypt",Alexandria,Hay Awal El Montazah,None,Apartment,Residential,Sale
https://remax.com.eg/property/ground-apartment-with-garden-for-sale-kayan-8944,2,2,95,"EGP 4,800,000",50526.32,"Sheikh Zayed City - Giza , Egypt",Giza,Sheikh Zayed City,None,Apartment,Residential,Sale
https://remax.com.eg/property/apartment-for-sale-district-16-sheikh-zayed-8942,3,2,165,"EGP 4,300,000",26060.61,"Sheikh Zayed City - Giza , Egypt",Giza,Sheikh Zayed City,None,Apartment,Residential,Sale
https://remax.com.eg/property/office-for-rent-in-mivida-new-cairo-3150-sqm-prime-location-8935,0,2,3150,"EGP 4,725,000",1500.0,"New Cairo City - Cairo , Egypt",Cairo,New Cairo City,None,Apartment,Residential,Rent
https://remax.com.eg/property/typical-duplex-for-sale-in-village-gate-palm-hills-8924,3,3,210,"EGP 11,500,000",54761.9,"- , Egypt",None,None,None,Apartment,Residential,Rent
https://remax.com.eg/property/2br-apartment-in-badya-palm-hills-luxury-finishing-8926,2,2,147,"EGP 22,500",153.06,"6 October City - Giza , Egypt",Giza,6 October City,None,Apartment,Residential,Rent
https://remax.com.eg/property/for-rent-office-1570m-finished-with-acs-in-mivida-8933,0,2,1570,"EGP 2,355,000",1500.0,"New Cairo City - Cairo , Egypt",Cairo,New Cairo City,None,Apartment,Residential,Rent
https://remax.com.eg/property/prime-location-75m-clinic-in-sheikh-zayed-8348,0,1,75,"EGP 55,000",733.33,"Sheikh Zayed City - Giza , Egypt",Giza,Sheikh Zayed City,None,Apartment,Residential,Rent
https://remax.com.eg/property/duplex-for-sale-palm-villa-compound-8934,3,2,258,"EGP 8,000,000",31007.75,"6 October City - Giza , Egypt",Giza,6 October City,None,Apartment,Residential,Sale
https://remax.com.eg/property/quadro-villa-in-el-patio-zahraa-core-shell-8927,3,3,213,"EGP 14,750,000",69248.83,"Sheikh Zayed City - Giza , Egypt",Giza,Sheikh Zayed City,None,Apartment,Residential,Sale
https://remax.com.eg/property/unit-for-sale-in-marassem-lake-residence-phase-8925,1,1,52,"EGP 8,000,000",153846.15,"6 October City - Giza , Egypt",Giza,6 October City,None,Apartment,Residential,Rent
https://remax.com.eg/property/office-with-a-private-entrance-1250m-for-rent-8931,0,2,1250,"EGP 600,000",480.0,"New Cairo City - Cairo , Egypt",Cairo,New Cairo City,None,Apartment,Residential,Rent
https://remax.com.eg/property/apartment-for-sale-in-village-west-8928,3,3,164,"EGP 10,500,000",64024.39,"Sheikh Zayed City - Giza , Egypt",Giza,Sheikh Zayed City,None,Apartment,Residential,Sale
https://remax.com.eg/property/o-west-club-residence-premium-3-bedroom-apartment-8929,3,3,160,"EGP 10,018,640",62616.5,"6 October City - Giza , Egypt",Giza,6 October City,None,Apartment,Residential,None
https://remax.com.eg/property/administrative-office-for-rent-on-north-90th-stree-8930,0,2,580,"EGP 870,000",1500.0,"New Cairo City - Cairo , Egypt",Cairo,New Cairo City,None,Apartment,Residential,Rent
https://remax.com.eg/property/furnished-villa-for-rent-in-hadayek-el-mohandsen-4990,3,4,300,"EGP 60,000",200.0,"Sheikh Zayed City - Giza , Egypt",Giza,Sheikh Zayed City,None,Apartment,Residential,Rent
https://remax.com.eg/property/for-sale-corner-villa-tara-compound-8830,5,5,570,"EGP 45,000,000",78947.37,"Sheikh Zayed City - Giza , Egypt",Giza,Sheikh Zayed City,None,Apartment,Residential,Sale
https://remax.com.eg/property/clinic-80m-for-rent-in-meditown-new-giza-8920,0,1,80,"EGP 30,000",375.0,"6 October City - Giza , Egypt",Giza,6 October City,None,Apartment,Residential,Rent
https://remax.com.eg/property/apartment-for-sale-140-sq-m-montazah-sheraton-towers-8917,2,2,140,"EGP 7,500,000",53571.43,"Hay Than El Montazah - Alexandria , Egypt",Alexandria,Hay Than El Montazah,None,Apartment,Residential,Sale
https://remax.com.eg/property/administrative-office-for-rent-on-north-90th-street-8915,0,2,520,"EGP 754,000",1450.0,"New Cairo City - Cairo , Egypt",Cairo,New Cairo City,None,Apartment,Residential,Rent
https://remax.com.eg/property/administrative-office-for-rent-on-north-90th-stree-8914,0,2,860,"EGP 1,204,000",1400.0,"New Cairo City - Cairo , Egypt",Cairo,New Cairo City,None,Apartment,Residential,Rent
https://remax.com.eg/property/standalone-villa-for-sale-in-grand-heights-8921,6,6,410,"EGP 24,000,000",58536.59,"6 October City - Giza , Egypt",Giza,6 October City,None,Apartment,Residential,Sale
https://remax.com.eg/property/early-delivery-in-kayan-open-landscape-view-8919,2,2,95,"EGP 4,400,000",46315.79,"Sheikh Zayed City - Giza , Egypt",Giza,Sheikh Zayed City,None,Apartment,Residential,Sale
https://remax.com.eg/property/fully-finished-in-il-monte-galala-delivery-2027-8918,2,2,100,"EGP 5,500,000",55000.0,"Al Ain Al Sokhna - Suez , Egypt",Suez,Al Ain Al Sokhna,None,Apartment,Residential,Sale
https://remax.com.eg/property/administrative-office-for-rent-on-north-90th-street-8916,0,2,600,"EGP 480,000",800.0,"New Cairo City - Cairo , Egypt",Cairo,New Cairo City,None,Apartment,Residential,Rent
https://remax.com.eg/property/finished-apartment-with-garden-in-zed-west-7974,2,2,137,"EGP 10,511,515",76726.39,"Sheikh Zayed City - Giza , Egypt",Giza,Sheikh Zayed City,None,Apartment,Residential,Sale
https://remax.com.eg/property/i-villa-graden-kitchen-and-acs-best-price-8923,3,3,240,"EGP 38,000",158.33,"6 October City - Giza , Egypt",Giza,6 October City,None,Apartment,Residential,Rent
https://remax.com.eg/property/penthouse-for-sale-in-village-gardens-katamya-golden-square-8856,3,3,246,"EGP 12,500,000",50813.01,"- , Egypt",None,None,None,Apartment,Residential,Sale
https://remax.com.eg/property/apartment-for-sale-ready-to-move-in-badya-8909,3,2,177,"EGP 5,310,000",30000.0,"Sheikh Zayed City - Giza , Egypt",Giza,Sheikh Zayed City,None,Apartment,Residential,Sale
https://remax.com.eg/property/for-rent-finished-office-920m-in-cfc-8907,0,2,920,"EGP 2,378,200",2585.0,"New Cairo City - Cairo , Egypt",Cairo,New Cairo City,None,Apartment,Residential,Rent
https://remax.com.eg/property/townhouse-for-sale-chillout-park-mountain-view-8905,3,3,210,"EGP 12,403,000",59061.9,"6 October City - Giza , Egypt",Giza,6 October City,None,Apartment,Residential,Sale
https://remax.com.eg/property/apartment-for-sale-160-sq-m-ibrahimia-second-building-from-the-sea-8595,3,2,160,"EGP 6,500,000",40625.0,"Hay Than El Montazah - Alexandria , Egypt",Alexandria,Hay Than El Montazah,None,Apartment,Residential,Sale
https://remax.com.eg/property/for-rent-furnished-office-55m-on-south-90th-8908,0,2,55,"EGP 45,000",818.18,"New Cairo City - Cairo , Egypt",Cairo,New Cairo City,None,Apartment,Residential,Rent
https://remax.com.eg/property/for-rent-finished-office-580m-in-cfc-8903,0,2,580,"EGP 1,499,300",2585.0,"New Cairo City - Cairo , Egypt",Cairo,New Cairo City,None,Apartment,Residential,Rent
https://remax.com.eg/property/for-rent-finished-office-1120m-north-90-street-8912,0,2,1120,"EGP 1,960,000",1750.0,"New Cairo City - Cairo , Egypt",Cairo,New Cairo City,None,Apartment,Residential,Rent
https://remax.com.eg/property/for-rent-finished-office-1833m-in-cfc-8906,0,2,1833,"EGP 4,738,305",2585.0,"New Cairo City - Cairo , Egypt",Cairo,New Cairo City,None,Apartment,Residential,Rent
https://remax.com.eg/property/for-rent-furnished-office-1600m-north-90-street-8913,0,2,1600,"EGP 3,360,000",2100.0,"New Cairo City - Cairo , Egypt",Cairo,New Cairo City,None,Apartment,Residential,Rent
https://remax.com.eg/property/for-rent-finished-office-in-new-cairo-8911,0,2,170,"EGP 204,000",1200.0,"New Capital City - Cairo , Egypt",Cairo,New Capital City,None,Apartment,Residential,Rent
https://remax.com.eg/property/for-rent-finished-office-1484-m-in-cfc-8904,0,2,1484,"EGP 3,836,140",2585.0,"New Cairo City - Cairo , Egypt",Cairo,New Cairo City,None,Apartment,Residential,Rent
https://remax.com.eg/property/furnished-office-185m-for-rent-in-eastown-8910,0,2,185,"EGP 405,000",2189.19,"New Cairo City - Cairo , Egypt",Cairo,New Cairo City,None,Apartment,Residential,Rent
https://remax.com.eg/property/for-rent-finished-office-750-m-mohamed-naguib-axis-8898,0,2,750,"EGP 525,000",700.0,"New Cairo City - Cairo , Egypt",Cairo,New Cairo City,None,Apartment,Commercial,Rent
https://remax.com.eg/property/penthouse-for-sale-in-karma-residence-compound-8893,2,3,177,"EGP 8,000,000",45197.74,"Sheikh Zayed City - Giza , Egypt",Giza,Sheikh Zayed City,None,Apartment,Residential,Sale
https://remax.com.eg/property/for-rent-finished-office-350m-cairo-festival-city-8902,0,2,350,"EGP 904,750",2585.0,"New Cairo City - Cairo , Egypt",Cairo,New Cairo City,None,Apartment,Residential,Rent
https://remax.com.eg/property/modern-furnished-apartment-for-rent-zed-west-8894,2,2,105,"EGP 55,000",523.81,"Sheikh Zayed City - Giza , Egypt",Giza,Sheikh Zayed City,None,Apartment,Residential,Rent
https://remax.com.eg/property/cozy-ground-apartment-with-private-garden-8896,1,1,84,"EGP 4,630,000",55119.05,"6 October City - Giza , Egypt",Giza,6 October City,None,Apartment,Residential,Sale
https://remax.com.eg/property/middle-townhouse-ready-to-move-in-kayan-badr-el-din-8895,3,3,200,"EGP 11,000,000",55000.0,"Sheikh Zayed City - Giza , Egypt",Giza,Sheikh Zayed City,None,Apartment,Residential,None
https://remax.com.eg/property/twin-house-with-kitchen-acs-in-patio-al-zahraa-8892,4,5,245,"EGP 75,000",306.12,"Sheikh Zayed City - Giza , Egypt",Giza,Sheikh Zayed City,None,Apartment,Residential,Rent
https://remax.com.eg/property/operating-pharmacy-in-prime-sheikh-zayed-location-8890,0,0,60,"EGP 18,000,000",300000.0,"Sheikh Zayed City - Giza , Egypt",Giza,Sheikh Zayed City,None,Apartment,Residential,Sale
https://remax.com.eg/property/penthouse-with-private-roof-in-جامعة-القاهرة-8891,3,3,191,"EGP 5,500,000",28795.81,"Sheikh Zayed City - Giza , Egypt",Giza,Sheikh Zayed City,None,Apartment,Residential,None
https://remax.com.eg/property/fully-finished-apartment-at-old-price-in-cred-8901,3,3,166,"EGP 8,000,000",48192.77,"6 October City - Giza , Egypt",Giza,6 October City,None,Apartment,Residential,Sale
https://remax.com.eg/property/for-rent-finished-office-1100m-mohamed-naguib-axis-8900,0,2,1100,"EGP 440,000",400.0,"New Cairo City - Cairo , Egypt",Cairo,New Cairo City,None,Apartment,Residential,Rent
https://remax.com.eg/property/for-rent-finished-office-1050m-mohamed-naguib-axis-8899,0,2,1050,"EGP 472,500",450.0,"New Cairo City - Cairo , Egypt",Cairo,New Cairo City,None,Apartment,Commercial,Rent
https://remax.com.eg/property/apartment-in-vye-sodic-new-zayed-ready-to-move-8846,2,2,108,"EGP 6,440,000",59629.63,"Sheikh Zayed City - Giza , Egypt",Giza,Sheikh Zayed City,None,Apartment,Residential,Sale
https://remax.com.eg/property/furnished-garden-apartment-in-forty-west-sodic-8850,3,3,250,"EGP 85,000",340.0,"Sheikh Zayed City - Giza , Egypt",Giza,Sheikh Zayed City,None,Apartment,Residential,Rent
https://remax.com.eg/property/apartment-for-sale-in-regents-park-compound-8854,2,2,140,"EGP 10,350,000",73928.57,"- , Egypt",None,None,None,Apartment,Residential,Sale
https://remax.com.eg/property/for-sale-ultra-modern-apartment-in-green-5-october-8847,2,3,208,"EGP 8,000,000",38461.54,"6 October City - Giza , Egypt",Giza,6 October City,None,Apartment,Residential,Sale
https://remax.com.eg/property/land-for-sale-721-sqm-in-beit-el-watan-8841,0,0,721,"EGP 14,000,000",19417.48,"New Cairo City - Cairo , Egypt",Cairo,New Cairo City,None,Apartment,Residential,Sale
https://remax.com.eg/property/luxury-twin-house-for-sale-soleya-by-inertia-8889,4,6,408,"EGP 17,500,000",42892.16,"6 October City - Giza , Egypt",Giza,6 October City,None,Apartment,Residential,Sale
https://remax.com.eg/property/land-for-sale-669-sqm-in-beit-el-watan-8839,0,0,669,"EGP 13,800,000",20627.8,"New Cairo City - Cairo , Egypt",Cairo,New Cairo City,None,Apartment,Residential,Sale
https://remax.com.eg/property/middle-townhouse-in-mena-garden-city-8852,4,3,300,"EGP 44,000",146.67,"6 October City - Giza , Egypt",Giza,6 October City,None,Apartment,Residential,Rent
https://remax.com.eg/property/luxurious-apartment-211m-for-rent-in-zed-west-8757,3,3,211,"EGP 70,000",331.75,"Sheikh Zayed City - Giza , Egypt",Giza,Sheikh Zayed City,None,Apartment,Residential,Rent
https://remax.com.eg/property/fully-furnished-apartment-in-janna-zayed-1-prime-location-8848,3,2,130,"EGP 26,000",200.0,"Sheikh Zayed City - Giza , Egypt",Giza,Sheikh Zayed City,None,Apartment,Residential,Rent
https://remax.com.eg/property/twin-house-in-vye-new-zayed-prime-location-8845,4,4,238,"EGP 25,300,000",106302.52,"Sheikh Zayed City - Giza , Egypt",Giza,Sheikh Zayed City,None,Apartment,Residential,Sale
https://remax.com.eg/property/land-for-sale-737-sqm-in-beit-el-watan-8840,0,0,737,"EGP 15,000,000",20352.78,"New Cairo City - Cairo , Egypt",Cairo,New Cairo City,None,Apartment,Residential,Sale
https://remax.com.eg/property/corner-land-for-sale-in-beit-el-watan-first-district-726-sqm-8822,0,0,726,"EGP 15,000,000",20661.16,"New Cairo City - Cairo , Egypt",Cairo,New Cairo City,None,Apartment,Residential,Sale
https://remax.com.eg/property/land-for-sale-in-beit-el-watan-fourth-district-603-sqm-8824,0,0,603,"EGP 160,000",265.34,"New Cairo City - Cairo , Egypt",Cairo,New Cairo City,None,Apartment,Residential,Sale
https://remax.com.eg/property/furnished-apartment-in-kayan-badr-el-din-prime-location-8828,3,2,130,"EGP 30,000",230.77,"Sheikh Zayed City - Giza , Egypt",Giza,Sheikh Zayed City,None,Apartment,Residential,Rent
https://remax.com.eg/property/apartment-for-sale-with-a-stunning-view-of-al-mirghani-palace-545-sq-m-saba-pasha-first-row-from-the-sea-price-23000000-egp-cash-including-furniture-appliances-and-2-parking-spaces-8832,6,5,545,"EGP 23,000,000",42201.83,"Hay Sharq - Alexandria , Egypt",Alexandria,Hay Sharq,None,Apartment,Residential,Sale
https://remax.com.eg/property/land-for-sale-670-sqm-in-beit-el-watan-8836,0,0,670,"EGP 15,000,000",22388.06,"New Cairo City - Cairo , Egypt",Cairo,New Cairo City,None,Apartment,Residential,Sale
https://remax.com.eg/property/furnished-apartment-for-rent-in-dar-misr-16-zayed-8138,3,3,130,"EGP 25,000",192.31,"Sheikh Zayed City - Giza , Egypt",Giza,Sheikh Zayed City,None,Apartment,Residential,Rent
https://remax.com.eg/property/furnished-apartment-for-rent-jannah-zayed-2-8247,3,2,130,"EGP 25,000",192.31,"Sheikh Zayed City - Giza , Egypt",Giza,Sheikh Zayed City,None,Apartment,Residential,Rent
https://remax.com.eg/property/land-for-sale-in-beit-el-watan-fifth-district-675-sqm-8823,0,0,675,"EGP 15,000,000",22222.22,"New Cairo City - Cairo , Egypt",Cairo,New Cairo City,None,Apartment,Residential,Sale
https://remax.com.eg/property/land-for-sale-in-beit-el-watan-third-district-661-sqm-8825,0,0,661,"EGP 13,500,000",20423.6,"New Cairo City - Cairo , Egypt",Cairo,New Cairo City,None,Apartment,Residential,Sale
https://remax.com.eg/property/land-for-sale-675-sqm-in-beit-el-watan-8837,0,0,675,"EGP 14,000,000",20740.74,"New Cairo City - Cairo , Egypt",Cairo,New Cairo City,None,Apartment,Residential,Rent
https://remax.com.eg/property/land-for-sale-670-sqm-in-beit-el-watan-8838,0,0,670,"EGP 14,000,000",20895.52,"New Cairo City - Cairo , Egypt",Cairo,New Cairo City,None,Apartment,Residential,Sale
https://remax.com.eg/property/shop-in-silver-gate-overlooking-the-plaza-8833,0,0,50,"EGP 40,000",800.0,"Sheikh Zayed City - Giza , Egypt",Giza,Sheikh Zayed City,None,Apartment,Commercial,Rent
https://remax.com.eg/property/garana-villa-for-rent-8812,3,2,500,"EGP 840,000",1680.0,"6 October City - Giza , Egypt",Giza,6 October City,None,Apartment,Residential,Rent
https://remax.com.eg/property/sky-loft-duplex-in-new-giza-kings-range-8813,3,3,350,"EGP 29,000,000",82857.14,"6 October City - Giza , Egypt",Giza,6 October City,None,Apartment,Residential,Sale
https://remax.com.eg/property/apartment-in-first-district-october-behind-wadi-degla-club-8810,2,2,145,"EGP 3,840,000",26482.76,"6 October City - Giza , Egypt",Giza,6 October City,None,Apartment,Residential,Sale
https://remax.com.eg/property/furnished-apartment-for-rent-in-kayanprime-living-8472,2,2,130,"EGP 34,000",261.54,"Sheikh Zayed City - Giza , Egypt",Giza,Sheikh Zayed City,None,Apartment,Residential,Rent
https://remax.com.eg/property/for-rent-fully-finished-clinic-in-kazan-mall-8816,2,1,64,"EGP 30,000",468.75,"6 October City - Giza , Egypt",Giza,6 October City,None,Apartment,Residential,Rent
https://remax.com.eg/property/ultra-lux-apartment-in-mountain-view-i-city-october-8811,3,2,145,"EGP 29,500",203.45,"6 October City - Giza , Egypt",Giza,6 October City,None,Apartment,Residential,Rent
https://remax.com.eg/property/luxury-upper-duplex-in-the-crown-palm-hills-8814,4,6,230,"EGP 65,000",282.61,"6 October City - Giza , Egypt",Giza,6 October City,None,Apartment,Residential,Rent
https://remax.com.eg/property/finished-standalone-villa-in-pyramids-walk-october-8815,4,5,410,"EGP 17,000,000",41463.41,"6 October City - Giza , Egypt",Giza,6 October City,None,Apartment,Residential,Sale
https://remax.com.eg/property/corner-apartment-in-owest-core-landscape-view-8819,2,2,116,"EGP 7,900,000",68103.45,"6 October City - Giza , Egypt",Giza,6 October City,None,Apartment,Residential,Sale
https://remax.com.eg/property/land-for-sale-in-new-cairo-beit-el-watan-third-district-bahary-on-garden-8820,0,0,794,"EGP 15,000,000",18891.69,"New Cairo City - Cairo , Egypt",Cairo,New Cairo City,None,Apartment,Commercial,Sale
https://remax.com.eg/property/residential-land-for-sale-in-beit-el-watan-third-district-670-sqm-8821,0,0,670,"EGP 14,000,000",20895.52,"New Cairo City - Cairo , Egypt",Cairo,New Cairo City,None,Apartment,Residential,Sale
https://remax.com.eg/property/ground-chalet-in-cali-coast-2026-8818,2,3,102,"EGP 6,000,000",58823.53,"Ras Al Hekma - North Coast , Egypt",North Coast,Ras Al Hekma,None,Apartment,Residential,Sale
https://remax.com.eg/property/prime-location-apartment-in-october-plaza-sodic-8803,3,3,188,"EGP 38,000",202.13,"6 October City - Giza , Egypt",Giza,6 October City,None,Apartment,Residential,Rent
https://remax.com.eg/property/apartment-for-sale-300m-furnished-in-heliopolis-8809,3,3,300,"EGP 12,000,000",40000.0,"Heliopolis - Cairo , Egypt",Cairo,Heliopolis,None,Apartment,Residential,Sale
https://remax.com.eg/property/furnished-studio-for-rent-in-kayan-compound-8800,1,1,27,"EGP 18,000",666.67,"Sheikh Zayed City - Giza , Egypt",Giza,Sheikh Zayed City,None,Apartment,Residential,Rent
https://remax.com.eg/property/first-use-furnished-apartment-for-rent-palm-parks-8551,2,1,90,"EGP 43,000",477.78,"6 October City - Giza , Egypt",Giza,6 October City,None,Apartment,Residential,Rent
https://remax.com.eg/property/for-sale-3bed-apartment-in-zizinia-new-cairo-8808,3,3,200,"EGP 8,500,000",42500.0,"New Cairo City - Cairo , Egypt",Cairo,New Cairo City,None,Apartment,Commercial,Rent
https://remax.com.eg/property/apartment-for-sale-in-al-nozha-egypt-8806,3,2,180,"EGP 6,000,000",33333.33,"El Nozha - Cairo , Egypt",Cairo,El Nozha,None,Apartment,Residential,Sale
https://remax.com.eg/property/apartment-for-sale-furnished-in-nasr-city-8807,3,3,230,"EGP 6,000,000",26086.96,"Nasr City - Cairo , Egypt",Cairo,Nasr City,None,Apartment,Residential,Sale
https://remax.com.eg/property/furnished-apartment-for-rent-in-dar-misr-16th-district-8805,3,3,140,"EGP 32,000",228.57,"Sheikh Zayed City - Giza , Egypt",Giza,Sheikh Zayed City,None,Apartment,Residential,Rent
https://remax.com.eg/property/finished-apartment-installments-ready-to-move-zed-4540,3,3,211,"EGP 12,000,000",56872.04,"Sheikh Zayed City - Giza , Egypt",Giza,Sheikh Zayed City,None,Apartment,Residential,Rent
https://remax.com.eg/property/furnished-apartment-for-rent-in-7th-district-7919,3,2,135,"EGP 30,000",222.22,"Sheikh Zayed City - Giza , Egypt",Giza,Sheikh Zayed City,None,Apartment,Residential,Rent
https://remax.com.eg/property/middle-townhouse-in-mountain-view-i-city-8796,3,3,185,"EGP 10,500,000",56756.76,"6 October City - Giza , Egypt",Giza,6 October City,None,Apartment,Residential,Sale
https://remax.com.eg/property/resale-i-villa-graden-in-mountain-view-chill-out-8017,4,4,280,"EGP 11,000,000",39285.71,"6 October City - Giza , Egypt",Giza,6 October City,None,Apartment,Residential,Sale
https://remax.com.eg/property/fully-finished-apartment-in-new-giza-8792,2,3,173,"EGP 14,750,000",85260.12,"6 October City - Giza , Egypt",Giza,6 October City,None,Apartment,Residential,Sale
https://remax.com.eg/property/corner-townhouse-in-zayed-dunes-8787,3,3,350,"EGP 75,000",214.29,"Sheikh Zayed City - Giza , Egypt",Giza,Sheikh Zayed City,None,Apartment,Residential,Rent
https://remax.com.eg/property/finished-office-for-sale-8785,0,2,153,"EGP 20,835,000",136176.47,"New Cairo City - Cairo , Egypt",Cairo,New Cairo City,None,Apartment,Residential,Sale
https://remax.com.eg/property/building-of-950-square-meters-in-the-al-azhar-are-8793,0,0,950,"EGP 120,000,000",126315.79,"Al Azhar - Cairo , Egypt",Cairo,Al Azhar,None,Apartment,Commercial,None
https://remax.com.eg/property/middle-loft-for-sale-in-ivoire-8779,3,4,232,"EGP 10,973,600",47300.0,"Sheikh Zayed City - Giza , Egypt",Giza,Sheikh Zayed City,None,Apartment,Residential,Sale
https://remax.com.eg/property/fully-finished-apartment-in-october-plaza-8788,3,3,220,"EGP 11,000,000",50000.0,"6 October City - Giza , Egypt",Giza,6 October City,None,Apartment,Residential,Sale
https://remax.com.eg/property/a-fully-built-building-with-administrative-and-commercial-license-for-sale-8784,0,5,2750,"EGP 120,000,000",43636.36,"New Cairo City - Cairo , Egypt",Cairo,New Cairo City,None,Apartment,Commercial,Sale
https://remax.com.eg/property/commercial-building-in-the-fifth-settleme-for-sale-8783,0,0,9000,"EGP 750,000,000",83333.33,"New Cairo City - Cairo , Egypt",Cairo,New Cairo City,None,Apartment,Commercial,Sale
https://remax.com.eg/property/a-dministrative-building-for-sale-first-settlement-new-cairo-8791,0,0,3700,"EGP 360,000,000",97297.3,"New Cairo City - Cairo , Egypt",Cairo,New Cairo City,None,Apartment,Residential,Rent
https://remax.com.eg/property/for-sale-commercial-building-in-fifth-settlement-8782,0,0,5500,"EGP 480,000,000",87272.73,"New Cairo City - Cairo , Egypt",Cairo,New Cairo City,None,Apartment,Commercial,Sale
https://remax.com.eg/property/luxury-twin-house-for-sale-in-grand-heights-8786,5,4,297,"EGP 18,000,000",60606.06,"6 October City - Giza , Egypt",Giza,6 October City,None,Apartment,Residential,Sale
https://remax.com.eg/property/for-sale-office-181m-in-90th-north-street-8790,0,2,181,"EGP 27,840,000",153812.15,"New Cairo City - Cairo , Egypt",Cairo,New Cairo City,None,Apartment,Commercial,Sale
https://remax.com.eg/property/apartment-for-rent-in-october-plaza-8768,2,2,157,"EGP 28,000",178.34,"6 October City - Giza , Egypt",Giza,6 October City,None,Apartment,Residential,Rent
https://remax.com.eg/property/fully-furnished-villa-for-rent-in-new-cairo-studio-3-bedroom-apartment-duplex-el-shouyfat-8765,9,9,1000,"USD 8,000",8.0,"New Cairo City - Cairo , Egypt",Cairo,New Cairo City,None,Apartment,Residential,Rent
https://remax.com.eg/property/apartment-for-sale-in-vye-ready-to-move-8775,2,2,120,"EGP 8,400,000",70000.0,"Sheikh Zayed City - Giza , Egypt",Giza,Sheikh Zayed City,None,Apartment,Residential,Sale
https://remax.com.eg/property/apartment-for-sale-189-sq-m-sporting-steps-from-the-sea-8776,3,3,189,"EGP 6,993,000",37000.0,"Hay Sharq - Alexandria , Egypt",Alexandria,Hay Sharq,None,Apartment,Residential,Rent
https://remax.com.eg/property/villa-for-sale-in-al-yasmine-8778,7,9,950,"EGP 28,500,000",30000.0,"Sheikh Zayed City - Giza , Egypt",Giza,Sheikh Zayed City,None,Apartment,Residential,Sale
https://remax.com.eg/property/fully-licensed-commercial-office-building-for-sale-in-heliopolis-prime-location-2100-sqm-8767,0,6,2100,"EGP 200,000,000",95238.1,"Heliopolis - Cairo , Egypt",Cairo,Heliopolis,None,Apartment,Commercial,Sale
https://remax.com.eg/property/ground-apartment-for-rent-in-kayan-compound-8766,3,2,130,"EGP 27,000",207.69,"Sheikh Zayed City - Giza , Egypt",Giza,Sheikh Zayed City,None,Apartment,Residential,Rent
https://remax.com.eg/property/apartment-for-rent-in-8th-district-sheikh-zayed-8769,3,2,200,"EGP 45,000",225.0,"Sheikh Zayed City - Giza , Egypt",Giza,Sheikh Zayed City,None,Apartment,Residential,Rent
https://remax.com.eg/property/apartment-for-rent-in-zayed-dunes-8764,3,3,198,"EGP 37,000",186.87,"Sheikh Zayed City - Giza , Egypt",Giza,Sheikh Zayed City,None,Apartment,Residential,Rent
https://remax.com.eg/property/apartment-at-aeon-towers-6418,1,1,103,"EGP 11,500,000",111650.49,"Sheikh Zayed City - Giza , Egypt",Giza,Sheikh Zayed City,None,Apartment,Residential,None
https://remax.com.eg/property/standalone-villa-for-sale-in-aswar-compound-golden-square-new-cairo-8770,5,5,650,"EGP 39,000,000",60000.0,"New Cairo City - Cairo , Egypt",Cairo,New Cairo City,None,Apartment,Residential,Sale
https://remax.com.eg/property/luxury-villa-for-rent-in-grand-heights-compound-8774,5,5,345,"EGP 65,000",188.41,"6 October City - Giza , Egypt",Giza,6 October City,None,Apartment,Residential,Rent
https://remax.com.eg/property/penthouse-for-rent-in-zayed-dunes-8478,3,3,200,"EGP 40,000",200.0,"Sheikh Zayed City - Giza , Egypt",Giza,Sheikh Zayed City,None,Apartment,Residential,Rent
https://remax.com.eg/property/finished-garden-apartment-in-marville-new-zayed-8710,2,2,118,"EGP 11,200,000",94915.25,"Sheikh Zayed City - Giza , Egypt",Giza,Sheikh Zayed City,None,Apartment,Residential,Sale
https://remax.com.eg/property/400m-apartment-for-rent-in-west-somid-8294,5,4,400,"EGP 25,000",62.5,"6 October City - Giza , Egypt",Giza,6 October City,None,Apartment,Residential,Rent
https://remax.com.eg/property/apartment-available-in-the-16th-district-of-sheikh-zayed-8448,2,1,100,"EGP 23,000",230.0,"Sheikh Zayed City - Giza , Egypt",Giza,Sheikh Zayed City,None,Apartment,Residential,Rent
https://remax.com.eg/property/private-single-villa-8735,5,4,850,"EGP 32,000,000",37647.06,"Shorouk City - Cairo , Egypt",Cairo,Shorouk City,None,Apartment,Residential,Rent
https://remax.com.eg/property/apartment-for-rent-in-aeon-towers-8482,2,3,173,"EGP 85,000",491.33,"6 October City - Giza , Egypt",Giza,6 October City,None,Apartment,Residential,Rent
https://remax.com.eg/property/apartment-for-rent-at-hadayek-el-mohandessin-8504,2,2,122,"EGP 30,000",245.9,"Sheikh Zayed City - Giza , Egypt",Giza,Sheikh Zayed City,None,Apartment,Residential,Rent
https://remax.com.eg/property/finished-middle-townhouse-in-al-karma-residence-8762,4,4,220,"EGP 14,500,000",65909.09,"Sheikh Zayed City - Giza , Egypt",Giza,Sheikh Zayed City,None,Apartment,Residential,Sale
https://remax.com.eg/property/shop-for-rent-in-silver-gate-mall-sheikh-zayed-8509,0,1,93,"EGP 65,000",698.92,"Sheikh Zayed City - Giza , Egypt",Giza,Sheikh Zayed City,None,Apartment,Residential,Rent
https://remax.com.eg/property/luxury-apartment-in-el-mostathmir-el-saghir-8759,3,2,165,"EGP 5,800,000",35151.52,"Sheikh Zayed City - Giza , Egypt",Giza,Sheikh Zayed City,None,Apartment,Residential,Sale
https://remax.com.eg/property/apartment-140m-for-sale-in-loran-zahrat-aflatoun-street-8760,3,2,140,"EGP 5,000,000",35714.29,"Hay Sharq - Alexandria , Egypt",Alexandria,Hay Sharq,None,Apartment,Residential,Rent
https://remax.com.eg/property/a-prime-rental-opportunity-in-sheikh-zayed-8758,4,2,350,"EGP 30,000",85.71,"Sheikh Zayed City - Giza , Egypt",Giza,Sheikh Zayed City,None,Apartment,Residential,Rent
https://remax.com.eg/property/ground-apartment-for-rent-in-city-view-8750,2,2,156,"EGP 33,000",211.54,"6 October City - Giza , Egypt",Giza,6 October City,None,Apartment,Residential,Rent
https://remax.com.eg/property/studio-for-rent-in-dreamland-fully-furnished-8046,1,1,70,"EGP 19,000",271.43,"6 October City - Giza , Egypt",Giza,6 October City,None,Apartment,Residential,Rent
https://remax.com.eg/property/standalone-villa-for-sale-in-continental-gardens-8741,4,5,311,"EGP 25,000,000",80385.85,"Sheikh Zayed City - Giza , Egypt",Giza,Sheikh Zayed City,None,Apartment,Residential,Sale
https://remax.com.eg/property/ground-apartment-for-sale-in-city-view-8749,2,2,156,"EGP 8,500,000",54487.18,"6 October City - Giza , Egypt",Giza,6 October City,None,Apartment,Residential,Sale
https://remax.com.eg/property/office-clinic-for-rent-in-the-gate-plaza-mall-8747,2,1,70,"EGP 56,000",800.0,"Sheikh Zayed City - Giza , Egypt",Giza,Sheikh Zayed City,None,Apartment,Residential,Rent
https://remax.com.eg/property/office-for-rent-in-al-moez-plaza-mall-8748,1,1,52,"EGP 22,000",423.08,"Sheikh Zayed City - Giza , Egypt",Giza,Sheikh Zayed City,None,Apartment,Residential,Rent
https://remax.com.eg/property/apartment-for-sale-in-one33-compound-8746,3,3,171,"EGP 6,960,000",40701.75,"6 October City - Giza , Egypt",Giza,6 October City,None,Apartment,Residential,Sale
https://remax.com.eg/property/ultra-super-lux-apartment-at-the-estates-residence-8742,3,3,198,"EGP 16,000,000",80808.08,"Sheikh Zayed City - Giza , Egypt",Giza,Sheikh Zayed City,None,Apartment,Residential,None
https://remax.com.eg/property/super-lux-apartment-in-al-khamayel-amazing-view-8751,3,2,172,"EGP 5,500,000",31976.74,"Sheikh Zayed City - Giza , Egypt",Giza,Sheikh Zayed City,None,Apartment,Residential,Sale
https://remax.com.eg/property/fully-furnished-office-in-beverly-hills-8000,2,1,80,"EGP 23,000",287.5,"Sheikh Zayed City - Giza , Egypt",Giza,Sheikh Zayed City,None,Apartment,Residential,Rent
https://remax.com.eg/property/dental-clinic-for-rent-in-new-giza-meditown-8753,2,1,80,"EGP 40,000",500.0,"6 October City - Giza , Egypt",Giza,6 October City,None,Apartment,Residential,Rent
https://remax.com.eg/property/furnished-apartment-for-rent-in-degla-palms-8186,3,2,180,"EGP 18,000",100.0,"6 October City - Giza , Egypt",Giza,6 October City,None,Apartment,Residential,Rent
https://remax.com.eg/property/apartment-for-rent-in-8th-district-8738,3,1,124,"EGP 15,000",120.97,"Sheikh Zayed City - Giza , Egypt",Giza,Sheikh Zayed City,None,Apartment,Residential,Rent
https://remax.com.eg/property/apartment-for-rent-at-zed-west-8727,3,4,186,"EGP 444,000",2387.1,"Sheikh Zayed City - Giza , Egypt",Giza,Sheikh Zayed City,None,Apartment,Residential,Rent
https://remax.com.eg/property/apartment-with-direct-lake-view-in-garden-hills-8732,3,3,200,"EGP 4,000,000",20000.0,"6 October City - Giza , Egypt",Giza,6 October City,None,Apartment,Residential,None
https://remax.com.eg/property/corner-townhouse-for-sale-in-kayan-compound-8737,3,3,200,"EGP 11,039,000",55195.0,"Sheikh Zayed City - Giza , Egypt",Giza,Sheikh Zayed City,None,Apartment,Residential,Sale
https://remax.com.eg/property/studio-for-rent-october-plaza-prime-location-8739,1,1,45,"EGP 20,000",444.44,"6 October City - Giza , Egypt",Giza,6 October City,None,Apartment,Residential,Rent
https://remax.com.eg/property/for-rent-shop-in-a-plaza-front-view-8730,0,0,30,"EGP 20,000",666.67,"Sheikh Zayed City - Giza , Egypt",Giza,Sheikh Zayed City,None,Apartment,Commercial,Rent
https://remax.com.eg/property/prime-apartment-for-sale-in-psr-zed-west-8725,3,4,188,"EGP 14,500,000",77127.66,"Sheikh Zayed City - Giza , Egypt",Giza,Sheikh Zayed City,None,Apartment,Residential,Sale
https://remax.com.eg/property/penthouse-in-kayan-prime-landscape-view-8733,3,2,120,"EGP 5,700,000",47500.0,"Sheikh Zayed City - Giza , Egypt",Giza,Sheikh Zayed City,None,Apartment,Residential,Sale
https://remax.com.eg/property/for-sale-apartment-in-zayed-heights-8736,3,2,250,"EGP 7,000,000",28000.0,"Sheikh Zayed City - Giza , Egypt",Giza,Sheikh Zayed City,None,Apartment,Residential,Sale
https://remax.com.eg/property/furnished-duplex-with-garden-in-casa-sodic-8726,3,4,245,"EGP 70,000",285.71,"Sheikh Zayed City - Giza , Egypt",Giza,Sheikh Zayed City,None,Apartment,Residential,Rent
https://remax.com.eg/property/finished-apartment-for-sale-in-karmell-sodic-rtm-8654,2,2,123,"EGP 8,600,000",69918.7,"Sheikh Zayed City - Giza , Egypt",Giza,Sheikh Zayed City,None,Apartment,Residential,Sale
https://remax.com.eg/property/for-rent-standalone-villa-in-nyoum-great-price-8728,3,4,450,"EGP 30,000",66.67,"6 October City - Giza , Egypt",Giza,6 October City,None,Apartment,Residential,Rent
https://remax.com.eg/property/serviced-apartment-for-rent-at-cfc-8720,2,2,150,"USD 64,800",432.0,"New Cairo City - Cairo , Egypt",Cairo,New Cairo City,None,Apartment,Residential,Rent
https://remax.com.eg/property/serviced-apartment-for-rent-at-cfc-8721,3,2,160,"USD 82,800",517.5,"New Cairo City - Cairo , Egypt",Cairo,New Cairo City,None,Apartment,Residential,Rent
https://remax.com.eg/property/serviced-villa-for-rent-at-cfc-8715,4,2,250,"USD 180,000",720.0,"New Cairo City - Cairo , Egypt",Cairo,New Cairo City,None,Apartment,Residential,Rent
https://remax.com.eg/property/administrative-building-with-3-floors-for-rent-8712,0,5,3500,"EGP 19,080,000",5451.43,"New Cairo City - Cairo , Egypt",Cairo,New Cairo City,None,Apartment,Residential,Rent
https://remax.com.eg/property/serviced-apartment-for-rent-at-cfc-8718,2,2,140,"USD 64,800",462.86,"New Cairo City - Cairo , Egypt",Cairo,New Cairo City,None,Apartment,Residential,Rent
https://remax.com.eg/property/whole-building-for-rent-first-settlement-new-cairo-8722,0,16,3700,"EGP 33,000,000",8918.92,"New Cairo City - Cairo , Egypt",Cairo,New Cairo City,None,Apartment,Residential,Rent
https://remax.com.eg/property/for-rent-duplex-apartment-220-sqm-in-maadi-8724,3,3,220,"USD 24,000",109.09,"Hay El Maadi - Cairo , Egypt",Cairo,Hay El Maadi,None,Apartment,Residential,Rent
https://remax.com.eg/property/duplex-for-rent-at-zamalek-8716,2,3,250,"USD 90,000",360.0,"Zamalek - Cairo , Egypt",Cairo,Zamalek,None,Apartment,Residential,Rent
https://remax.com.eg/property/artment-for-sale-120-sq-m-bolkly-damietta-street-8671,2,1,120,"EGP 3,900,000",32500.0,"Hay Sharq - Alexandria , Egypt",Alexandria,Hay Sharq,None,Apartment,Residential,Sale
https://remax.com.eg/property/serviced-apartment-for-rent-at-cfc-8717,2,1,140,"USD 61,200",437.14,"New Cairo City - Cairo , Egypt",Cairo,New Cairo City,None,Apartment,Residential,Rent
https://remax.com.eg/property/serviced-villa-for-rent-at-cfc-500-per-day-8713,4,3,250,"USD 180,000",720.0,"New Cairo City - Cairo , Egypt",Cairo,New Cairo City,None,Apartment,Residential,Rent
https://remax.com.eg/property/furnished-apartment-in-zed-landscape-view-8714,3,3,160,"EGP 75,000",468.75,"Sheikh Zayed City - Giza , Egypt",Giza,Sheikh Zayed City,None,Apartment,Residential,None
https://remax.com.eg/property/for-rent-fully-furnished-apartment-in-eastown-8708,3,4,200,"EGP 1,080,000",5400.0,"New Cairo City - Cairo , Egypt",Cairo,New Cairo City,None,Apartment,Commercial,Rent
https://remax.com.eg/property/for-rent-administrative-building-2600m-on-90-stree-8709,20,7,2600,"EGP 46,800,000",18000.0,"New Cairo City - Cairo , Egypt",Cairo,New Cairo City,None,Apartment,Residential,Rent
https://remax.com.eg/property/for-sale-standalone-villa-in-el-shorouk1-compound-8703,8,6,324,"EGP 17,000,000",52469.14,"Shorouk City - Cairo , Egypt",Cairo,Shorouk City,None,Apartment,Residential,Sale
https://remax.com.eg/property/for-rent-villa-with-private-pool-in-arabella-8700,7,8,1100,"USD 72,000",65.45,"New Cairo City - Cairo , Egypt",Cairo,New Cairo City,None,Apartment,Commercial,Rent
https://remax.com.eg/property/semi-furnished-apartment-for-rent-in-hyde-park-8707,2,2,140,"EGP 420,000",3000.0,"New Cairo City - Cairo , Egypt",Cairo,New Cairo City,None,Apartment,Residential,Rent
https://remax.com.eg/property/administrative-f-building-9000m-for-rent-8711,0,20,9000,"EGP 135,000,000",15000.0,"New Cairo City - Cairo , Egypt",Cairo,New Cairo City,None,Apartment,Residential,Rent
https://remax.com.eg/property/for-rent-building-for-a-car-maintenance-center-8702,20,10,4500,"EGP 24,000,000",5333.33,"Mokattam - Cairo , Egypt",Cairo,Mokattam,None,Apartment,Commercial,Rent
https://remax.com.eg/property/office-in-smart-village-prime-location-good-finishing-8705,2,0,74,"EGP 50,000",675.68,"6 October City - Giza , Egypt",Giza,6 October City,None,Apartment,Residential,Rent
https://remax.com.eg/property/apartment-in-amberville-new-giza-8706,4,4,241,"EGP 60,000",248.96,"6 October City - Giza , Egypt",Giza,6 October City,None,Apartment,Residential,Rent
https://remax.com.eg/property/hotel-apartment-stodio-for-rent-in-al-jazi-8701,1,2,90,"EGP 1,200,000",13333.33,"New Cairo City - Cairo , Egypt",Cairo,New Cairo City,None,Apartment,Commercial,Rent
https://remax.com.eg/property/furnished-villa-standalone-for-rent-in-madinaty-8704,3,4,257,"EGP 1,800,000",7003.89,"Madinaty - Cairo , Egypt",Cairo,Madinaty,None,Apartment,Commercial,Rent
https://remax.com.eg/property/for-rent-4bed-finished-villa-in-layan-compound-8697,4,6,450,"EGP 1,200,000",2666.67,"New Cairo City - Cairo , Egypt",Cairo,New Cairo City,None,Apartment,Residential,Rent
https://remax.com.eg/property/furnished-apartment-for-rent-in-8th-district-8679,1,1,165,"EGP 50,000",303.03,"Sheikh Zayed City - Giza , Egypt",Giza,Sheikh Zayed City,None,Apartment,Residential,Rent
https://remax.com.eg/property/semi-furnished-apartment-for-rent-in-eastown-8695,3,3,187,"USD 24,000",128.34,"New Cairo City - Cairo , Egypt",Cairo,New Cairo City,None,Apartment,Commercial,Rent
https://remax.com.eg/property/furnished-penthouse-for-rent-new-giza-8685,3,3,205,"EGP 85,000",414.63,"6 October City - Giza , Egypt",Giza,6 October City,None,Apartment,Residential,Rent
https://remax.com.eg/property/resale-apartment-for-sale-in-zayed-dunes-8683,2,2,149,"EGP 7,500,000",50335.57,"Sheikh Zayed City - Giza , Egypt",Giza,Sheikh Zayed City,None,Apartment,Residential,Sale
https://remax.com.eg/property/for-rent-apartment-kitchen-and-acs-in-al-banafseg-8688,3,2,210,"EGP 3,000,000",14285.71,"New Cairo City - Cairo , Egypt",Cairo,New Cairo City,None,Apartment,Residential,Rent
https://remax.com.eg/property/ground-apartment-for-sale-in-west-somid-8682,3,3,330,"EGP 11,000,000",33333.33,"6 October City - Giza , Egypt",Giza,6 October City,None,Apartment,Residential,Sale
https://remax.com.eg/property/villa-for-sale-in-mountain-view-4-8681,4,4,297,"EGP 21,500,000",72390.57,"6 October City - Giza , Egypt",Giza,6 October City,None,Apartment,Residential,Sale
https://remax.com.eg/property/furnished-apartment-for-rent-in-5th-district-8678,3,2,165,"EGP 40,000",242.42,"Sheikh Zayed City - Giza , Egypt",Giza,Sheikh Zayed City,None,Apartment,Residential,Rent
https://remax.com.eg/property/semi-furnished-villa-for-rent-in-bellagio-8694,4,4,360,"EGP 1,440,000",4000.0,"New Cairo City - Cairo , Egypt",Cairo,New Cairo City,None,Apartment,Commercial,Rent
https://remax.com.eg/property/fully-finished-apartment-west-viewready-to-move-8691,3,2,130,"EGP 6,994,000",53800.0,"Sheikh Zayed City - Giza , Egypt",Giza,Sheikh Zayed City,None,Apartment,Residential,None
https://remax.com.eg/property/corner-penthouse-in-sodic-october-plaza-8686,3,3,164,"EGP 11,500,000",70121.95,"6 October City - Giza , Egypt",Giza,6 October City,None,Apartment,Residential,Sale
https://remax.com.eg/property/furnished-penthouse-for-rent-new-giza-8684,3,4,280,"EGP 90,000",321.43,"6 October City - Giza , Egypt",Giza,6 October City,None,Apartment,Residential,Rent
https://remax.com.eg/property/luxury-finishing-twinhouse-with-pool-in-greens-7734,5,4,303,"EGP 22,500,000",74257.43,"Sheikh Zayed City - Giza , Egypt",Giza,Sheikh Zayed City,None,Apartment,Residential,Sale
https://remax.com.eg/property/garana-villa-for-rent-8668,4,4,400,"EGP 1,200,000",3000.0,"6 October City - Giza , Egypt",Giza,6 October City,None,Apartment,Residential,Rent
https://remax.com.eg/property/serviced-apartment-for-sale-at-arkan-palm-205-8664,3,4,193,"EGP 23,160,000",120000.0,"Sheikh Zayed City - Giza , Egypt",Giza,Sheikh Zayed City,None,Apartment,Residential,Sale
https://remax.com.eg/property/spacious-apartment-for-rent-in-diar-2-compound-8672,3,3,240,"EGP 25,000",104.17,"6 October City - Giza , Egypt",Giza,6 October City,None,Apartment,Residential,Rent
https://remax.com.eg/property/apartment-for-sale-100-sq-m-asafra-ahmed-tayseer-street-8667,3,1,100,"EGP 2,100,000",21000.0,"Hay Than El Montazah - Alexandria , Egypt",Alexandria,Hay Than El Montazah,None,Apartment,Residential,Sale
https://remax.com.eg/property/furnished-studio-in-westown-sodic-8663,1,1,27,"EGP 22,000",814.81,"Sheikh Zayed City - Giza , Egypt",Giza,Sheikh Zayed City,None,Apartment,Residential,Rent
https://remax.com.eg/property/shop-for-sale-or-rent-70-sq-m-sidi-bishr-direct-sea-view-8661,0,1,70,"EGP 45,000",642.86,"Hay Awal El Montazah - Alexandria , Egypt",Alexandria,Hay Awal El Montazah,None,Apartment,Residential,Rent
https://remax.com.eg/property/semi-finished-corner-townhouse-in-kayan-8666,3,3,200,"EGP 10,500,000",52500.0,"Sheikh Zayed City - Giza , Egypt",Giza,Sheikh Zayed City,None,Apartment,Residential,None
https://remax.com.eg/property/apartment-for-sale-140-m²-sporting-steps-from-the-sea-8670,3,2,140,"EGP 5,180,000",37000.0,"Hay Sharq - Alexandria , Egypt",Alexandria,Hay Sharq,None,Apartment,Residential,Rent
https://remax.com.eg/property/prime-location-twinhouse-with-kitchen-and-acs-8662,4,4,359,"EGP 22,000,000",61281.34,"Sheikh Zayed City - Giza , Egypt",Giza,Sheikh Zayed City,None,Apartment,Residential,Sale
https://remax.com.eg/property/semi-finished-apartment-for-sale-in-badya-5145,1,1,99,"EGP 3,200,000",32323.23,"Sheikh Zayed City - Giza , Egypt",Giza,Sheikh Zayed City,None,Apartment,Residential,Sale
https://remax.com.eg/property/garana-villa-for-sale-8669,4,4,400,"EGP 30,000,000",75000.0,"6 October City - Giza , Egypt",Giza,6 October City,None,Apartment,Residential,Rent
https://remax.com.eg/property/semi-finished-penthouse-in-kayan-type-f-8649,2,2,95,"EGP 5,000,000",52631.58,"Sheikh Zayed City - Giza , Egypt",Giza,Sheikh Zayed City,None,Apartment,Residential,Sale
https://remax.com.eg/property/178m-apartment-for-rent-in-badya-palm-hills-8651,3,3,178,"EGP 20,000",112.36,"6 October City - Giza , Egypt",Giza,6 October City,None,Apartment,Residential,Rent
https://remax.com.eg/property/apartment-fully-furnished-for-rent-in-jannah-zayed-1-8656,3,2,130,"EGP 33,000",253.85,"- , Egypt",None,None,None,Apartment,Residential,Rent
https://remax.com.eg/property/200-m-apartment-for-sale-rushdy-abdel-hamid-el-abbadi-street-5191,3,2,200,"EGP 7,500,000",37500.0,"Hay Sharq - Alexandria , Egypt",Alexandria,Hay Sharq,None,Apartment,Residential,Sale
https://remax.com.eg/property/finished-apartment-badya-palm-hills-ready-to-move-8650,3,3,178,"EGP 7,000,000",39325.84,"6 October City - Giza , Egypt",Giza,6 October City,None,Apartment,Residential,Sale
https://remax.com.eg/property/prime-location-clinic-80sqm-in-meditown-7757,0,1,80,"EGP 22,000",275.0,"6 October City - Giza , Egypt",Giza,6 October City,None,Apartment,Residential,Rent
https://remax.com.eg/property/luxury-quadro-for-rent-in-patio-al-zahraa-8655,4,4,213,"EGP 75,000",352.11,"Sheikh Zayed City - Giza , Egypt",Giza,Sheikh Zayed City,None,Apartment,Residential,Rent
https://remax.com.eg/property/semi-furnished-apartment-205m-in-westown-sodic-8653,3,3,205,"EGP 17,000,000",82926.83,"Sheikh Zayed City - Giza , Egypt",Giza,Sheikh Zayed City,None,Apartment,Residential,Sale
https://remax.com.eg/property/chalet-for-sale-315-sq-m-with-garden-price-includes-furniture-and-appliances-8647,3,2,315,"EGP 11,000,000",34920.63,"Sidi Abdel Rahman - North Coast , Egypt",North Coast,Sidi Abdel Rahman,None,Apartment,Residential,Rent
https://remax.com.eg/property/green-heights-twin-house-for-sale-8587,5,5,500,"EGP 28,000,000",56000.0,"6 October City - Giza , Egypt",Giza,6 October City,None,Apartment,Residential,Sale
https://remax.com.eg/property/semi-furnished-apartment-in-casa-sodic-best-price-8652,2,2,120,"EGP 7,500,000",62500.0,"Sheikh Zayed City - Giza , Egypt",Giza,Sheikh Zayed City,None,Apartment,Residential,Sale
https://remax.com.eg/property/spacious-apartment-for-rent-in-diar-2-8660,3,3,240,"EGP 25,000",104.17,"6 October City - Giza , Egypt",Giza,6 October City,None,Apartment,Residential,Rent
https://remax.com.eg/property/studio-for-rent-in-aeon-towers-fully-furnished-8638,1,1,85,"EGP 65,000",764.71,"6 October City - Giza , Egypt",Giza,6 October City,None,Apartment,Residential,Rent
https://remax.com.eg/property/fully-furnished-apartment-for-rent-kenz-compound-8632,2,1,135,"EGP 21,000",155.56,"6 October City - Giza , Egypt",Giza,6 October City,None,Apartment,Residential,Rent
https://remax.com.eg/property/i-villa-with-garden-for-rent-in-mountain-view-chillout-8645,4,4,250,"EGP 75,000",300.0,"6 October City - Giza , Egypt",Giza,6 October City,None,Apartment,Residential,Rent
https://remax.com.eg/property/furnished-apartment-for-rent-in-hadayek-el-mohandeseen-8628,2,2,125,"EGP 28,000",224.0,"Sheikh Zayed City - Giza , Egypt",Giza,Sheikh Zayed City,None,Apartment,Residential,Rent
https://remax.com.eg/property/apartment-for-sale-in-the-estates-fully-finished-8639,3,4,209,"EGP 16,000,000",76555.02,"Sheikh Zayed City - Giza , Egypt",Giza,Sheikh Zayed City,None,Apartment,Residential,Sale
https://remax.com.eg/property/sky-loft-for-sale-in-zed-compound-8644,2,3,168,"EGP 15,940,000",94880.95,"Sheikh Zayed City - Giza , Egypt",Giza,Sheikh Zayed City,None,Apartment,Commercial,Sale
https://remax.com.eg/property/luxurious-twinhouse-for-sale-in-greens-compound-8575,4,4,297,"EGP 23,000,000",77441.08,"Sheikh Zayed City - Giza , Egypt",Giza,Sheikh Zayed City,None,Apartment,Residential,Sale
https://remax.com.eg/property/furnished-ground-apartment-in-hadyek-el-mohandseen-8637,2,2,150,"EGP 150,000",1000.0,"Sheikh Zayed City - Giza , Egypt",Giza,Sheikh Zayed City,None,Apartment,Residential,Rent
https://remax.com.eg/property/apartment-in-courtyard-aeon-ready-to-move-8633,3,5,232,"EGP 16,500,000",71120.69,"6 October City - Giza , Egypt",Giza,6 October City,None,Apartment,Residential,None
https://remax.com.eg/property/garana-villa-for-rent-8641,3,3,250,"EGP 600,000",2400.0,"6 October City - Giza , Egypt",Giza,6 October City,None,Apartment,Residential,Rent
https://remax.com.eg/property/city-view-penthouse-for-sale-8627,3,3,240,"EGP 15,000,000",62500.0,"6 October City - Giza , Egypt",Giza,6 October City,None,Apartment,Residential,Sale
https://remax.com.eg/property/soleya-penthouse-for-sale-8626,3,4,376,"EGP 15,000,000",39893.62,"6 October City - Giza , Egypt",Giza,6 October City,None,Apartment,Residential,Sale
https://remax.com.eg/property/etapa-townhouse-for-sale-8625,3,2,313,"EGP 12,500,000",39936.1,"Sheikh Zayed City - Giza , Egypt",Giza,Sheikh Zayed City,None,Apartment,Residential,Sale
https://remax.com.eg/property/apartment-for-sale-in-seyaheya-ready-to-move-8617,2,3,170,"EGP 6,400,000",37647.06,"6 October City - Giza , Egypt",Giza,6 October City,None,Apartment,Residential,Sale
https://remax.com.eg/property/villa-for-sale-in-badya-under-market-price-8610,4,7,275,"EGP 23,000,000",83636.36,"Sheikh Zayed City - Giza , Egypt",Giza,Sheikh Zayed City,None,Apartment,Residential,Sale
https://remax.com.eg/property/ground-apartment-for-sale-in-the-village-8609,2,2,150,"EGP 8,700,000",58000.0,"New Cairo City - Cairo , Egypt",Cairo,New Cairo City,None,Apartment,Residential,Sale
https://remax.com.eg/property/apartment-for-sale-in-the-address-compound-8621,2,1,112,"EGP 7,000,000",62500.0,"Sheikh Zayed City - Giza , Egypt",Giza,Sheikh Zayed City,None,Apartment,Residential,Sale
https://remax.com.eg/property/first-use-furnished-apartment-in-badya-palm-hills-7983,1,1,84,"EGP 25,000",297.62,"6 October City - Giza , Egypt",Giza,6 October City,None,Apartment,Residential,Rent
https://remax.com.eg/property/corner-townhouse-for-sale-in-badya-palm-hills-8608,3,4,194,"EGP 10,450,000",53865.98,"Sheikh Zayed City - Giza , Egypt",Giza,Sheikh Zayed City,None,Apartment,Residential,Sale
https://remax.com.eg/property/apartment-for-sale-in-lugar-for-gates-new-zayed-8622,2,2,115,"EGP 4,260,000",37043.48,"Sheikh Zayed City - Giza , Egypt",Giza,Sheikh Zayed City,None,Apartment,Residential,Sale
https://remax.com.eg/property/apartment-for-sale-in-naia-west-without-over-8619,3,3,155,"EGP 9,570,000",61741.94,"Sheikh Zayed City - Giza , Egypt",Giza,Sheikh Zayed City,None,Apartment,Residential,Sale
https://remax.com.eg/property/semi-furnished-standalone-in-october-hills-best-price-8487,4,4,400,"EGP 65,000",162.5,"6 October City - Giza , Egypt",Giza,6 October City,None,Apartment,Residential,Rent
https://remax.com.eg/property/officeclinic-in-trivium-mall-fully-finished-8620,1,1,54,"EGP 40,000",740.74,"Sheikh Zayed City - Giza , Egypt",Giza,Sheikh Zayed City,None,Apartment,Residential,Rent
https://remax.com.eg/property/apartment-220-m-for-sale-in-saba-pasha-khalil-matran-street-8601,4,2,220,"EGP 8,000,000",36363.64,"Hay Sharq - Alexandria , Egypt",Alexandria,Hay Sharq,None,Apartment,Residential,Sale
https://remax.com.eg/property/apartment-in-badya-palm-hills-ready-to-move-8603,3,3,176,"EGP 6,100,000",34659.09,"Sheikh Zayed City - Giza , Egypt",Giza,Sheikh Zayed City,None,Apartment,Residential,Sale
https://remax.com.eg/property/apartment-for-sale-215-m²-saba-pasha-khalil-matran-street-8607,3,3,215,"EGP 7,200,000",33488.37,"Hay Sharq - Alexandria , Egypt",Alexandria,Hay Sharq,None,Apartment,Residential,Sale
https://remax.com.eg/property/for-rent-fully-finished-administrative-office-space-of-920-sqm-in-cairo-festival-city-fifth-settlement-new-cairo-administrative-license-area-920-8582,0,2,919,"EGP 2,378,200",2587.81,"New Cairo City - Cairo , Egypt",Cairo,New Cairo City,None,Apartment,Commercial,Rent
https://remax.com.eg/property/apartment-for-sale-in-mandara-steps-from-the-sea-8597,3,2,165,"EGP 5,500,000",33333.33,"Hay Than El Montazah - Alexandria , Egypt",Alexandria,Hay Than El Montazah,None,Apartment,Residential,Sale
https://remax.com.eg/property/for-rent-fully-finished-administrative-office-1833-sqm-in-cairo-festival-city-fifth-settlement-new-cairo-administrative-license-area-1833-sqm-8581,0,2,1833,"EGP 4,738,305",2585.0,"New Cairo City - Cairo , Egypt",Cairo,New Cairo City,None,Apartment,Commercial,Rent
https://remax.com.eg/property/furnished-apartment-for-rent-110-m-gamal-abdel-nasser-next-to-al-sharif-markets-3575,3,1,110,"EGP 13,000",118.18,"Hay Than El Montazah - Alexandria , Egypt",Alexandria,Hay Than El Montazah,None,Apartment,Residential,Rent
https://remax.com.eg/property/finished-apartment-122m-in-hadayek-mohandsen-8600,3,2,122,"EGP 5,500,000",45081.97,"Sheikh Zayed City - Giza , Egypt",Giza,Sheikh Zayed City,None,Apartment,Residential,Sale
https://remax.com.eg/property/luxury-fully-finished-villa-for-sale-in-al-yasmine-8481,7,7,750,"EGP 25,000,000",33333.33,"Sheikh Zayed City - Giza , Egypt",Giza,Sheikh Zayed City,None,Apartment,Residential,Sale
https://remax.com.eg/property/ground-apartment-in-7th-district-private-entrance-8588,4,2,185,"EGP 30,000",162.16,"Sheikh Zayed City - Giza , Egypt",Giza,Sheikh Zayed City,None,Apartment,Residential,Rent
https://remax.com.eg/property/175sqm-semi-finished-apartment-in-diar-compound-8592,3,2,175,"EGP 4,000,000",22857.14,"6 October City - Giza , Egypt",Giza,6 October City,None,Apartment,Residential,Sale
https://remax.com.eg/property/twinhouse-in-joulz-compound-sheikh-zayed-7819,4,5,347,"EGP 17,000,000",48991.35,"6 October City - Giza , Egypt",Giza,6 October City,None,Apartment,Residential,Sale
https://remax.com.eg/property/semi-furnished-apartment-for-rent-in-zayed-2000-8591,3,2,190,"EGP 30,000",157.89,"Sheikh Zayed City - Giza , Egypt",Giza,Sheikh Zayed City,None,Apartment,Residential,Rent
https://remax.com.eg/property/townhouse-for-sale-in-etapa-ready-to-move-8569,4,4,275,"EGP 15,500,000",56363.64,"Sheikh Zayed City - Giza , Egypt",Giza,Sheikh Zayed City,None,Apartment,Residential,Sale
https://remax.com.eg/property/for-rent-fully-finished-ground-floor-administrative-office-space-750-square-meters-on-mohamed-naguib-axis-fifth-settlement-new-cairo-fully-admin-8573,0,2,750,"EGP 525,000",700.0,"New Cairo City - Cairo , Egypt",Cairo,New Cairo City,None,Apartment,Commercial,Rent
https://remax.com.eg/property/finished-middle-townhouse-in-continental-residence-8572,4,4,169,"EGP 13,000,000",76923.08,"Sheikh Zayed City - Giza , Egypt",Giza,Sheikh Zayed City,None,Apartment,Residential,Sale
https://remax.com.eg/property/for-rent-fully-finished-administrative-headquarters-1484-sqm-in-cairo-festival-city-fifth-settlement-new-cairo-administrative-license-area-148-8580,0,2,1484,"EGP 3,836,140",2585.0,"New Cairo City - Cairo , Egypt",Cairo,New Cairo City,None,Apartment,Commercial,Rent
https://remax.com.eg/property/townhouse-for-sale-in-keeva-lowest-down-payment-8564,3,4,195,"EGP 9,441,000",48415.38,"6 October City - Giza , Egypt",Giza,6 October City,None,Apartment,Residential,Sale
https://remax.com.eg/property/for-rent-fully-finished-administrative-office-space-of-580-sqm-in-cairo-festival-city-fifth-settlement-new-cairo-administrative-license-area-580-8579,0,2,578,"EGP 1,499,300",2593.94,"New Cairo City - Cairo , Egypt",Cairo,New Cairo City,None,Apartment,Commercial,Rent
https://remax.com.eg/property/garden-apartment-october-plaza-sodic-amazing-view-7947,2,3,160,"EGP 6,800,000",42500.0,"6 October City - Giza , Egypt",Giza,6 October City,None,Apartment,Residential,Sale
https://remax.com.eg/property/for-rent-fully-finished-administrative-headquarters-1050-sqm-on-mohamed-naguib-axis-fifth-settlement-new-cairo-fully-administrative-building-are-8574,0,2,1050,"EGP 472,500",450.0,"New Cairo City - Cairo , Egypt",Cairo,New Cairo City,None,Apartment,Commercial,Rent
https://remax.com.eg/property/clinic-for-rent-in-central-avenue-8566,1,1,74,"EGP 70,000",945.95,"Sheikh Zayed City - Giza , Egypt",Giza,Sheikh Zayed City,None,Apartment,Residential,Rent
https://remax.com.eg/property/1-bedroom-apartment-in-zed-west-sheikh-zayed-8565,1,1,76,"EGP 5,637,500",74177.63,"Sheikh Zayed City - Giza , Egypt",Giza,Sheikh Zayed City,None,Apartment,Residential,None
https://remax.com.eg/property/for-rent-fully-finished-administrative-office-350-sqm-in-cairo-festival-city-fifth-settlement-new-cairo-administrative-license-area-350-square-8578,0,2,350,"EGP 904,750",2585.0,"New Cairo City - Cairo , Egypt",Cairo,New Cairo City,None,Apartment,Commercial,Rent
https://remax.com.eg/property/for-rent-fully-finished-administrative-headquarters-1100-square-meters-on-mohamed-naguib-axis-fifth-settlement-new-cairo-fully-administrative-bui-8576,0,2,1100,"EGP 440,000",400.0,"New Cairo City - Cairo , Egypt",Cairo,New Cairo City,None,Apartment,Commercial,Rent
https://remax.com.eg/property/apartment-in-october-plaza-with-landscape-view-8241,3,3,230,"EGP 55,000",239.13,"6 October City - Giza , Egypt",Giza,6 October City,None,Apartment,Residential,Rent
https://remax.com.eg/property/apartment-for-rent-in-nyoum-compound-october-8561,2,1,90,"EGP 25,000",277.78,"6 October City - Giza , Egypt",Giza,6 October City,None,Apartment,Residential,Rent
https://remax.com.eg/property/furnished-office-for-rent-in-park-st-sheikh-zayed-8552,0,0,65,"EGP 75,000",1153.85,"Sheikh Zayed City - Giza , Egypt",Giza,Sheikh Zayed City,None,Apartment,Residential,Rent
https://remax.com.eg/property/for-rent-ground-floor-administrative-headquarters-with-a-private-entrance-580-square-meters-in-a-licensed-administrative-building-finished-with-air-8557,0,2,580,"EGP 870,000",1500.0,"New Cairo City - Cairo , Egypt",Cairo,New Cairo City,None,Apartment,Residential,Rent
https://remax.com.eg/property/furnished-studio-at-zed-towers-sheikh-zayed-8550,1,1,70,"EGP 55,000",785.71,"Sheikh Zayed City - Giza , Egypt",Giza,Sheikh Zayed City,None,Apartment,Residential,None
https://remax.com.eg/property/fully-finished-standalone-villa-for-sale-in-o-west-8562,5,9,400,"EGP 50,000,000",125000.0,"6 October City - Giza , Egypt",Giza,6 October City,None,Apartment,Residential,Sale
https://remax.com.eg/property/for-sale-standalone-villa-in-el-shorouk1-compound-8553,8,6,324,"EGP 17,000,000",52469.14,"New Capital City - Cairo , Egypt",Cairo,New Capital City,None,Apartment,Commercial,Sale
https://remax.com.eg/property/for-rent-an-administrative-space-of-600-square-meters-in-a-fully-finished-administrative-building-with-air-conditioning-on-the-main-north-90th-street-8556,1,2,600,"EGP 480,000",800.0,"New Cairo City - Cairo , Egypt",Cairo,New Cairo City,None,Apartment,Residential,Rent
https://remax.com.eg/property/apartment-with-kitchen-and-acs-in-7th-district-8549,3,2,175,"EGP 6,000,000",34285.71,"Sheikh Zayed City - Giza , Egypt",Giza,Sheikh Zayed City,None,Apartment,Residential,Rent
https://remax.com.eg/property/administrative-headquarters-first-floor-finished-with-air-conditioning-on-the-main-north-90th-street-in-the-first-sector-8555,1,2,520,"EGP 754,000",1450.0,"New Cairo City - Cairo , Egypt",Cairo,New Cairo City,None,Apartment,Residential,Rent
https://remax.com.eg/property/for-rent-an-office-space-of-860-sqm-in-a-finished-administrative-building-with-air-conditioning-on-the-main-north-90th-street-8554,1,2,859,"EGP 1,204,000",1401.63,"New Cairo City - Cairo , Egypt",Cairo,New Cairo City,None,Apartment,Residential,Rent
https://remax.com.eg/property/for-rent-a-complete-administrative-building-of-2600-square-meters-fully-finished-with-air-conditioning-located-on-the-main-northern-90th-street-8558,1,2,2598,"EGP 3,900,000",1501.15,"New Cairo City - Cairo , Egypt",Cairo,New Cairo City,None,Apartment,Residential,Rent
https://remax.com.eg/property/garana-villa-for-rent-8525,5,5,450,"EGP 840,000",1866.67,"6 October City - Giza , Egypt",Giza,6 October City,None,Apartment,Residential,Rent
https://remax.com.eg/property/apartment-in-zed-psr-sheikh-zayed-high-floor-8537,2,2,144,"EGP 13,900,000",96527.78,"Sheikh Zayed City - Giza , Egypt",Giza,Sheikh Zayed City,None,Apartment,Residential,Sale
https://remax.com.eg/property/garana-villa-for-sale-8524,5,5,1000,"EGP 65,000,000",65000.0,"6 October City - Giza , Egypt",Giza,6 October City,None,Apartment,Residential,Sale
https://remax.com.eg/property/apartment-in-badya-palm-hills-kitchen-and-acs-8533,2,3,133,"EGP 20,000",150.38,"6 October City - Giza , Egypt",Giza,6 October City,None,Apartment,Residential,Rent
https://remax.com.eg/property/152m-finished-office-in-the-portal-sodic-8532,0,2,152,"EGP 150,000",986.84,"Sheikh Zayed City - Giza , Egypt",Giza,Sheikh Zayed City,None,Apartment,Residential,Rent
https://remax.com.eg/property/sky-loft-for-sale-in-mountain-view-icity-october-8536,4,4,145,"EGP 6,850,000",47241.38,"6 October City - Giza , Egypt",Giza,6 October City,None,Apartment,Residential,Sale
https://remax.com.eg/property/apartment-for-rent-in-8th-district-sheikh-zayed-8538,4,2,170,"EGP 35,000",205.88,"Sheikh Zayed City - Giza , Egypt",Giza,Sheikh Zayed City,None,Apartment,Residential,Rent
https://remax.com.eg/property/for-sale-villa-in-layan-compound-850m-semi-finished-8547,5,6,850,"EGP 55,000,000",64705.88,"- , Egypt",None,None,None,Apartment,Residential,Rent
https://remax.com.eg/property/for-rent-finished-apartment-in-garden-hills-8539,3,2,200,"EGP 16,000",80.0,"6 October City - Giza , Egypt",Giza,6 October City,None,Apartment,Residential,Rent
https://remax.com.eg/property/furnished-apartment-for-rent-in-garden-hills-8529,2,2,130,"EGP 33,000",253.85,"6 October City - Giza , Egypt",Giza,6 October City,None,Apartment,Residential,Rent
https://remax.com.eg/property/penthouse-for-rent-in-kayan-compound-8548,3,3,140,"EGP 27,500",196.43,"Sheikh Zayed City - Giza , Egypt",Giza,Sheikh Zayed City,None,Apartment,Residential,Rent
https://remax.com.eg/property/finished-standalone-with-kitchen-and-acs-in-greens-7679,4,4,400,"EGP 28,000,000",70000.0,"Sheikh Zayed City - Giza , Egypt",Giza,Sheikh Zayed City,None,Apartment,Residential,Sale
https://remax.com.eg/property/apartment-for-rent-in-a-prime-location-in-sun-capital-6th-of-october-8522,3,2,150,"EGP 33,000",220.0,"6 October City - Giza , Egypt",Giza,6 October City,None,Apartment,Residential,Rent
https://remax.com.eg/property/furnished-apartment-with-roof-in-zayed-dunes-8499,1,1,50,"EGP 25,000",500.0,"Sheikh Zayed City - Giza , Egypt",Giza,Sheikh Zayed City,None,Apartment,Residential,Rent
https://remax.com.eg/property/clinic-for-sale-with-pyramids-view-at-meditown-8513,2,1,80,"EGP 9,898,000",123725.0,"6 October City - Giza , Egypt",Giza,6 October City,None,Apartment,Residential,Rent
https://remax.com.eg/property/prime-location-ground-shop-in-sheikh-zayed-8497,0,0,72,"EGP 32,000",444.44,"Sheikh Zayed City - Giza , Egypt",Giza,Sheikh Zayed City,None,Apartment,Residential,None
https://remax.com.eg/property/prime-location-apartment-in-city-view-amazing-view-7965,2,3,144,"EGP 35,000",243.06,"6 October City - Giza , Egypt",Giza,6 October City,None,Apartment,Residential,Rent
https://remax.com.eg/property/luxurious-twinhouse-in-allegria-prime-location-8523,3,3,260,"EGP 35,000,000",134615.38,"Sheikh Zayed City - Giza , Egypt",Giza,Sheikh Zayed City,None,Apartment,Residential,Rent
https://remax.com.eg/property/prime-location-chalet-for-sale-at-playa-ghazala-8519,3,3,291,"EGP 18,000,000",61855.67,"Sidi Abdel Rahman - North Coast , Egypt",North Coast,Sidi Abdel Rahman,None,Apartment,Residential,Rent
https://remax.com.eg/property/double-view-apartment-for-sale-at-o-west-8521,3,4,180,"EGP 10,800,000",60000.0,"6 October City - Giza , Egypt",Giza,6 October City,None,Apartment,Residential,Rent
https://remax.com.eg/property/apartment-for-sale-at-green-6-6th-of-october-8514,2,2,121,"EGP 4,700,000",38842.98,"6 October City - Giza , Egypt",Giza,6 October City,None,Apartment,Residential,Rent
https://remax.com.eg/property/apartment-for-rent-in-the-north-touristic-prime-location-8498,3,2,140,"EGP 16,000",114.29,"6 October City - Giza , Egypt",Giza,6 October City,None,Apartment,Residential,Rent
https://remax.com.eg/property/apartment-for-sale-at-4th-touristic-6th-of-october-8515,3,3,357,"EGP 6,500,000",18207.28,"6 October City - Giza , Egypt",Giza,6 October City,None,Apartment,Residential,Rent
https://remax.com.eg/property/resale-garden-apartment-west-leaves-semi-finished-8500,1,1,75,"EGP 3,611,000",48146.67,"6 October City - Giza , Egypt",Giza,6 October City,None,Apartment,Residential,Rent
https://remax.com.eg/property/fully-finished-ground-duplex-in-casa-sodic-8489,3,3,234,"EGP 14,000,000",59829.06,"Sheikh Zayed City - Giza , Egypt",Giza,Sheikh Zayed City,None,Apartment,Residential,Sale
https://remax.com.eg/property/fully-eqquiped-dental-clinic-in-beverly-hills-8494,0,2,72,"EGP 35,000",486.11,"Sheikh Zayed City - Giza , Egypt",Giza,Sheikh Zayed City,None,Apartment,Residential,Rent
https://remax.com.eg/property/furnished-clinic-in-meditown-new-giza-best-offer-8495,0,1,80,"EGP 30,000",375.0,"6 October City - Giza , Egypt",Giza,6 October City,None,Apartment,Residential,Rent
https://remax.com.eg/property/finished-duplex-with-garden-in-casa-sodic-8010,3,3,234,"EGP 14,000,000",59829.06,"Sheikh Zayed City - Giza , Egypt",Giza,Sheikh Zayed City,None,Apartment,Residential,Sale
https://remax.com.eg/property/furnished-duplex-in-casa-sodic-amazing-view-8483,2,3,234,"EGP 60,000",256.41,"Sheikh Zayed City - Giza , Egypt",Giza,Sheikh Zayed City,None,Apartment,Residential,Rent
https://remax.com.eg/property/clinic-for-sale-in-sodic-medical-center-first-use-8490,1,0,45,"EGP 24,000",533.33,"Sheikh Zayed City - Giza , Egypt",Giza,Sheikh Zayed City,None,Apartment,Residential,Sale
https://remax.com.eg/property/twinhouse-in-nyoum-october-prime-location-8484,3,3,185,"EGP 9,000,000",48648.65,"6 October City - Giza , Egypt",Giza,6 October City,None,Apartment,Residential,Sale
https://remax.com.eg/property/apartment-for-rent-in-aeon-towers-8496,2,3,164,"EGP 65,000",396.34,"6 October City - Giza , Egypt",Giza,6 October City,None,Apartment,Residential,Rent
https://remax.com.eg/property/spacious-apartment-for-rent-in-october-plaza-8493,3,3,216,"EGP 40,000",185.19,"6 October City - Giza , Egypt",Giza,6 October City,None,Apartment,Residential,Rent
https://remax.com.eg/property/89m-clinic-in-sodic-medical-district-first-use-8491,2,0,89,"EGP 48,000",539.33,"Sheikh Zayed City - Giza , Egypt",Giza,Sheikh Zayed City,None,Apartment,Residential,None
https://remax.com.eg/property/prime-location-villa-in-hadayek-mohandsein-8465,4,4,300,"EGP 60,000",200.0,"Sheikh Zayed City - Giza , Egypt",Giza,Sheikh Zayed City,None,Apartment,Residential,Rent
https://remax.com.eg/property/prime-location-apartment-142m-in-badya-palm-hills-8488,2,3,142,"EGP 17,000",119.72,"6 October City - Giza , Egypt",Giza,6 October City,None,Apartment,Residential,Rent
https://remax.com.eg/property/furnished-apartment-for-rent-in-ashgar-city-8462,3,3,130,"EGP 20,000",153.85,"6 October City - Giza , Egypt",Giza,6 October City,None,Apartment,Residential,Rent
https://remax.com.eg/property/duplex-with-kitchen-and-acs-best-price-in-ruya-7681,4,4,325,"EGP 45,000",138.46,"6 October City - Giza , Egypt",Giza,6 October City,None,Apartment,Residential,Rent
https://remax.com.eg/property/ground-apartment-for-sale-in-nyoum-pool-view-8471,2,2,60,"EGP 2,350,000",39166.67,"6 October City - Giza , Egypt",Giza,6 October City,None,Apartment,Residential,Sale
https://remax.com.eg/property/apartment-for-sale-in-village-west-ready-to-move-8461,3,3,164,"EGP 11,121,250",67812.5,"Sheikh Zayed City - Giza , Egypt",Giza,Sheikh Zayed City,None,Apartment,Residential,Sale
https://remax.com.eg/property/duplex-in-hadayek-el-mohandeseen-sheikh-zayed-8467,3,2,180,"EGP 7,000,000",38888.89,"Sheikh Zayed City - Giza , Egypt",Giza,Sheikh Zayed City,None,Apartment,Residential,None
https://remax.com.eg/property/sun-roof-apartment-located-in-mountain-view-icity-8477,3,3,145,"EGP 6,000,000",41379.31,"6 October City - Giza , Egypt",Giza,6 October City,None,Apartment,Residential,None
https://remax.com.eg/property/apartment-for-rent-in-kayan-type-b-prime-location-8468,3,3,140,"EGP 23,000",164.29,"Sheikh Zayed City - Giza , Egypt",Giza,Sheikh Zayed City,None,Apartment,Residential,Rent
https://remax.com.eg/property/villa-in-lake-west-3-directly-on-waslet-dahshour-8469,4,4,296,"EGP 22,680,000",76621.62,"Sheikh Zayed City - Giza , Egypt",Giza,Sheikh Zayed City,None,Apartment,Residential,None
https://remax.com.eg/property/ivilla-roof-in-mountain-view-best-market-price-8460,4,5,270,"EGP 9,450,000",35000.0,"6 October City - Giza , Egypt",Giza,6 October City,None,Apartment,Residential,None
https://remax.com.eg/property/townhouse-corner-for-sale-in-lake-west-3-8470,4,4,255,"EGP 15,000,000",58823.53,"Sheikh Zayed City - Giza , Egypt",Giza,Sheikh Zayed City,None,Apartment,Residential,Sale
https://remax.com.eg/property/semi-furnished-apartment-in-jannah-october-8466,3,2,130,"EGP 30,000",230.77,"6 October City - Giza , Egypt",Giza,6 October City,None,Apartment,Residential,Rent
https://remax.com.eg/property/furnished-garden-apartment-one-16-prime-location-8464,3,3,180,"EGP 76,000",422.22,"Sheikh Zayed City - Giza , Egypt",Giza,Sheikh Zayed City,None,Apartment,Residential,Rent
https://remax.com.eg/property/resale-apartment-at-sun-capital-compound-4777,3,3,154,"EGP 5,000,000",32467.53,"6 October City - Giza , Egypt",Giza,6 October City,None,Apartment,Residential,Sale
https://remax.com.eg/property/furnished-apartment-in-palm-parks-open-view-8442,3,3,240,"EGP 50,000",208.33,"6 October City - Giza , Egypt",Giza,6 October City,None,Apartment,Residential,Rent
https://remax.com.eg/property/furnished-apartment-in-zayed-2000prime-location-8452,3,2,200,"EGP 38,000",190.0,"Sheikh Zayed City - Giza , Egypt",Giza,Sheikh Zayed City,None,Apartment,Residential,Rent
https://remax.com.eg/property/apartment-in-west-somid-open-garden-view-8433,3,3,265,"EGP 30,000",113.21,"6 October City - Giza , Egypt",Giza,6 October City,None,Apartment,Residential,None
https://remax.com.eg/property/finished-chalet-allura-stella-heights-installments-8446,3,2,162,"EGP 6,936,714",42819.22,"Al Alamein - North Coast , Egypt",North Coast,Al Alamein,None,Apartment,Residential,Sale
https://remax.com.eg/property/furnished-apartment-competitive-price-in-zed-west-8458,3,3,220,"EGP 70,000",318.18,"Sheikh Zayed City - Giza , Egypt",Giza,Sheikh Zayed City,None,Apartment,Residential,Rent
https://remax.com.eg/property/lagoon-front-luxury-chalet-for-sale-at-the-med-8459,3,3,175,"EGP 17,075,000",97571.43,"Ras Al Hekma - North Coast , Egypt",North Coast,Ras Al Hekma,None,Apartment,Residential,Sale
https://remax.com.eg/property/luxury-finishing-villa-for-rent-in-west-somid-8450,6,3,500,"EGP 65,000",130.0,"6 October City - Giza , Egypt",Giza,6 October City,None,Apartment,Residential,Rent
https://remax.com.eg/property/luxury-furnished-i-villa-in-mv-chill-out-8455,4,4,285,"EGP 65,000",228.07,"6 October City - Giza , Egypt",Giza,6 October City,None,Apartment,Residential,Rent
https://remax.com.eg/property/apartment-in-lugar-with-premium-amenities-8457,2,2,115,"EGP 6,500,000",56521.74,"Sheikh Zayed City - Giza , Egypt",Giza,Sheikh Zayed City,None,Apartment,Commercial,Sale
https://remax.com.eg/property/furnished-apartment-for-rent-in-joulzprime-living-8444,2,2,140,"EGP 45,000",321.43,"6 October City - Giza , Egypt",Giza,6 October City,None,Apartment,Residential,Rent
https://remax.com.eg/property/resale-apartment-for-sale-in-vye-sodic-open-view-8445,2,2,120,"EGP 6,900,000",57500.0,"Sheikh Zayed City - Giza , Egypt",Giza,Sheikh Zayed City,None,Apartment,Residential,Sale
https://remax.com.eg/property/apartment-for-sale-in-lugar-gates-new-zayed-8430,2,2,115,"EGP 7,830,000",68086.96,"Sheikh Zayed City - Giza , Egypt",Giza,Sheikh Zayed City,None,Apartment,Residential,Sale
https://remax.com.eg/property/ivilla-for-sale-in-mountain-view-icity-october-8431,3,3,180,"EGP 7,430,000",41277.78,"6 October City - Giza , Egypt",Giza,6 October City,None,Apartment,Residential,Sale
https://remax.com.eg/property/furnished-apartment-in-the-address-amazing-view-8424,3,2,112,"EGP 50,000",446.43,"Sheikh Zayed City - Giza , Egypt",Giza,Sheikh Zayed City,None,Apartment,Residential,Rent
https://remax.com.eg/property/twin-house-for-rent-in-golf-extension-8389,3,4,390,"EGP 135,000",346.15,"6 October City - Giza , Egypt",Giza,6 October City,None,Apartment,Residential,Rent
https://remax.com.eg/property/prime-location-penthouse-in-october-plaza-sodic-7249,3,3,243,"EGP 10,500,000",43209.88,"6 October City - Giza , Egypt",Giza,6 October City,None,Apartment,Residential,Sale
https://remax.com.eg/property/townhouse-for-sale-in-mountain-view-october-park-8415,4,4,287,"EGP 15,000,000",52264.81,"6 October City - Giza , Egypt",Giza,6 October City,None,Apartment,Residential,Sale
https://remax.com.eg/property/luxury-furnished-apartment-for-rent-in-zed-west-8420,3,3,161,"EGP 70,000",434.78,"Sheikh Zayed City - Giza , Egypt",Giza,Sheikh Zayed City,None,Apartment,Residential,Rent
https://remax.com.eg/property/apartment-for-sale-in-tulwa-owest-8256,3,3,195,"EGP 11,000,000",56410.26,"6 October City - Giza , Egypt",Giza,6 October City,None,Apartment,Residential,Sale
https://remax.com.eg/property/apartment-for-sale-in-karmell-8416,1,1,110,"EGP 7,600,000",69090.91,"Sheikh Zayed City - Giza , Egypt",Giza,Sheikh Zayed City,None,Apartment,Residential,Sale
https://remax.com.eg/property/furnished-apartment-140m-for-rent-in-green-3-8425,2,2,140,"EGP 55,000",392.86,"Sheikh Zayed City - Giza , Egypt",Giza,Sheikh Zayed City,None,Apartment,Residential,Rent
https://remax.com.eg/property/resale-apartment-for-sale-in-lugar-8427,3,3,145,"EGP 9,035,000",62310.34,"Sheikh Zayed City - Giza , Egypt",Giza,Sheikh Zayed City,None,Apartment,Residential,Sale
https://remax.com.eg/property/prime-location-furnished-dar-misr-16th-district-7035,3,1,135,"EGP 27,000",200.0,"Sheikh Zayed City - Giza , Egypt",Giza,Sheikh Zayed City,None,Apartment,Residential,Rent
https://remax.com.eg/property/apartment-for-rent-in-badya-palm-hills-8390,1,1,84,"EGP 23,000",273.81,"Sheikh Zayed City - Giza , Egypt",Giza,Sheikh Zayed City,None,Apartment,Residential,Rent
https://remax.com.eg/property/furnished-townhouse-for-rent-in-nyoum-october-8411,3,4,151,"EGP 35,000",231.79,"6 October City - Giza , Egypt",Giza,6 October City,None,Apartment,Residential,Rent
https://remax.com.eg/property/ground-floor-studio-for-sale-in-nyoum-8414,1,1,60,"EGP 1,600,000",26666.67,"6 October City - Giza , Egypt",Giza,6 October City,None,Apartment,Residential,Sale
https://remax.com.eg/property/fully-finished-apartment-in-o-west-prime-location-8399,3,3,177,"EGP 35,000",197.74,"6 October City - Giza , Egypt",Giza,6 October City,None,Apartment,Residential,Rent
https://remax.com.eg/property/office-at-al-guezira-plaza-7244,0,1,300,"EGP 36,000,000",120000.0,"Sheikh Zayed City - Giza , Egypt",Giza,Sheikh Zayed City,None,Apartment,Residential,Sale
https://remax.com.eg/property/3-bedroom-apartment-for-sale-in-janna-zayed-2-8404,3,3,140,"EGP 5,300,000",37857.14,"Sheikh Zayed City - Giza , Egypt",Giza,Sheikh Zayed City,None,Apartment,Residential,Sale
https://remax.com.eg/property/luxury-fully-finished-duplex-for-sale-in-masaya-8400,3,3,183,"EGP 12,156,650",66429.78,"Sidi Abdel Rahman - North Coast , Egypt",North Coast,Sidi Abdel Rahman,None,Apartment,Residential,Sale
https://remax.com.eg/property/furnished-apartment-for-rent-with-view-in-carnell-8401,2,3,196,"EGP 60,000",306.12,"6 October City - Giza , Egypt",Giza,6 October City,None,Apartment,Residential,Rent
https://remax.com.eg/property/ground-apartment-for-sale-in-px-palm-hills-8388,3,3,144,"EGP 19,770,000",137291.67,"6 October City - Giza , Egypt",Giza,6 October City,None,Apartment,Residential,Sale
https://remax.com.eg/property/duplex-for-rent-in-casa-8392,3,3,257,"EGP 70,000",272.37,"6 October City - Giza , Egypt",Giza,6 October City,None,Apartment,Residential,Rent
https://remax.com.eg/property/apartment-for-rent-in-district-16-sheikh-zayed-8267,3,3,180,"EGP 26,000",144.44,"Sheikh Zayed City - Giza , Egypt",Giza,Sheikh Zayed City,None,Apartment,Residential,Rent
https://remax.com.eg/property/villa-roof-for-sale-in-mountain-view-october-park-8413,3,3,344,"EGP 11,200,000",32558.14,"6 October City - Giza , Egypt",Giza,6 October City,None,Apartment,Residential,Sale
https://remax.com.eg/property/chalet-for-sale-in-cali-coast-8375,2,2,103,"EGP 7,795,800",75687.38,"Ras Al Hekma - North Coast , Egypt",North Coast,Ras Al Hekma,None,Apartment,Residential,Sale
https://remax.com.eg/property/roof-apartment-in-cali-coast-8380,3,2,14,"EGP 8,980,000",641428.57,"Ras Al Hekma - North Coast , Egypt",North Coast,Ras Al Hekma,None,Apartment,Residential,None
https://remax.com.eg/property/clinic-for-rent-in-centrada-plaza-8381,2,1,45,"EGP 47,500",1055.56,"6 October City - Giza , Egypt",Giza,6 October City,None,Apartment,Residential,Rent
https://remax.com.eg/property/apartment-for-sale-in-badya-palm-hills-8373,2,3,132,"EGP 5,500,000",41666.67,"Sheikh Zayed City - Giza , Egypt",Giza,Sheikh Zayed City,None,Apartment,Residential,Sale
https://remax.com.eg/property/apartment-for-sale-in-zed-8387,3,2,161,"EGP 11,800,000",73291.93,"Sheikh Zayed City - Giza , Egypt",Giza,Sheikh Zayed City,None,Apartment,Residential,Sale
https://remax.com.eg/property/fully-finished-apartment-for-sale-in-10th-district-8384,2,2,125,"EGP 3,650,000",29200.0,"Sheikh Zayed City - Giza , Egypt",Giza,Sheikh Zayed City,None,Apartment,Residential,Sale
https://remax.com.eg/property/apartment-for-sale-in-the-axis-8374,2,3,146,"EGP 5,050,000",34589.04,"6 October City - Giza , Egypt",Giza,6 October City,None,Apartment,Residential,Sale
https://remax.com.eg/property/penthouse-with-private-roof-in-vye-sodic-7739,3,3,108,"EGP 11,100,000",102777.78,"Sheikh Zayed City - Giza , Egypt",Giza,Sheikh Zayed City,None,Apartment,Residential,Sale
https://remax.com.eg/property/penthouse-in-zayed-dunes-with-open-roof-8227,4,4,248,"EGP 10,300,000",41532.26,"Sheikh Zayed City - Giza , Egypt",Giza,Sheikh Zayed City,None,Apartment,Residential,Sale
https://remax.com.eg/property/office-for-rent-in-central-avenue-8382,1,1,95,"EGP 95,000",1000.0,"Sheikh Zayed City - Giza , Egypt",Giza,Sheikh Zayed City,None,Apartment,Residential,Rent
https://remax.com.eg/property/office-space-for-rent-in-izar-mall-8385,0,0,75,"EGP 65,000",866.67,"6 October City - Giza , Egypt",Giza,6 October City,None,Apartment,Residential,Rent
https://remax.com.eg/property/apartment-for-sale-in-palm-parks-8383,3,3,170,"EGP 13,500,000",79411.76,"6 October City - Giza , Egypt",Giza,6 October City,None,Apartment,Residential,Sale
https://remax.com.eg/property/prime-shop-for-sale-in-five-five-mallsheikh-zayed-8058,0,0,80,"EGP 13,400,000",167500.0,"Sheikh Zayed City - Giza , Egypt",Giza,Sheikh Zayed City,None,Apartment,Residential,Rent
https://remax.com.eg/property/shop-for-rent-in-exit-14-mall-8369,0,0,150,"EGP 150,000",1000.0,"Sheikh Zayed City - Giza , Egypt",Giza,Sheikh Zayed City,None,Apartment,Residential,Rent
https://remax.com.eg/property/luxurious-twinhouse-villa-in-amwaj-north-coast-2904,4,4,194,"EGP 13,500,000",69587.63,"Sidi Abdel Rahman - North Coast , Egypt",North Coast,Sidi Abdel Rahman,None,Apartment,Residential,Sale
https://remax.com.eg/property/pyramids-hills-villa-for-sale-8362,4,4,1200,"USD 3,800,000",3166.67,"6 October City - Giza , Egypt",Giza,6 October City,None,Apartment,Residential,Sale
https://remax.com.eg/property/apartment-for-sale-fully-finished-in-16th-district-8368,2,2,205,"EGP 5,500,000",26829.27,"Sheikh Zayed City - Giza , Egypt",Giza,Sheikh Zayed City,None,Apartment,Residential,Sale
https://remax.com.eg/property/spacious-apartment-for-rent-in-zayed-2000-8367,3,3,190,"EGP 30,000",157.89,"Sheikh Zayed City - Giza , Egypt",Giza,Sheikh Zayed City,None,Apartment,Residential,Rent
https://remax.com.eg/property/luxury-i-villa-garden-in-mountain-view-chill-out-8052,4,4,286,"EGP 14,000,000",48951.05,"6 October City - Giza , Egypt",Giza,6 October City,None,Apartment,Residential,Sale
https://remax.com.eg/property/for-sale-city-view-villa-fully-finished-8370,6,7,1500,"EGP 155,000,000",103333.33,"6 October City - Giza , Egypt",Giza,6 October City,None,Apartment,Residential,Sale
https://remax.com.eg/property/fully-finished-apartment-for-sale-in-ashgar-city-8361,3,2,105,"EGP 3,200,000",30476.19,"6 October City - Giza , Egypt",Giza,6 October City,None,Apartment,Residential,Sale
https://remax.com.eg/property/luxury-townhouse-with-pool-in-greens-compound-8365,3,5,365,"EGP 100,000",273.97,"Sheikh Zayed City - Giza , Egypt",Giza,Sheikh Zayed City,None,Apartment,Residential,Rent
https://remax.com.eg/property/furnished-villa-for-rent-in-al-rabwa-8360,5,4,320,"EGP 100,000",312.5,"Sheikh Zayed City - Giza , Egypt",Giza,Sheikh Zayed City,None,Apartment,Residential,Rent
https://remax.com.eg/property/prime-location-apartment-badya-palm-hills-rtm-8298,3,3,172,"EGP 5,855,000",34040.7,"6 October City - Giza , Egypt",Giza,6 October City,None,Apartment,Residential,Sale
https://remax.com.eg/property/resale-fully-finished-apartment-in-badya-8359,2,3,145,"EGP 5,600,000",38620.69,"Sheikh Zayed City - Giza , Egypt",Giza,Sheikh Zayed City,None,Apartment,Residential,Sale
https://remax.com.eg/property/apartment-in-solana-2-master-bedrooms-8341,2,2,128,"EGP 10,812,500",84472.66,"Sheikh Zayed City - Giza , Egypt",Giza,Sheikh Zayed City,None,Apartment,Residential,Sale
https://remax.com.eg/property/pyramids-hills-villa-for-sale-8358,6,4,875,"USD 2,400,000",2742.86,"6 October City - Giza , Egypt",Giza,6 October City,None,Apartment,Residential,Sale
https://remax.com.eg/property/prime-penthouse-for-sale-in-o-west-club-residence-8342,3,3,155,"EGP 9,675,000",62419.35,"6 October City - Giza , Egypt",Giza,6 October City,None,Apartment,Residential,Sale
https://remax.com.eg/property/prime-view-townhouse-in-continental-residence-8352,4,4,266,"EGP 45,000",169.17,"Sheikh Zayed City - Giza , Egypt",Giza,Sheikh Zayed City,None,Apartment,Residential,Rent
https://remax.com.eg/property/twinhouse-in-pyramids-walk-6th-of-october-8340,4,4,320,"EGP 60,000",187.5,"6 October City - Giza , Egypt",Giza,6 October City,None,Apartment,Residential,Rent
https://remax.com.eg/property/for-sale-apartment-in-westleaves-8354,3,4,195,"EGP 8,050,000",41282.05,"6 October City - Giza , Egypt",Giza,6 October City,None,Apartment,Residential,Sale
https://remax.com.eg/property/bay7-cabana-in-sidi-heneish-sea-view-8356,1,1,65,"EGP 19,800,000",304615.38,"Sidi Heneish - North Coast , Egypt",North Coast,Sidi Heneish,None,Apartment,Residential,Sale
https://remax.com.eg/property/chalet-in-the-waterway-north-coast-8353,2,3,118,"EGP 13,916,250",117934.32,"Qesm Ad Dabaah - North Coast , Egypt",North Coast,Qesm Ad Dabaah,None,Apartment,Residential,Sale
https://remax.com.eg/property/roof-apartment-for-sale-in-badya-8357,2,3,143,"EGP 4,500,000",31468.53,"Sheikh Zayed City - Giza , Egypt",Giza,Sheikh Zayed City,None,Apartment,Residential,Sale
https://remax.com.eg/property/furnished-studio-amazing-view-in-courtyard-sodic-8351,1,1,50,"EGP 30,000",600.0,"Sheikh Zayed City - Giza , Egypt",Giza,Sheikh Zayed City,None,Apartment,Residential,Rent
https://remax.com.eg/property/for-rent-roof-apartment-in-westown-8344,1,1,35,"EGP 28,000",800.0,"Sheikh Zayed City - Giza , Egypt",Giza,Sheikh Zayed City,None,Apartment,Residential,Rent
https://remax.com.eg/property/apartment-for-sale-in-al-yasmine-fully-finished-7581,2,3,250,"EGP 9,000,000",36000.0,"Sheikh Zayed City - Giza , Egypt",Giza,Sheikh Zayed City,None,Apartment,Residential,Sale
https://remax.com.eg/property/furnished-studio-with-roof-in-o-west-8310,1,1,26,"EGP 17,000",653.85,"6 October City - Giza , Egypt",Giza,6 October City,None,Apartment,Residential,Rent
https://remax.com.eg/property/luxury-furnished-penthouse-in-october-plaza-sodic-8306,3,2,190,"EGP 55,000",289.47,"6 October City - Giza , Egypt",Giza,6 October City,None,Apartment,Residential,Rent
https://remax.com.eg/property/twin-house-villa-al-khamayel-phase-2-8302,6,4,350,"EGP 20,000,000",57142.86,"Sheikh Zayed City - Giza , Egypt",Giza,Sheikh Zayed City,None,Apartment,Residential,None
https://remax.com.eg/property/pyramids-hills-townhouse-for-sale-8305,3,3,228,"EGP 14,000,000",61403.51,"6 October City - Giza , Egypt",Giza,6 October City,None,Apartment,Residential,Sale
https://remax.com.eg/property/apartment-in-light-city-8268,3,2,160,"EGP 3,850,000",24062.5,"New Cairo City - Cairo , Egypt",Cairo,New Cairo City,None,Apartment,Residential,None
https://remax.com.eg/property/garana-villa-for-sale-8324,5,5,1000,"EGP 40,000,000",40000.0,"6 October City - Giza , Egypt",Giza,6 October City,None,Apartment,Residential,Sale
https://remax.com.eg/property/resale-apartment-in-zed-west-park-residence-side-2644,2,3,144,"EGP 13,000,000",90277.78,"Sheikh Zayed City - Giza , Egypt",Giza,Sheikh Zayed City,None,Apartment,Residential,Sale
https://remax.com.eg/property/semi-furnished-i-villa-roof-in-mountain-view-8326,2,2,167,"EGP 35,000",209.58,"6 October City - Giza , Egypt",Giza,6 October City,None,Apartment,Residential,Rent
https://remax.com.eg/property/apartment-for-sale-in-zed-west-park-side-residence-3985,2,2,169,"EGP 13,300,000",78698.22,"Sheikh Zayed City - Giza , Egypt",Giza,Sheikh Zayed City,None,Apartment,Residential,Sale
https://remax.com.eg/property/pyramids-hills-townhouse-for-sale-8315,3,5,287,"EGP 16,500,000",57491.29,"6 October City - Giza , Egypt",Giza,6 October City,None,Apartment,Residential,Sale
https://remax.com.eg/property/pyramids-hills-apartment-for-sale-8303,3,3,212,"EGP 16,000,000",75471.7,"6 October City - Giza , Egypt",Giza,6 October City,None,Apartment,Residential,Sale
https://remax.com.eg/property/apartment-for-sale-in-village-west-dorra-8292,3,3,167,"EGP 11,500,000",68862.28,"Sheikh Zayed City - Giza , Egypt",Giza,Sheikh Zayed City,None,Apartment,Residential,Sale
https://remax.com.eg/property/fully-furnished-apartment-in-10th-district-8282,3,2,183,"EGP 5,500,000",30054.64,"Sheikh Zayed City - Giza , Egypt",Giza,Sheikh Zayed City,None,Apartment,Residential,Sale
https://remax.com.eg/property/furnished-apartment-for-rent-in-jannah-october-8281,3,2,130,"EGP 35,000",269.23,"6 October City - Giza , Egypt",Giza,6 October City,None,Apartment,Residential,Rent
https://remax.com.eg/property/luxury-duplex-villa-for-sale-deira-city-8287,4,2,270,"EGP 6,350,000",23518.52,"6 October City - Giza , Egypt",Giza,6 October City,None,Apartment,Residential,Sale
https://remax.com.eg/property/pyramids-hills-apartment-for-sale-8299,3,3,222,"EGP 16,000,000",72072.07,"6 October City - Giza , Egypt",Giza,6 October City,None,Apartment,Residential,Sale
https://remax.com.eg/property/apartment-for-rent-in-sheikh-zayed-8th-district-8291,3,2,175,"EGP 50,000",285.71,"Sheikh Zayed City - Giza , Egypt",Giza,Sheikh Zayed City,None,Apartment,Residential,Rent
https://remax.com.eg/property/pyramids-hills-apartment-for-sale-8293,2,3,187,"EGP 14,000,000",74866.31,"6 October City - Giza , Egypt",Giza,6 October City,None,Apartment,Residential,Sale
https://remax.com.eg/property/ard-elgolf-apartment-120m-heliopolis-8296,2,1,120,"EGP 3,700,000",30833.33,"Heliopolis - Cairo , Egypt",Cairo,Heliopolis,None,Apartment,Residential,None
https://remax.com.eg/property/duplex-for-rent-in-ruya-club-compound-8289,4,4,300,"EGP 45,000",150.0,"6 October City - Giza , Egypt",Giza,6 October City,None,Apartment,Residential,Rent
https://remax.com.eg/property/premium-retail-office-spaces-in-prime-location-8288,0,0,150,"EGP 150,000",1000.0,"6 October City - Giza , Egypt",Giza,6 October City,None,Apartment,Commercial,Rent
https://remax.com.eg/property/an-apartment-for-sale-in-a-prime-location-sheraton-morabba-el-wozara-8238,4,4,350,"EGP 15,000,000",42857.14,"El Nozha - Cairo , Egypt",Cairo,El Nozha,None,Apartment,Residential,Sale
https://remax.com.eg/property/pyramids-hills-apartment-for-sale-8295,3,4,218,"EGP 16,500,000",75688.07,"6 October City - Giza , Egypt",Giza,6 October City,None,Apartment,Residential,Sale
https://remax.com.eg/property/ground-apartment-for-sale-in-garden-lakes-hyde-park-4992,2,3,115,"EGP 8,500,000",73913.04,"6 October City - Giza , Egypt",Giza,6 October City,None,Apartment,Residential,Sale
https://remax.com.eg/property/apartment-for-sale-in-lugar-8250,3,3,145,"EGP 10,180,300",70208.97,"Sheikh Zayed City - Giza , Egypt",Giza,Sheikh Zayed City,None,Apartment,Residential,Sale
https://remax.com.eg/property/prime-location-office-in-ritzy-mall-sheikh-zayed-8274,0,1,57,"EGP 42,000",736.84,"Sheikh Zayed City - Giza , Egypt",Giza,Sheikh Zayed City,None,Apartment,Residential,Rent
https://remax.com.eg/property/townhouse-for-rent-at-golf-extension-palm-hills-8264,4,5,466,"EGP 110,000",236.05,"6 October City - Giza , Egypt",Giza,6 October City,None,Apartment,Residential,Rent
https://remax.com.eg/property/roof-apartment-for-rent-in-7th-distric-8249,2,1,165,"EGP 14,000",84.85,"Sheikh Zayed City - Giza , Egypt",Giza,Sheikh Zayed City,None,Apartment,Residential,Rent
https://remax.com.eg/property/ground-duplex-for-rent-in-7th-district-zayed-8248,5,3,450,"EGP 48,000",106.67,"Sheikh Zayed City - Giza , Egypt",Giza,Sheikh Zayed City,None,Apartment,Residential,Rent
https://remax.com.eg/property/apartment-fully-finished-for-sale-in-al-murooj-8258,3,2,180,"EGP 6,000,000",33333.33,"6 October City - Giza , Egypt",Giza,6 October City,None,Apartment,Residential,Sale
https://remax.com.eg/property/patio-casa-shorouk-2-8254,2,2,165,"EGP 372,000",2254.55,"Shorouk City - Cairo , Egypt",Cairo,Shorouk City,None,Apartment,Residential,None
https://remax.com.eg/property/clinic-for-rent-in-central-avenue-mall-8280,1,1,103,"EGP 95,000",922.33,"Sheikh Zayed City - Giza , Egypt",Giza,Sheikh Zayed City,None,Apartment,Residential,Rent
https://remax.com.eg/property/semi-finished-twinhouse-pyramids-walk-first-phase-8279,5,5,365,"EGP 14,500,000",39726.03,"6 October City - Giza , Egypt",Giza,6 October City,None,Apartment,Residential,Sale
https://remax.com.eg/property/129m-apartment-for-sale-in-zed-west-delivery-2027-7973,2,2,129,"EGP 8,860,268",68684.25,"Sheikh Zayed City - Giza , Egypt",Giza,Sheikh Zayed City,None,Apartment,Residential,Sale
https://remax.com.eg/property/apartment-for-sale-in-garden-lakes-hyde-park-4993,2,2,135,"EGP 7,350,000",54444.44,"6 October City - Giza , Egypt",Giza,6 October City,None,Apartment,Residential,Sale
https://remax.com.eg/property/premium-finishing-apartment-least-price-in-badya-7236,2,3,144,"EGP 4,800,000",33333.33,"6 October City - Giza , Egypt",Giza,6 October City,None,Apartment,Residential,Sale
https://remax.com.eg/property/villa-for-sale-in-solana-flexible-down-payment-8242,3,4,240,"EGP 32,000,000",133333.33,"Sheikh Zayed City - Giza , Egypt",Giza,Sheikh Zayed City,None,Apartment,Residential,Sale
https://remax.com.eg/property/apartment-in-nasr-city-8225,2,1,130,"EGP 3,500,000",26923.08,"Nasr City - Cairo , Egypt",Cairo,Nasr City,None,Apartment,Residential,None
https://remax.com.eg/property/standalone-villa-for-sale-with-lowest-down-payment-8229,3,4,180,"EGP 19,500,000",108333.33,"Sheikh Zayed City - Giza , Egypt",Giza,Sheikh Zayed City,None,Apartment,Residential,Sale
https://remax.com.eg/property/apartment-for-rent-in-a-prime-location-in-the-sixth-tourist-area-8240,3,3,300,"EGP 33,000",110.0,"6 October City - Giza , Egypt",Giza,6 October City,None,Apartment,Residential,Rent
https://remax.com.eg/property/semi-finished-garden-apartment-in-badya-palm-hills-8244,3,3,177,"EGP 5,950,000",33615.82,"6 October City - Giza , Egypt",Giza,6 October City,None,Apartment,Residential,Sale
https://remax.com.eg/property/resale-fully-finished-apartment-in-psr-8239,1,1,81,"EGP 6,750,000",83333.33,"Sheikh Zayed City - Giza , Egypt",Giza,Sheikh Zayed City,None,Apartment,Residential,Sale
https://remax.com.eg/property/prime-location-furnished-apartment-jannat-october-8044,3,2,130,"EGP 28,000",215.38,"6 October City - Giza , Egypt",Giza,6 October City,None,Apartment,Residential,Rent
https://remax.com.eg/property/semi-finished-villa-in-mountain-view-chillout-park-8243,4,4,289,"EGP 18,500,000",64013.84,"6 October City - Giza , Egypt",Giza,6 October City,None,Apartment,Residential,None
https://remax.com.eg/property/townhouse-in-a-prime-location-for-sale-in-pk2-8226,4,4,350,"EGP 24,000,000",68571.43,"New Cairo City - Cairo , Egypt",Cairo,New Cairo City,None,Apartment,Residential,Sale
https://remax.com.eg/property/twinhouse-in-soleya-4-masters-and-elevator-8228,4,5,408,"EGP 23,000,000",56372.55,"6 October City - Giza , Egypt",Giza,6 October City,None,Apartment,Residential,Sale
https://remax.com.eg/property/pyramids-hills-villa-for-sale-7959,5,5,1000,"EGP 220,000,000",220000.0,"6 October City - Giza , Egypt",Giza,6 October City,None,Apartment,Residential,Sale
https://remax.com.eg/property/your-opportunity-to-own-a-prime-shop-in-zayed-8051,0,0,53,"EGP 5,800,000",109433.96,"Sheikh Zayed City - Giza , Egypt",Giza,Sheikh Zayed City,None,Apartment,Commercial,Rent
https://remax.com.eg/property/luxurious-penthouse-ready-to-move-palm-parks-7699,4,5,356,"EGP 18,200,000",51123.6,"6 October City - Giza , Egypt",Giza,6 October City,None,Apartment,Residential,Sale
https://remax.com.eg/property/semi-finished-ground-with-garden-competitive-price-6691,3,3,187,"EGP 4,500,000",24064.17,"Sheikh Zayed City - Giza , Egypt",Giza,Sheikh Zayed City,None,Apartment,Residential,Sale
https://remax.com.eg/property/villa-for-sale-in-golf-city-obour-8222,3,3,195,"EGP 9,500,000",48717.95,"Obour City - Qalyubia , Egypt",Qalyubia,Obour City,None,Apartment,Residential,Sale
https://remax.com.eg/property/apartment-prime-location-next-to-gate-1-of-rehab-7058,3,2,130,"EGP 32,000",246.15,"New Cairo City - Cairo , Egypt",Cairo,New Cairo City,None,Apartment,Residential,Rent
https://remax.com.eg/property/corner-townhouse-in-joulz-with-private-pool-8224,4,5,330,"EGP 120,000",363.64,"6 October City - Giza , Egypt",Giza,6 October City,None,Apartment,Residential,Rent
https://remax.com.eg/property/semi-finished-garden-apartment-o-west-delivery2027-8217,2,2,120,"EGP 9,056,900",75474.17,"6 October City - Giza , Egypt",Giza,6 October City,None,Apartment,Residential,Sale
https://remax.com.eg/property/commercial-shop-in-zayed-dunes-prime-location-7918,0,1,122,"EGP 91,500",750.0,"Sheikh Zayed City - Giza , Egypt",Giza,Sheikh Zayed City,None,Apartment,Commercial,Rent
https://remax.com.eg/property/semi-finished-villa-in-sun-capital-pyramids-view-7255,6,6,405,"EGP 22,000,000",54320.99,"6 October City - Giza , Egypt",Giza,6 October City,None,Apartment,Residential,Sale
https://remax.com.eg/property/villa-for-sale-in-golf-city-el-obour-cairo-8223,4,4,350,"EGP 16,500,000",47142.86,"Obour City - Qalyubia , Egypt",Qalyubia,Obour City,None,Apartment,Residential,Sale
https://remax.com.eg/property/esale-apartment-in-o-west-prime-location-8219,2,2,120,"EGP 7,200,000",60000.0,"6 October City - Giza , Egypt",Giza,6 October City,None,Apartment,Residential,Sale
https://remax.com.eg/property/luxury-duplex-with-garden-in-o-west-prime-location-8221,4,5,263,"EGP 48,000",182.51,"6 October City - Giza , Egypt",Giza,6 October City,None,Apartment,Residential,Rent
https://remax.com.eg/property/best-price-in-kayan-ground-apartment-with-garden-8216,2,2,95,"EGP 4,300,000",45263.16,"Sheikh Zayed City - Giza , Egypt",Giza,Sheikh Zayed City,None,Apartment,Residential,None
https://remax.com.eg/property/twinhouse-for-sale-in-al-rabwa-fully-finished-8210,3,3,230,"EGP 28,000,000",121739.13,"Sheikh Zayed City - Giza , Egypt",Giza,Sheikh Zayed City,None,Apartment,Residential,Sale
https://remax.com.eg/property/a-4-bedroom-apartment-for-sale-in-merghany-8084,3,4,299,"EGP 12,500,000",41806.02,"Heliopolis - Cairo , Egypt",Cairo,Heliopolis,None,Apartment,Residential,Sale
https://remax.com.eg/property/duplex-villa-for-sale-in-al-shweifat-fifth-settlement-new-cairo-8148,6,4,485,"EGP 14,000,000",28865.98,"New Cairo City - Cairo , Egypt",Cairo,New Cairo City,None,Apartment,Residential,Sale
https://remax.com.eg/property/room-in-a-shared-medical-clinic-in-meditown-8205,0,1,11,"EGP 15,000",1363.64,"6 October City - Giza , Egypt",Giza,6 October City,None,Apartment,Residential,Rent
https://remax.com.eg/property/for-sale-ground-floor-chalet-with-garden-in-bianchi-north-coast-8206,3,3,300,"EGP 16,500,000",55000.0,"Sidi Abdel Rahman - North Coast , Egypt",North Coast,Sidi Abdel Rahman,None,Apartment,Residential,Sale
https://remax.com.eg/property/corner-townhouse-for-sale-in-badya-8212,3,3,193,"EGP 13,970,000",72383.42,"Sheikh Zayed City - Giza , Egypt",Giza,Sheikh Zayed City,None,Apartment,Residential,Sale
https://remax.com.eg/property/spacious-apartment-in-kanaria-compound-8213,3,2,225,"EGP 5,150,000",22888.89,"Sheikh Zayed City - Giza , Egypt",Giza,Sheikh Zayed City,None,Apartment,Residential,None
https://remax.com.eg/property/twin-house-for-sale-in-golf-city-compound-el-obour-8207,3,2,245,"EGP 10,000,000",40816.33,"Obour City - Qalyubia , Egypt",Qalyubia,Obour City,None,Apartment,Residential,Sale
https://remax.com.eg/property/middle-townhouse-in-the-8-compound-new-zayed-7662,3,3,253,"EGP 9,500,000",37549.41,"Sheikh Zayed City - Giza , Egypt",Giza,Sheikh Zayed City,None,Apartment,Residential,Sale
https://remax.com.eg/property/a-fully-renovated-apartment-for-sale-in-a-prime-location-at-el-nozha-heliopolis-8083,4,4,327,"EGP 12,500,000",38226.3,"Heliopolis - Cairo , Egypt",Cairo,Heliopolis,None,Apartment,Residential,Sale
https://remax.com.eg/property/stand-alone-villa-for-sale-in-the-heart-of-el-sherouk-8150,8,6,650,"EGP 13,000,000",20000.0,"Shorouk City - Cairo , Egypt",Cairo,Shorouk City,None,Apartment,Residential,Sale
https://remax.com.eg/property/middle-townhouse-in-badya-palm-hills-best-offer-7713,4,4,189,"EGP 9,000,000",47619.05,"6 October City - Giza , Egypt",Giza,6 October City,None,Apartment,Residential,Sale
https://remax.com.eg/property/prime-location-within-vye-new-zayed-8185,3,2,158,"EGP 11,900,000",75316.46,"Sheikh Zayed City - Giza , Egypt",Giza,Sheikh Zayed City,None,Apartment,Residential,None
https://remax.com.eg/property/for-sale-luxury-apartment-in-golden-square-north-lotus-1st-district-8201,3,3,217,"EGP 8,000,000",36866.36,"New Cairo City - Cairo , Egypt",Cairo,New Cairo City,None,Apartment,Residential,Sale
https://remax.com.eg/property/city-view-twin-house-for-sale-8192,5,4,660,"EGP 30,000,000",45454.55,"6 October City - Giza , Egypt",Giza,6 October City,None,Apartment,Residential,Sale
https://remax.com.eg/property/apartment-for-resale-one33-badr-eldin-8197,2,3,130,"EGP 5,560,000",42769.23,"6 October City - Giza , Egypt",Giza,6 October City,None,Apartment,Residential,Sale
https://remax.com.eg/property/apartment-for-sale-fully-finished-ground-floor-with-private-entrance-8202,3,2,180,"EGP 6,000,000",33333.33,"New Cairo City - Cairo , Egypt",Cairo,New Cairo City,None,Apartment,Residential,Sale
https://remax.com.eg/property/twin-house-for-sale-in-jeera-compound-8194,4,4,307,"EGP 20,500,000",66775.24,"Sheikh Zayed City - Giza , Egypt",Giza,Sheikh Zayed City,None,Apartment,Residential,Sale
https://remax.com.eg/property/villa-for-rent-in-hacienda-bay-8203,5,6,350,"EGP 300,000",857.14,"Sidi Abdel Rahman - North Coast , Egypt",North Coast,Sidi Abdel Rahman,None,Apartment,Residential,Rent
https://remax.com.eg/property/aawestrdcyvguhbnjmk-8191,4,3,200,"EGP 20,000,000",100000.0,"Mostakbal City - Cairo , Egypt",Cairo,Mostakbal City,None,Apartment,Residential,None
https://remax.com.eg/property/city-view-villa-for-sale-8193,10,8,1313,"EGP 60,000,000",45696.88,"6 October City - Giza , Egypt",Giza,6 October City,None,Apartment,Residential,Sale
https://remax.com.eg/property/ground-chalet-at-mountain-view-ras-el-hekma-8182,2,2,108,"EGP 7,710,000",71388.89,"Ras Al Hekma - North Coast , Egypt",North Coast,Ras Al Hekma,None,Apartment,Residential,None
https://remax.com.eg/property/prime-location-furnished-apartment-in-zed-west-8183,2,2,105,"EGP 55,000",523.81,"Sheikh Zayed City - Giza , Egypt",Giza,Sheikh Zayed City,None,Apartment,Residential,Rent
https://remax.com.eg/property/furnished-ground-apartment-with-garden-in-kayan-7759,2,1,120,"EGP 38,000",316.67,"Sheikh Zayed City - Giza , Egypt",Giza,Sheikh Zayed City,None,Apartment,Residential,None
https://remax.com.eg/property/2br-furnished-apartment-for-rent-in-rawdet-zayed-8139,2,1,70,"EGP 25,000",357.14,"Sheikh Zayed City - Giza , Egypt",Giza,Sheikh Zayed City,None,Apartment,Residential,Rent
https://remax.com.eg/property/apartment-for-rent-in-zayed-2000-7926,2,2,200,"EGP 43,000",215.0,"Sheikh Zayed City - Giza , Egypt",Giza,Sheikh Zayed City,None,Apartment,Residential,Rent
https://remax.com.eg/property/furnished-apartment-in-casa-sodic-landscape-view-8141,2,2,137,"EGP 50,000",364.96,"Sheikh Zayed City - Giza , Egypt",Giza,Sheikh Zayed City,None,Apartment,Residential,Rent
https://remax.com.eg/property/duplex-for-sale-in-villaria-compound-8134,3,3,218,"EGP 6,500,000",29816.51,"6 October City - Giza , Egypt",Giza,6 October City,None,Apartment,Residential,Sale
https://remax.com.eg/property/apartment-for-sale-in-janna-zayed-1-flexible-layout-8144,2,2,130,"EGP 6,100,000",46923.08,"Sheikh Zayed City - Giza , Egypt",Giza,Sheikh Zayed City,None,Apartment,Residential,Sale
https://remax.com.eg/property/townhouse-for-sale-in-the-upscale-silva-8149,4,3,223,"EGP 14,500,000",65022.42,"Sheikh Zayed City - Giza , Egypt",Giza,Sheikh Zayed City,None,Apartment,Residential,Sale
https://remax.com.eg/property/furnished-stand-alone-with-pool-in-el-rawda-8146,4,5,460,"EGP 100,000",217.39,"6 October City - Giza , Egypt",Giza,6 October City,None,Apartment,Residential,Rent
https://remax.com.eg/property/standalone-villa-for-sale-in-nyoum-october-8140,4,6,370,"EGP 16,500,000",44594.59,"6 October City - Giza , Egypt",Giza,6 October City,None,Apartment,Residential,Sale
https://remax.com.eg/property/townhouse-for-sale-in-the-vibrant-vye-8181,3,3,197,"EGP 15,100,000",76649.75,"Sheikh Zayed City - Giza , Egypt",Giza,Sheikh Zayed City,None,Apartment,Residential,Sale
https://remax.com.eg/property/prime-clinic-for-rent-in-gate-plaza-8130,4,1,81,"EGP 52,000",641.98,"Sheikh Zayed City - Giza , Egypt",Giza,Sheikh Zayed City,None,Apartment,Residential,Rent
https://remax.com.eg/property/apartment-for-rent-in-o-west-8143,2,3,140,"EGP 35,000",250.0,"6 October City - Giza , Egypt",Giza,6 October City,None,Apartment,Residential,Rent
https://remax.com.eg/property/furnished-apartment-in-jannah-zayed-2-first-use-8126,2,3,130,"EGP 40,000",307.69,"Sheikh Zayed City - Giza , Egypt",Giza,Sheikh Zayed City,None,Apartment,Residential,Rent
https://remax.com.eg/property/townhouse-for-sale-in-royal-meadows-sheikh-zayed-8087,4,3,350,"EGP 23,800,000",68000.0,"Sheikh Zayed City - Giza , Egypt",Giza,Sheikh Zayed City,None,Apartment,Residential,Sale
https://remax.com.eg/property/luxury-apartment-for-rent-in-badya-palm-hills-8053,2,3,143,"EGP 25,000",174.83,"Sheikh Zayed City - Giza , Egypt",Giza,Sheikh Zayed City,None,Apartment,Residential,Rent
https://remax.com.eg/property/a-strategic-location-in-masr-elgedida-two-floors-with-a-commercial-license-8082,0,0,625,"EGP 44,000,000",70400.0,"Heliopolis - Cairo , Egypt",Cairo,Heliopolis,None,Apartment,Commercial,Sale
https://remax.com.eg/property/townhouse-for-sale-in-village-west-prime-spot-8074,4,4,223,"EGP 17,000,000",76233.18,"Sheikh Zayed City - Giza , Egypt",Giza,Sheikh Zayed City,None,Apartment,Residential,Sale
https://remax.com.eg/property/furnished-studio-with-private-roof-in-west-town-8067,1,1,112,"EGP 23,000",205.36,"Sheikh Zayed City - Giza , Egypt",Giza,Sheikh Zayed City,None,Apartment,Residential,None
https://remax.com.eg/property/villa-for-sale-in-el-wadi-compound-shorouk-city-7628,9,8,1050,"EGP 33,000,000",31428.57,"Shorouk City - Cairo , Egypt",Cairo,Shorouk City,None,Apartment,Residential,Sale
https://remax.com.eg/property/fully-furnished-apartment-for-rent-in-the-address-7711,3,2,113,"EGP 35,000",309.73,"Sheikh Zayed City - Giza , Egypt",Giza,Sheikh Zayed City,None,Apartment,Residential,Rent
https://remax.com.eg/property/fully-finished-with-private-entrance-open-view-8075,4,5,285,"EGP 13,565,000",47596.49,"6 October City - Giza , Egypt",Giza,6 October City,None,Apartment,Residential,Sale
https://remax.com.eg/property/townhouse-for-sale-prime-location-beside-grand-heights-8078,3,3,200,"EGP 10,807,000",54035.0,"Sheikh Zayed City - Giza , Egypt",Giza,Sheikh Zayed City,None,Apartment,Residential,Sale
https://remax.com.eg/property/penthouse-for-sale-in-kayan-fully-finished-8079,4,2,120,"EGP 6,940,000",57833.33,"Sheikh Zayed City - Giza , Egypt",Giza,Sheikh Zayed City,None,Apartment,Residential,Sale
https://remax.com.eg/property/ground-floor-apartment-with-private-garden-in-kayan-8077,3,2,120,"EGP 6,840,000",57000.0,"Sheikh Zayed City - Giza , Egypt",Giza,Sheikh Zayed City,None,Apartment,Residential,Sale
https://remax.com.eg/property/townhouse-for-rent-in-palm-parks-8040,4,4,357,"EGP 93,000",260.5,"6 October City - Giza , Egypt",Giza,6 October City,None,Apartment,Residential,Rent
https://remax.com.eg/property/apartment-for-sale-bloomfields-compound-by-tatweer-8050,2,2,120,"EGP 4,600,000",38333.33,"Mostakbal City - Cairo , Egypt",Cairo,Mostakbal City,None,Apartment,Residential,Sale
https://remax.com.eg/property/penthouse-for-sale-in-promenade-compound-7083,4,3,240,"EGP 6,000,000",25000.0,"6 October City - Giza , Egypt",Giza,6 October City,None,Apartment,Residential,Sale
https://remax.com.eg/property/fully-finished-ground-floor-apartment-in-badya-8039,2,3,132,"EGP 5,915,000",44810.61,"Sheikh Zayed City - Giza , Egypt",Giza,Sheikh Zayed City,None,Apartment,Residential,Sale
https://remax.com.eg/property/corner-i-villa-garden-good-price-in-october-park-7168,3,3,282,"EGP 11,900,000",42198.58,"6 October City - Giza , Egypt",Giza,6 October City,None,Apartment,Residential,Sale
https://remax.com.eg/property/prime-office-clinic-for-sale-in-palladium-mall-7862,2,1,65,"EGP 4,950,000",76153.85,"6 October City - Giza , Egypt",Giza,6 October City,None,Apartment,Residential,Sale
https://remax.com.eg/property/luxurious-apartment-with-garden-badya-palm-hills-7852,2,2,144,"EGP 18,000",125.0,"6 October City - Giza , Egypt",Giza,6 October City,None,Apartment,Residential,Rent
https://remax.com.eg/property/chalet-for-sale-solare-ras-el-hekma-original-price-8033,2,2,98,"EGP 10,455,000",106683.67,"Ras Al Hekma - North Coast , Egypt",North Coast,Ras Al Hekma,None,Apartment,Residential,Sale
https://remax.com.eg/property/chalet-with-private-garden-for-sale-seashore-ras-el-hekma-8049,2,3,106,"EGP 4,200,000",39622.64,"Ras Al Hekma - North Coast , Egypt",North Coast,Ras Al Hekma,None,Apartment,Residential,Sale
https://remax.com.eg/property/prime-location-apartment-in-mountain-view-i-city-6776,3,3,155,"EGP 8,532,000",55045.16,"6 October City - Giza , Egypt",Giza,6 October City,None,Apartment,Residential,Sale
https://remax.com.eg/property/commercial-retail-8042,0,0,423,"EGP 4,560,000",10780.14,"Shorouk City - Cairo , Egypt",Cairo,Shorouk City,None,Apartment,Commercial,None
https://remax.com.eg/property/office-or-clinic-in-palladium-mall-palm-hills-7777,1,0,35,"EGP 19,000",542.86,"6 October City - Giza , Egypt",Giza,6 October City,None,Apartment,Residential,Rent
https://remax.com.eg/property/marvelous-fully-finished-apartment-in-naia-west-8014,2,2,125,"EGP 10,222,000",81776.0,"Sheikh Zayed City - Giza , Egypt",Giza,Sheikh Zayed City,None,Apartment,Residential,None
https://remax.com.eg/property/apartment-for-rent-in-a-prime-location-8029,3,1,165,"EGP 15,000",90.91,"6 October City - Giza , Egypt",Giza,6 October City,None,Apartment,Residential,Rent
https://remax.com.eg/property/chalet-for-sale-azha-ogma-phase-double-view-8022,2,3,113,"EGP 4,900,000",43362.83,"Ras Al Hekma - North Coast , Egypt",North Coast,Ras Al Hekma,None,Apartment,Residential,Sale
https://remax.com.eg/property/dental-clinic-in-kazan-plaza-behind-mall-of-arabia-8023,4,2,58,"EGP 26,000",448.28,"- , Egypt",None,None,None,Apartment,Residential,Rent
https://remax.com.eg/property/prime-location-apartment-in-westridge-new-giza-8018,1,2,110,"EGP 33,000",300.0,"6 October City - Giza , Egypt",Giza,6 October City,None,Apartment,Residential,Rent
https://remax.com.eg/property/for-sale-2-twin-villas-in-al-nakheel-residence-compound-el-shorouk-city-cairo-8016,4,4,310,"EGP 13,000,000",41935.48,"Shorouk City - Cairo , Egypt",Cairo,Shorouk City,None,Apartment,Residential,Sale
https://remax.com.eg/property/2-twin-villas-in-al-nakheel-residence-compound-el-shorouk-city-cairo-8015,8,8,620,"EGP 25,000,000",40322.58,"Shorouk City - Cairo , Egypt",Cairo,Shorouk City,None,Apartment,Residential,None
https://remax.com.eg/property/premium-office-for-rent-in-the-polygon-8028,3,0,84,"EGP 80,000",952.38,"Sheikh Zayed City - Giza , Egypt",Giza,Sheikh Zayed City,None,Apartment,Residential,Rent
https://remax.com.eg/property/office-for-rent-in-hale-town-palm-hills-8030,0,2,123,"EGP 65,000",528.46,"6 October City - Giza , Egypt",Giza,6 October City,None,Apartment,Residential,Rent
https://remax.com.eg/property/ground-apartment-in-northern-expansions-7784,3,3,206,"EGP 3,600,000",17475.73,"6 October City - Giza , Egypt",Giza,6 October City,None,Apartment,Residential,Sale
https://remax.com.eg/property/semi-finished-penthouse-cleopatra-square-october-8008,3,3,269,"EGP 10,000,000",37174.72,"6 October City - Giza , Egypt",Giza,6 October City,None,Apartment,Residential,Sale
https://remax.com.eg/property/finished-clinic-meditown-new-giza-prime-location-8009,0,1,80,"EGP 30,000",375.0,"6 October City - Giza , Egypt",Giza,6 October City,None,Apartment,Residential,Rent
https://remax.com.eg/property/prime-location-furnished-apartment-in-zed-west-7975,3,3,211,"EGP 65,000",308.06,"Sheikh Zayed City - Giza , Egypt",Giza,Sheikh Zayed City,None,Apartment,Residential,Rent
https://remax.com.eg/property/uxurious-duplex-with-private-garden-park-view-8002,3,3,260,"EGP 3,500,000",13461.54,"6 October City - Giza , Egypt",Giza,6 October City,None,Apartment,Residential,Sale
https://remax.com.eg/property/apartment-with-private-garden-pool-access-7985,2,2,145,"EGP 45,000",310.34,"6 October City - Giza , Egypt",Giza,6 October City,None,Apartment,Residential,Rent
https://remax.com.eg/property/first-use-luxury-furnished-apartment-in-alkhamayel-7678,3,2,165,"EGP 32,000",193.94,"Sheikh Zayed City - Giza , Egypt",Giza,Sheikh Zayed City,None,Apartment,Residential,Rent
https://remax.com.eg/property/luxurious-semi-furnished-apartment-for-rent-in-badya-7989,2,3,147,"EGP 20,000",136.05,"Sheikh Zayed City - Giza , Egypt",Giza,Sheikh Zayed City,None,Apartment,Residential,Rent
https://remax.com.eg/property/townhouse-for-sale-in-mountain-view-chillout-park-7972,3,3,220,"EGP 13,800,000",62727.27,"6 October City - Giza , Egypt",Giza,6 October City,None,Apartment,Residential,Sale
https://remax.com.eg/property/prime-office-for-sale-in-v5-business-hub-8005,1,1,98,"EGP 11,500,000",117346.94,"6 October City - Giza , Egypt",Giza,6 October City,None,Apartment,Residential,Sale
https://remax.com.eg/property/furnished-apartment-with-garden-khamayel-phase-a3-7949,3,2,155,"EGP 6,900,000",44516.13,"Sheikh Zayed City - Giza , Egypt",Giza,Sheikh Zayed City,None,Apartment,Residential,Sale
https://remax.com.eg/property/fully-furnished-apartment-in-hadayek-el-mohandeseen-7997,3,2,132,"EGP 35,000",265.15,"Sheikh Zayed City - Giza , Egypt",Giza,Sheikh Zayed City,None,Apartment,Residential,Rent
https://remax.com.eg/property/prime-location-ground-apartment-with-garden-in-vye-7839,2,2,108,"EGP 7,850,000",72685.19,"Sheikh Zayed City - Giza , Egypt",Giza,Sheikh Zayed City,None,Apartment,Residential,None
https://remax.com.eg/property/resale-fully-finished-apartment-in-karma-residence-8004,3,3,160,"EGP 7,500,000",46875.0,"Sheikh Zayed City - Giza , Egypt",Giza,Sheikh Zayed City,None,Apartment,Residential,Sale
https://remax.com.eg/property/prime-location-penthouse-for-sale-in-px-palm-hills-7990,2,3,122,"EGP 21,000,000",172131.15,"6 October City - Giza , Egypt",Giza,6 October City,None,Apartment,Residential,Sale
https://remax.com.eg/property/finished-office-for-rent-in-trivium-mall-7969,0,1,59,"EGP 50,000",847.46,"Sheikh Zayed City - Giza , Egypt",Giza,Sheikh Zayed City,None,Apartment,Residential,Rent
https://remax.com.eg/property/special-finish-apt-in-b8-madinaty-108-sqm-6232,2,1,108,"EGP 5,000,000",46296.3,"Madinaty - Cairo , Egypt",Cairo,Madinaty,None,Apartment,Residential,Sale
https://remax.com.eg/property/apartment-in-heliopolis-residence-shorouk-city-4852,3,2,170,"EGP 5,500,000",32352.94,"Shorouk City - Cairo , Egypt",Cairo,Shorouk City,None,Apartment,Residential,Sale
https://remax.com.eg/property/modern-garden-view-apartment-for-rent-in-badya-7970,3,4,186,"EGP 25,000",134.41,"Sheikh Zayed City - Giza , Egypt",Giza,Sheikh Zayed City,None,Apartment,Residential,Rent
https://remax.com.eg/property/penthouse-for-sale-in-vye-sodic-7958,3,2,159,"EGP 11,130,000",70000.0,"Sheikh Zayed City - Giza , Egypt",Giza,Sheikh Zayed City,None,Apartment,Residential,Sale
https://remax.com.eg/property/resale-apartment-for-sale-in-kayan-phase-2-7957,2,1,90,"EGP 3,950,000",43888.89,"Sheikh Zayed City - Giza , Egypt",Giza,Sheikh Zayed City,None,Apartment,Residential,Sale
https://remax.com.eg/property/finished-penthouse-for-resale-in-kayan-7967,3,2,120,"EGP 6,835,000",56958.33,"Sheikh Zayed City - Giza , Egypt",Giza,Sheikh Zayed City,None,Apartment,Residential,Sale
https://remax.com.eg/property/finished-loft-apartment-for-sale-in-zed-west-7971,1,2,108,"EGP 8,206,828",75989.15,"Sheikh Zayed City - Giza , Egypt",Giza,Sheikh Zayed City,None,Apartment,Residential,Sale
https://remax.com.eg/property/clinicoffice-90-sqm-for-rent-in-heliopolis-6233,2,1,90,"EGP 20,000",222.22,"Heliopolis - Cairo , Egypt",Cairo,Heliopolis,None,Apartment,Residential,Rent
https://remax.com.eg/property/apartment-in-heliopolis-residence-shorouk-city-4880,3,2,140,"EGP 4,500,000",32142.86,"Shorouk City - Cairo , Egypt",Cairo,Shorouk City,None,Apartment,Residential,Sale
https://remax.com.eg/property/fully-furnished-townhouse-in-palm-hills-october-7960,3,4,160,"EGP 160,000",1000.0,"6 October City - Giza , Egypt",Giza,6 October City,None,Apartment,Residential,Rent
https://remax.com.eg/property/corner-penthouse-for-sale-in-badya-palm-hills-7964,2,2,108,"EGP 7,004,100",64852.78,"Sheikh Zayed City - Giza , Egypt",Giza,Sheikh Zayed City,None,Apartment,Residential,Sale
https://remax.com.eg/property/semi-finished-apartment-120m-in-vye-sodic-ready-to-move-7924,2,2,120,"EGP 7,294,815",60790.12,"Sheikh Zayed City - Giza , Egypt",Giza,Sheikh Zayed City,None,Apartment,Residential,Sale
https://remax.com.eg/property/furnished-apartment-175m-for-rent-in-city-view-7954,3,3,175,"EGP 45,000",257.14,"6 October City - Giza , Egypt",Giza,6 October City,None,Apartment,Residential,Rent
https://remax.com.eg/property/luxury-apartment-first-use-in-northern-expansions-7945,4,3,240,"EGP 22,000",91.67,"6 October City - Giza , Egypt",Giza,6 October City,None,Apartment,Residential,Rent
https://remax.com.eg/property/resale-apartment-in-garden-lakes-prime-location-7946,2,3,113,"EGP 5,915,000",52345.13,"6 October City - Giza , Egypt",Giza,6 October City,None,Apartment,Residential,Sale
https://remax.com.eg/property/clinic-for-rent-in-hale-town-fully-finished-7928,1,1,50,"EGP 27,000",540.0,"6 October City - Giza , Egypt",Giza,6 October City,None,Apartment,Residential,Rent
https://remax.com.eg/property/luxury-furnished-studio-for-rent-in-zed-towers-7956,1,1,60,"EGP 45,000",750.0,"Sheikh Zayed City - Giza , Egypt",Giza,Sheikh Zayed City,None,Apartment,Residential,Rent
https://remax.com.eg/property/townhouse-for-sale-in-kayan-compound-corner-immediate-delivery-7950,3,4,200,"EGP 9,400,000",47000.0,"Sheikh Zayed City - Giza , Egypt",Giza,Sheikh Zayed City,None,Apartment,Residential,Sale
https://remax.com.eg/property/for-sale-i-villa-with-a-roof-and-pool-view-in-mountain-view-giza-plateau-area-20-m-roof-80-m-corner-7948,3,3,220,"EGP 13,500,000",61363.64,"6 October City - Giza , Egypt",Giza,6 October City,None,Apartment,Residential,Sale
https://remax.com.eg/property/luxury-finishing-penthouse-in-zayed-dunes-7917,2,3,200,"EGP 11,000,000",55000.0,"Sheikh Zayed City - Giza , Egypt",Giza,Sheikh Zayed City,None,Apartment,Residential,Sale
https://remax.com.eg/property/clinic-for-rent-in-kazan-mall-fully-finished-7927,4,2,77,"EGP 35,000",454.55,"6 October City - Giza , Egypt",Giza,6 October City,None,Apartment,Residential,Rent
https://remax.com.eg/property/finished-apartment-in-nyoum-october-boulevard-7930,2,2,93,"EGP 2,800,000",30107.53,"6 October City - Giza , Egypt",Giza,6 October City,None,Apartment,Residential,Sale
https://remax.com.eg/property/office-clinic-in-ivory-mall-by-sodic-7937,3,0,70,"EGP 80,000",1142.86,"Sheikh Zayed City - Giza , Egypt",Giza,Sheikh Zayed City,None,Apartment,Residential,Rent
https://remax.com.eg/property/apartment-for-rent-in-badya-prime-location-7910,3,3,176,"EGP 20,000",113.64,"Sheikh Zayed City - Giza , Egypt",Giza,Sheikh Zayed City,None,Apartment,Residential,Rent
https://remax.com.eg/property/fully-finished-apartment-for-sale-in-zed-west-7909,1,1,71,"EGP 5,650,000",79577.46,"Sheikh Zayed City - Giza , Egypt",Giza,Sheikh Zayed City,None,Apartment,Residential,Sale
https://remax.com.eg/property/للبيع-دوبلكس-بسعر-مميز-جدا-استلام-فوري-ماونتن-فيو-اى-سيتى-اكتوبر-اطلاله-مميزه-جدا-فيو-مفتوح-لاند-سكيب-كورنر-7900,3,4,230,"EGP 9,800,000",42608.7,"6 October City - Giza , Egypt",Giza,6 October City,None,Apartment,Residential,None
https://remax.com.eg/property/for-rent-mountainview-icity-october-club-park-open-view-2bedrooms-7897,2,2,105,"EGP 276,000",2628.57,"6 October City - Giza , Egypt",Giza,6 October City,None,Apartment,Residential,Rent
https://remax.com.eg/property/fully-finished-clinic-for-rent-in-kazan-mall-7894,2,1,55,"EGP 24,000",436.36,"6 October City - Giza , Egypt",Giza,6 October City,None,Apartment,Residential,Rent
https://remax.com.eg/property/luxury-fully-furnished-apartment-for-rent-in-zed-west-by-ora-developments-7766,2,3,135,"EGP 60,000",444.44,"Sheikh Zayed City - Giza , Egypt",Giza,Sheikh Zayed City,None,Apartment,Residential,Rent
https://remax.com.eg/property/full-furnished-studio-for-rent-in-owest-compound-tulwa-opposite-msa-university-with-kitchen-acs-full-appliances-7775,1,1,38,"EGP 216,000",5684.21,"6 October City - Giza , Egypt",Giza,6 October City,None,Apartment,Residential,Rent
https://remax.com.eg/property/prime-location-apartment-in-al-muroj-compound-7877,3,3,174,"EGP 6,500,000",37356.32,"6 October City - Giza , Egypt",Giza,6 October City,None,Apartment,Residential,Sale
https://remax.com.eg/property/apartment-for-rent-in-mountain-view-icity-7916,3,3,205,"EGP 35,000",170.73,"6 October City - Giza , Egypt",Giza,6 October City,None,Apartment,Residential,Rent
https://remax.com.eg/property/for-sale-specil-price-owest-orascom-october-tulwa-7881,2,3,155,"EGP 7,100,000",45806.45,"6 October City - Giza , Egypt",Giza,6 October City,None,Apartment,Residential,Sale
https://remax.com.eg/property/clinic-for-rent-in-silver-gate-mall-7908,1,0,37,"EGP 17,000",459.46,"Sheikh Zayed City - Giza , Egypt",Giza,Sheikh Zayed City,None,Apartment,Residential,Rent
https://remax.com.eg/property/apartment-for-sale-in-la-cite-plaza-7907,3,2,140,"EGP 4,500,000",32142.86,"6 October City - Giza , Egypt",Giza,6 October City,None,Apartment,Residential,Sale
https://remax.com.eg/property/apartment-for-rent-owest-tulwa-very-prime-location-open-view-landscape-2bedrooms-2master-3bathroom-bua-144-fully-finished-kitchen-and-acs-7772,2,3,143,EGP 360,2.52,"6 October City - Giza , Egypt",Giza,6 October City,None,Apartment,Residential,Rent
https://remax.com.eg/property/first-use-apartment-for-rent-in-the-touristic-zone-7889,3,3,250,"EGP 22,000",88.0,"6 October City - Giza , Egypt",Giza,6 October City,None,Apartment,Residential,Rent
https://remax.com.eg/property/apartment-in-courtyard-with-kitchen-acs-7728,3,2,165,"EGP 45,000",272.73,"Sheikh Zayed City - Giza , Egypt",Giza,Sheikh Zayed City,None,Apartment,Residential,Rent
https://remax.com.eg/property/for-sale-lowest-priced-penthouse-owest-orascom-october-very-prime-location-open-view-landscape-7794,4,4,298,"EGP 13,600,000",45637.58,"6 October City - Giza , Egypt",Giza,6 October City,None,Apartment,Residential,Sale
https://remax.com.eg/property/for-sale-mountain-view-october-park-رللبيع-بماونتن-فيو-اكتوبر-بارك-اى-فيلا-218م-بجاردن-55م-فيو-مفتوح-وعلى-بوول-مباش-7850,3,3,275,"EGP 12,500,000",45454.55,"6 October City - Giza , Egypt",Giza,6 October City,None,Apartment,Residential,Sale
https://remax.com.eg/property/for-rent-ground-apartment-owest-orascom-october-tulwa-open-view-landscape-bua-133m-garden-80m-2bedroom-2bathroom-light-finished-kitchen-acs-7774,2,2,133,"EGP 360,000",2706.77,"6 October City - Giza , Egypt",Giza,6 October City,None,Apartment,Residential,Rent
https://remax.com.eg/property/fully-finished-apartment-for-rent-in-badya-7892,3,3,176,"EGP 25,000",142.05,"Sheikh Zayed City - Giza , Egypt",Giza,Sheikh Zayed City,None,Apartment,Residential,Rent
https://remax.com.eg/property/for-sale-mountainview-icity-october-للبيع-ماونتن-فيو-اى-سيتى-اكتوبر-apartment-155m-3bedroom-3bathroom-2teras-7827,3,3,155,"EGP 7,000,000",45161.29,"6 October City - Giza , Egypt",Giza,6 October City,None,Apartment,Residential,Sale
https://remax.com.eg/property/luxuryr-apartment-for-rent-owest-tulwa-very-prime-locationopen-view-landscape-3-bedroom-nany-7770,3,4,195,"EGP 30,000",153.85,"6 October City - Giza , Egypt",Giza,6 October City,None,Apartment,Residential,Rent
https://remax.com.eg/property/for-sale-in-owest-orascom-excellent-investment-opportunity-in-the-most-important-compound-in-october-and-zayed-7844,0,0,742,"EGP 98,000,000",132075.47,"6 October City - Giza , Egypt",Giza,6 October City,None,Apartment,Residential,Sale
https://remax.com.eg/property/for-sale-apartment-190m-owest-orascom-october-very-prime-location-open-view-landscape-7800,3,4,190,"EGP 11,000,000",57894.74,"6 October City - Giza , Egypt",Giza,6 October City,None,Apartment,Residential,Sale
https://remax.com.eg/property/standalone-villa-for-sale-owest-compound-phase-whyt-by-orascom-developments-7796,4,4,400,"EGP 25,000,000",62500.0,"6 October City - Giza , Egypt",Giza,6 October City,None,Apartment,Residential,Sale
https://remax.com.eg/property/للبيع-في-هايد-بارك-الساحل-الشمالي-قرية-سي-شور-شاليه-بفيو-لاجون-مميز-مطلوب-المدفوع-فقط-7880,2,2,100,"EGP 10,000,000",100000.0,"Ras Al Hekma - North Coast , Egypt",North Coast,Ras Al Hekma,None,Apartment,Residential,None
https://remax.com.eg/property/ground-apartment-for-rent-in-one16-sodic-west-7886,3,3,180,"EGP 85,000",472.22,"Sheikh Zayed City - Giza , Egypt",Giza,Sheikh Zayed City,None,Apartment,Residential,Rent
https://remax.com.eg/property/for-sale-townhouses-corner-the-best-price-in-mountainview-icity-october-bua-185m-land-280m-3-bedroom-1master-7879,3,3,280,"EGP 10,000,000",35714.29,"6 October City - Giza , Egypt",Giza,6 October City,None,Apartment,Residential,Sale
https://remax.com.eg/property/for-sale-villa-one-story-mountainview-icity-october-mv-open-view-lake-صف-اول-على-lake-دايركت-7878,4,4,520,"EGP 28,000,000",53846.15,"6 October City - Giza , Egypt",Giza,6 October City,None,Apartment,Residential,Sale
https://remax.com.eg/property/for-sale-villa-standalone-owest-whyt-ready-to-move-land-353m-bua-207-type-a-7884,3,3,353,"EGP 20,000,000",56657.22,"6 October City - Giza , Egypt",Giza,6 October City,None,Apartment,Residential,Sale
https://remax.com.eg/property/penthouse-for-rent-in-kayan-sheikh-zayed-7874,3,2,130,"EGP 23,000",176.92,"Sheikh Zayed City - Giza , Egypt",Giza,Sheikh Zayed City,None,Apartment,Residential,Rent
https://remax.com.eg/property/prime-location-office-clinic-in-golf-central-7876,0,0,77,"EGP 77,000",1000.0,"6 October City - Giza , Egypt",Giza,6 October City,None,Apartment,Commercial,None
https://remax.com.eg/property/fully-finished-ground-floor-with-garden-apartment-for-sale-at-tulwa-o-west-very-prime-location-open-view-landscape-7882,4,5,205,"EGP 17,000,000",82926.83,"6 October City - Giza , Egypt",Giza,6 October City,None,Apartment,Residential,Sale
https://remax.com.eg/property/luxurious-furnished-i-villa-garden-in-mv-chillout-7285,3,3,280,"EGP 65,000",232.14,"6 October City - Giza , Egypt",Giza,6 October City,None,Apartment,Residential,Rent
https://remax.com.eg/property/for-sale-a-ground-floor-apartment-in-a-garden-corner-degoya-residence-new-zayed-opposite-sphinx-airport-between-sodic-and-al-marasem-apartment-area-106-square-meters-garden-35-square-meters-2-bedrooms-2-bathrooms-7869,2,2,106,"EGP 7,600,000",71698.11,"Sheikh Zayed City - Giza , Egypt",Giza,Sheikh Zayed City,None,Apartment,Residential,Sale
https://remax.com.eg/property/luxurious-furnished-apartment-in-el-khamayel-7872,3,3,171,"EGP 40,000",233.92,"Sheikh Zayed City - Giza , Egypt",Giza,Sheikh Zayed City,None,Apartment,Residential,Rent
https://remax.com.eg/property/for-rent-apartment-in-janna-zayed-1-7861,3,2,130,"EGP 35,000",269.23,"Sheikh Zayed City - Giza , Egypt",Giza,Sheikh Zayed City,None,Apartment,Residential,Rent
https://remax.com.eg/property/luxury-apartment-for-rent-in-8th-district-7842,3,2,200,"EGP 40,000",200.0,"Sheikh Zayed City - Giza , Egypt",Giza,Sheikh Zayed City,None,Apartment,Residential,Rent
https://remax.com.eg/property/standalone-villa-in-badya-semi-furnished-7859,3,3,254,"EGP 52,000",204.72,"Sheikh Zayed City - Giza , Egypt",Giza,Sheikh Zayed City,None,Apartment,Residential,Rent
https://remax.com.eg/property/resale-townhouse-with-water-view-in-v-levels-7856,4,4,269,"EGP 15,900,000",59107.81,"Sheikh Zayed City - Giza , Egypt",Giza,Sheikh Zayed City,None,Apartment,Residential,Sale
https://remax.com.eg/property/office-for-rent-in-the-portal-beverly-hills-sodic-7848,0,0,268,"EGP 135,000",503.73,"Sheikh Zayed City - Giza , Egypt",Giza,Sheikh Zayed City,None,Apartment,Residential,Rent
https://remax.com.eg/property/luxury-furnished-apartment-in-rawdat-zayed-7835,2,1,70,"EGP 27,000",385.71,"Sheikh Zayed City - Giza , Egypt",Giza,Sheikh Zayed City,None,Apartment,Residential,Rent
https://remax.com.eg/property/resale-semi-finished-penthouse-in-kayan-7671,4,2,141,"EGP 5,343,000",37893.62,"Sheikh Zayed City - Giza , Egypt",Giza,Sheikh Zayed City,None,Apartment,Residential,Sale
https://remax.com.eg/property/resale-semi-finished-penthouse-in-kayan-7672,4,2,145,"EGP 5,560,000",38344.83,"Sheikh Zayed City - Giza , Egypt",Giza,Sheikh Zayed City,None,Apartment,Residential,Sale
https://remax.com.eg/property/clinic-for-rent-in-meditown-new-giza-7847,4,0,160,"EGP 80,000",500.0,"6 October City - Giza , Egypt",Giza,6 October City,None,Apartment,Residential,Rent
https://remax.com.eg/property/penthouse-for-sale-in-palm-parks-compound-october-bua-280m-100m-roof-4-bedrooms-one-master-4-bathrooms-prime-location-open-view-landscape-ultra-super-deluxe-finishing-with-kitchen-and-air-conditioning-7826,4,4,380,"EGP 20,000,000",52631.58,"6 October City - Giza , Egypt",Giza,6 October City,None,Apartment,Residential,Sale
https://remax.com.eg/property/townhouse-for-sale-in-joulz-compound-7853,3,6,330,"EGP 23,000,000",69696.97,"6 October City - Giza , Egypt",Giza,6 October City,None,Apartment,Residential,Sale
https://remax.com.eg/property/resale-fully-finished-standalone-in-badya-7857,3,3,254,"EGP 14,450,000",56889.76,"Sheikh Zayed City - Giza , Egypt",Giza,Sheikh Zayed City,None,Apartment,Residential,Sale
https://remax.com.eg/property/cozy-studio-for-rent-in-palm-parks-palm-hills-7863,1,1,90,"EGP 25,000",277.78,"6 October City - Giza , Egypt",Giza,6 October City,None,Apartment,Residential,Rent
https://remax.com.eg/property/officeclinic-space-with-panoramic-mehwar-view-7815,3,0,85,"EGP 45,000",529.41,"6 October City - Giza , Egypt",Giza,6 October City,None,Apartment,Residential,Rent
https://remax.com.eg/property/fully-finished-apartment-for-rent-in-october-plaza-7807,2,3,157,"EGP 32,000",203.82,"6 October City - Giza , Egypt",Giza,6 October City,None,Apartment,Residential,Rent
https://remax.com.eg/property/twinhouse-with-kitchen-and-acs-in-gardenia-park-2-7811,4,5,300,"EGP 65,000",216.67,"6 October City - Giza , Egypt",Giza,6 October City,None,Apartment,Residential,Rent
https://remax.com.eg/property/apartment-for-rent-in-al-khamayel-compound-phase-3b-7786,2,2,143,"EGP 17,000",118.88,"Sheikh Zayed City - Giza , Egypt",Giza,Sheikh Zayed City,None,Apartment,Residential,Rent
https://remax.com.eg/property/resale-ground-floor-duplex-in-ivoire-west-7782,3,3,240,"EGP 10,300,000",42916.67,"Sheikh Zayed City - Giza , Egypt",Giza,Sheikh Zayed City,None,Apartment,Residential,Sale
https://remax.com.eg/property/furnished-apartment-for-rent-in-janna-zayed-1-7779,3,2,130,"EGP 35,000",269.23,"Sheikh Zayed City - Giza , Egypt",Giza,Sheikh Zayed City,None,Apartment,Residential,Rent
https://remax.com.eg/property/apartment-for-sale-owest-by-orascom-development-3bedroom-open-view-landscape-7801,3,3,150,"EGP 9,750,000",65000.0,"6 October City - Giza , Egypt",Giza,6 October City,None,Apartment,Residential,Sale
https://remax.com.eg/property/apartment-for-rent-in-zed-towers-7841,3,4,218,"EGP 60,000",275.23,"Sheikh Zayed City - Giza , Egypt",Giza,Sheikh Zayed City,None,Apartment,Residential,Rent
https://remax.com.eg/property/prime-location-clinic-in-westown-sodic-medical-7785,0,0,47,"EGP 24,000",510.64,"Sheikh Zayed City - Giza , Egypt",Giza,Sheikh Zayed City,None,Apartment,Residential,Rent
https://remax.com.eg/property/finished-clinic-in-meditown-new-giza-pyramids-view-7809,0,1,110,"EGP 52,000",472.73,"6 October City - Giza , Egypt",Giza,6 October City,None,Apartment,Residential,Rent
https://remax.com.eg/property/apartment-for-sale-owest-orascom-october-tulwa-3bedroom-للبيع-شقه-مميزه-وبسعر-مميز-جدا-فى-اويست-اوراسكوم-7822,3,3,170,"EGP 9,400,000",55294.12,"6 October City - Giza , Egypt",Giza,6 October City,None,Apartment,Residential,Sale
https://remax.com.eg/property/furnished-apartment-for-long-terms-rent-in-casa-7834,2,2,120,"EGP 40,000",333.33,"Sheikh Zayed City - Giza , Egypt",Giza,Sheikh Zayed City,None,Apartment,Residential,Rent
https://remax.com.eg/property/for-sale-townhouse-in-o-west-whyt-7748,3,4,205,"EGP 13,350,000",65121.95,"6 October City - Giza , Egypt",Giza,6 October City,None,Apartment,Residential,Sale
https://remax.com.eg/property/67m-clinic-for-rent-in-ritzy-mall-sheikh-zayed-7750,0,1,67,"EGP 50,000",746.27,"Sheikh Zayed City - Giza , Egypt",Giza,Sheikh Zayed City,None,Apartment,Residential,Rent
https://remax.com.eg/property/resale-opportunity-in-core-o-west-7563,1,1,84,"EGP 4,312,000",51333.33,"6 October City - Giza , Egypt",Giza,6 October City,None,Apartment,Residential,Sale
https://remax.com.eg/property/belle-vie-villa-for-sale-7763,7,7,403,"EGP 68,155,965",169121.5,"Sheikh Zayed City - Giza , Egypt",Giza,Sheikh Zayed City,None,Apartment,Residential,Sale
https://remax.com.eg/property/resale-ground-apartment-with-garden-in-one-33-compound-6818,2,3,135,"EGP 6,750,000",50000.0,"6 October City - Giza , Egypt",Giza,6 October City,None,Apartment,Residential,Sale
https://remax.com.eg/property/urnished-apartment-in-espana-plaza-7761,2,2,150,"EGP 25,000",166.67,"Sheikh Zayed City - Giza , Egypt",Giza,Sheikh Zayed City,None,Apartment,Residential,Rent
https://remax.com.eg/property/prime-location-apartment-in-alkarma-kay-7771,2,2,123,"EGP 11,090,000",90162.6,"Sheikh Zayed City - Giza , Egypt",Giza,Sheikh Zayed City,None,Apartment,Residential,Sale
https://remax.com.eg/property/apartment-with-luxurious-furniture-in-city-view-7743,3,3,185,"EGP 65,000",351.35,"6 October City - Giza , Egypt",Giza,6 October City,None,Apartment,Residential,Rent
https://remax.com.eg/property/resale-loft-for-sale-in-ivoire-west-7767,3,3,233,"EGP 9,157,000",39300.43,"Sheikh Zayed City - Giza , Egypt",Giza,Sheikh Zayed City,None,Apartment,Residential,Sale
https://remax.com.eg/property/luxury-twinhouse-with-kitchen-and-acs-in-jeera-sheikh-zayed-7747,4,4,362,"EGP 80,000",220.99,"Sheikh Zayed City - Giza , Egypt",Giza,Sheikh Zayed City,None,Apartment,Residential,Rent
https://remax.com.eg/property/for-sale-duplex-in-village-west-dorra-7755,4,4,246,"EGP 17,300,000",70325.2,"Sheikh Zayed City - Giza , Egypt",Giza,Sheikh Zayed City,None,Apartment,Residential,Sale
https://remax.com.eg/property/first-use-luxury-furniture-apartment-plaza-view-7751,3,3,161,"EGP 65,000",403.73,"Sheikh Zayed City - Giza , Egypt",Giza,Sheikh Zayed City,None,Apartment,Residential,Rent
https://remax.com.eg/property/fully-finished-townhouse-in-palm-hills-woodville-7724,5,4,260,"EGP 22,000,000",84615.38,"6 October City - Giza , Egypt",Giza,6 October City,None,Apartment,Residential,Sale
https://remax.com.eg/property/resale-apartment-in-sheikh-zayed-8th-district-7738,3,2,143,"EGP 3,800,000",26573.43,"Sheikh Zayed City - Giza , Egypt",Giza,Sheikh Zayed City,None,Apartment,Residential,Sale
https://remax.com.eg/property/resale-fully-finished-apartment-in-village-west-7729,3,3,167,"EGP 12,300,000",73652.69,"Sheikh Zayed City - Giza , Egypt",Giza,Sheikh Zayed City,None,Apartment,Residential,Sale
https://remax.com.eg/property/semi-furnished-penthouse-with-roof-open-view-7735,2,2,167,"EGP 35,000",209.58,"6 October City - Giza , Egypt",Giza,6 October City,None,Apartment,Residential,Rent
https://remax.com.eg/property/furnished-ground-with-garden-in-the-address-7723,3,2,109,"EGP 45,000",412.84,"Sheikh Zayed City - Giza , Egypt",Giza,Sheikh Zayed City,None,Apartment,Residential,Rent
https://remax.com.eg/property/luxurious-furnishing-penthouse-in-city-view-7742,4,6,420,"EGP 145,000",345.24,"6 October City - Giza , Egypt",Giza,6 October City,None,Apartment,Residential,Rent
https://remax.com.eg/property/luxury-villa-for-rent-flowers-park-compound-in-front-of-rehab-city-7622,6,5,386,"EGP 120,000",310.88,"New Cairo City - Cairo , Egypt",Cairo,New Cairo City,None,Apartment,Residential,Rent
https://remax.com.eg/property/finished-chalet-in-allura-stella-heights-7737,1,1,73,"EGP 3,131,875",42902.4,"Al Alamein - North Coast , Egypt",North Coast,Al Alamein,None,Apartment,Commercial,Sale
https://remax.com.eg/property/corner-apartment-landscape-view-mountain-view-7736,3,3,145,"EGP 5,800,000",40000.0,"6 October City - Giza , Egypt",Giza,6 October City,None,Apartment,Residential,Sale
https://remax.com.eg/property/for-rent-penthouse-in-o-west-first-use-7730,4,4,194,"EGP 35,000",180.41,"6 October City - Giza , Egypt",Giza,6 October City,None,Apartment,Residential,Rent
https://remax.com.eg/property/corner-townhouse-in-soleya-compound-by-inertia-7732,4,4,385,"EGP 16,000,000",41558.44,"6 October City - Giza , Egypt",Giza,6 October City,None,Apartment,Residential,Sale
https://remax.com.eg/property/apartment-in-club-residence-o-west-7726,4,3,207,"EGP 13,000,000",62801.93,"6 October City - Giza , Egypt",Giza,6 October City,None,Apartment,Residential,Sale
https://remax.com.eg/property/villa-with-roof-for-sale-in-rayos-prime-location-7717,4,4,265,"EGP 12,000,000",45283.02,"6 October City - Giza , Egypt",Giza,6 October City,None,Apartment,Residential,Sale
https://remax.com.eg/property/resale-fully-finished-apartment-in-al-karma-kay-7692,2,2,115,"EGP 7,200,000",62608.7,"Sheikh Zayed City - Giza , Egypt",Giza,Sheikh Zayed City,None,Apartment,Residential,Sale
https://remax.com.eg/property/first-use-clinic-with-best-price-in-kazan-mall-7709,0,1,64,"EGP 30,000",468.75,"6 October City - Giza , Egypt",Giza,6 October City,None,Apartment,Residential,Rent
https://remax.com.eg/property/furnished-apartment-in-janna-zayed-2-7722,None,None,None,None,None,None,None,None,None,None,Residential,None
https://remax.com.eg/property/luxury-apartment-for-rent-in-zed-west-zed-7697,3,4,218,"EGP 50,000",229.36,"Sheikh Zayed City - Giza , Egypt",Giza,Sheikh Zayed City,None,Apartment,Residential,Rent
https://remax.com.eg/property/luxurious-studio-first-use-zed-towers-g20-7706,None,None,None,None,None,None,None,None,None,None,Residential,None
https://remax.com.eg/property/prime-location-finished-apartment-in-el-motamyez-7715,3,2,245,"EGP 6,600,000",26938.78,"6 October City - Giza , Egypt",Giza,6 October City,None,Apartment,Residential,Sale
https://remax.com.eg/property/apartment-in-al-karma-kay-fully-finished-with-acs-7691,3,3,136,"EGP 8,150,000",59926.47,"Sheikh Zayed City - Giza , Egypt",Giza,Sheikh Zayed City,None,Apartment,Residential,Sale
https://remax.com.eg/property/prime-bahary-apartment-for-sale-in-vye-sodic-7689,2,2,106,"EGP 8,000,000",75471.7,"Sheikh Zayed City - Giza , Egypt",Giza,Sheikh Zayed City,None,Apartment,Residential,Sale
https://remax.com.eg/property/furnished-apartment-130sqm-in-janna-zayed-2-7721,2,2,130,"EGP 37,000",284.62,"Sheikh Zayed City - Giza , Egypt",Giza,Sheikh Zayed City,None,Apartment,Residential,Rent
https://remax.com.eg/property/premium-standalone-in-beverly-hills-prime-location-7712,9,10,650,"EGP 43,000,000",66153.85,"Sheikh Zayed City - Giza , Egypt",Giza,Sheikh Zayed City,None,Apartment,Residential,Sale
https://remax.com.eg/property/twin-house-for-rent-in-palm-hills-golf-extension-7716,4,5,280,"EGP 130,300",465.36,"6 October City - Giza , Egypt",Giza,6 October City,None,Apartment,Residential,Rent
https://remax.com.eg/property/luxury-apartment-with-garden-for-sale-in-mar-ville-7682,3,3,191,"EGP 14,554,250",76200.26,"Sheikh Zayed City - Giza , Egypt",Giza,Sheikh Zayed City,None,Apartment,Residential,Sale
https://remax.com.eg/property/townhouse-in-tawny-by-hyde-park-prime-location-7684,4,4,243,"EGP 31,000,000",127572.02,"6 October City - Giza , Egypt",Giza,6 October City,None,Apartment,Residential,Sale
https://remax.com.eg/property/office-for-rent-in-plaza-espana-mall-7640,5,2,137,"EGP 130,000",948.91,"Sheikh Zayed City - Giza , Egypt",Giza,Sheikh Zayed City,None,Apartment,Residential,Rent
https://remax.com.eg/property/apartment-for-rent-at-october-plaza-compound-7675,3,3,216,"EGP 45,000",208.33,"6 October City - Giza , Egypt",Giza,6 October City,None,Apartment,Residential,Rent
https://remax.com.eg/property/luxury-upper-ground-apartment-in-the-16th-district-3522,4,4,250,"EGP 5,900,000",23600.0,"Sheikh Zayed City - Giza , Egypt",Giza,Sheikh Zayed City,None,Apartment,Residential,Sale
https://remax.com.eg/property/apartment-for-sale-at-zed-west-prime-location-7676,4,5,185,"EGP 13,000,000",70270.27,"Sheikh Zayed City - Giza , Egypt",Giza,Sheikh Zayed City,None,Apartment,Residential,Sale
https://remax.com.eg/property/standalone-villa-for-rent-in-palm-hills-7673,5,6,710,"EGP 290,000",408.45,"6 October City - Giza , Egypt",Giza,6 October City,None,Apartment,Residential,Rent
https://remax.com.eg/property/furnished-apartment-for-rent-320-m-rushdi-second-floor-from-the-sea-4526,4,2,320,"EGP 35,000",109.38,"Hay Sharq - Alexandria , Egypt",Alexandria,Hay Sharq,None,Apartment,Residential,Rent
https://remax.com.eg/property/apartment-for-sale-in-the-axis-prime-location-7687,2,1,146,"EGP 4,650,000",31849.32,"Sheikh Zayed City - Giza , Egypt",Giza,Sheikh Zayed City,None,Apartment,Residential,Sale
https://remax.com.eg/property/townhouse-for-sale-in-hill-side-o-west-7667,3,3,196,"EGP 19,000,000",96938.78,"6 October City - Giza , Egypt",Giza,6 October City,None,Apartment,Residential,Sale
https://remax.com.eg/property/furnished-studio-with-roof-in-beverly-hills-sodic-6726,1,1,40,"EGP 30,000",750.0,"Sheikh Zayed City - Giza , Egypt",Giza,Sheikh Zayed City,None,Apartment,Residential,Rent
https://remax.com.eg/property/first-use-luxurious-furnished-apartment-zed-west-7674,2,3,135,"EGP 60,000",444.44,"Sheikh Zayed City - Giza , Egypt",Giza,Sheikh Zayed City,None,Apartment,Residential,Rent
https://remax.com.eg/property/standalone-for-rent-in-7th-district-october-7647,5,4,400,"EGP 60,000",150.0,"6 October City - Giza , Egypt",Giza,6 October City,None,Apartment,Residential,Rent
https://remax.com.eg/property/apartment-with-garden-in-zayed-dunes-ready-to-move-7653,2,2,102,"EGP 5,850,000",57352.94,"Sheikh Zayed City - Giza , Egypt",Giza,Sheikh Zayed City,None,Apartment,Residential,Sale
https://remax.com.eg/property/ready-to-move-town-house-the-estates-shiekh-zayed-7611,3,3,260,"EGP 18,800,000",72307.69,"Sheikh Zayed City - Giza , Egypt",Giza,Sheikh Zayed City,None,Apartment,Residential,None
https://remax.com.eg/property/allegria-sodic-villa-for-rent-7663,4,4,360,"EGP 1,800,000",5000.0,"Sheikh Zayed City - Giza , Egypt",Giza,Sheikh Zayed City,None,Apartment,Residential,Rent
https://remax.com.eg/property/furnished-apartment-with-roof-in-casa-7639,2,2,137,"EGP 53,000",386.86,"6 October City - Giza , Egypt",Giza,6 October City,None,Apartment,Residential,Rent
https://remax.com.eg/property/furnished-apartment-fo-rent-in-jannat-october-7650,3,2,130,"EGP 30,000",230.77,"6 October City - Giza , Egypt",Giza,6 October City,None,Apartment,Residential,Rent
https://remax.com.eg/property/standalone-villa-for-sale-in-badya-compound-7646,4,3,205,"EGP 21,387,000",104326.83,"Sheikh Zayed City - Giza , Egypt",Giza,Sheikh Zayed City,None,Apartment,Residential,Sale
https://remax.com.eg/property/96sqm-apartment-in-zed-west-sheikh-zayed-7657,2,2,96,"EGP 7,700,000",80208.33,"Sheikh Zayed City - Giza , Egypt",Giza,Sheikh Zayed City,None,Apartment,Residential,Sale
https://remax.com.eg/property/apartment-in-touristic-zone-6th-of-october-7660,3,2,207,"EGP 20,000",96.62,"6 October City - Giza , Egypt",Giza,6 October City,None,Apartment,Residential,Rent
https://remax.com.eg/property/apartment-for-sale-in-la-colina-prime-zayed-city-view-7654,4,3,186,"EGP 8,700,000",46774.19,"Sheikh Zayed City - Giza , Egypt",Giza,Sheikh Zayed City,None,Apartment,Residential,Sale
https://remax.com.eg/property/first-use-luxury-furnished-apartment-in-alkhamayel-7658,3,2,165,"EGP 37,000",224.24,"Sheikh Zayed City - Giza , Egypt",Giza,Sheikh Zayed City,None,Apartment,Residential,Rent
https://remax.com.eg/property/resale-apartment-in-promenade-residence-prime-location-7652,3,3,170,"EGP 4,800,000",28235.29,"6 October City - Giza , Egypt",Giza,6 October City,None,Apartment,Residential,Sale
https://remax.com.eg/property/quad-house-for-sale-in-tawny-by-hyde-park-7210,4,4,240,"EGP 16,000,000",66666.67,"6 October City - Giza , Egypt",Giza,6 October City,None,Apartment,Residential,Sale
https://remax.com.eg/property/apartment-with-big-garden-in-zayed-regency-7645,3,3,196,"EGP 12,900,000",65816.33,"Sheikh Zayed City - Giza , Egypt",Giza,Sheikh Zayed City,None,Apartment,Residential,Sale
https://remax.com.eg/property/apartment-for-sale-in-naia-west-7230,3,3,155,"EGP 9,995,000",64483.87,"Sheikh Zayed City - Giza , Egypt",Giza,Sheikh Zayed City,None,Apartment,Residential,Sale
https://remax.com.eg/property/apartment-overlooking-lagoon-in-rivers-7265,2,2,120,"EGP 5,400,000",45000.0,"Sheikh Zayed City - Giza , Egypt",Giza,Sheikh Zayed City,None,Apartment,Residential,None
https://remax.com.eg/property/furnished-villa-for-rent-in-el-yasmine-compound-7056,6,6,600,"EGP 80,000",133.33,"6 October City - Giza , Egypt",Giza,6 October City,None,Apartment,Residential,Rent
https://remax.com.eg/property/apartment-for-sale-in-village-west-no-over-7231,3,3,167,"EGP 9,995,000",59850.3,"Sheikh Zayed City - Giza , Egypt",Giza,Sheikh Zayed City,None,Apartment,Residential,Sale
https://remax.com.eg/property/fully-finished-apartment-in-mar-ville-7263,2,2,136,"EGP 9,375,000",68933.82,"Sheikh Zayed City - Giza , Egypt",Giza,Sheikh Zayed City,None,Apartment,Residential,None
https://remax.com.eg/property/apartment-in-o-west-prime-location-7637,3,3,156,"EGP 8,500,000",54487.18,"6 October City - Giza , Egypt",Giza,6 October City,None,Apartment,Residential,Sale
https://remax.com.eg/property/standalone-villa-for-sale-cairo-gate-emaar-7179,3,3,210,"EGP 31,000,000",147619.05,"Sheikh Zayed City - Giza , Egypt",Giza,Sheikh Zayed City,None,Apartment,Residential,Sale
https://remax.com.eg/property/prime-apartment-for-sale-in-kayan-7214,3,2,125,"EGP 5,300,000",42400.0,"Sheikh Zayed City - Giza , Egypt",Giza,Sheikh Zayed City,None,Apartment,Residential,Sale
https://remax.com.eg/property/garden-apartment-for-sale-in-kayan-7215,3,2,120,"EGP 5,500,000",45833.33,"Sheikh Zayed City - Giza , Egypt",Giza,Sheikh Zayed City,None,Apartment,Residential,Sale
https://remax.com.eg/property/apartment-for-rent-in-casa-compound-7644,2,2,120,"EGP 25,000",208.33,"6 October City - Giza , Egypt",Giza,6 October City,None,Apartment,Residential,Rent
https://remax.com.eg/property/apartment-fully-finished-for-sale-in-al-murooj-7294,4,3,262,"EGP 8,500,000",32442.75,"6 October City - Giza , Egypt",Giza,6 October City,None,Apartment,Residential,Sale
https://remax.com.eg/property/apartment-for-sale-mountain-view-aliva-7636,3,2,155,"EGP 6,300,000",40645.16,"Mostakbal City - Cairo , Egypt",Cairo,Mostakbal City,None,Apartment,Residential,Sale
https://remax.com.eg/property/luxury-villa-for-sale-flowers-park-compound-7623,6,5,386,"EGP 35,000,000",90673.58,"New Cairo City - Cairo , Egypt",Cairo,New Cairo City,None,Apartment,Residential,Rent
https://remax.com.eg/property/studio-with-private-roof-in-o-west-first-use-7281,1,1,27,"EGP 12,750",472.22,"6 October City - Giza , Egypt",Giza,6 October City,None,Apartment,Residential,Rent
https://remax.com.eg/property/prime-location-penthouse-in-village-west-rtm-7634,3,4,213,"EGP 13,900,000",65258.22,"Sheikh Zayed City - Giza , Egypt",Giza,Sheikh Zayed City,None,Apartment,Residential,Sale
https://remax.com.eg/property/apartment-for-sale-mountain-view-i-city-6-october-7633,3,2,135,"EGP 8,670,000",64222.22,"6 October City - Giza , Egypt",Giza,6 October City,None,Apartment,Residential,Sale
https://remax.com.eg/property/ground-studio-in-kayan-compound-7280,1,1,60,"EGP 3,600,000",60000.0,"Sheikh Zayed City - Giza , Egypt",Giza,Sheikh Zayed City,None,Apartment,Residential,Sale
https://remax.com.eg/property/for-sale-upper-family-house-with-landscape-view-7289,4,4,325,"EGP 13,800,000",42461.54,"6 October City - Giza , Egypt",Giza,6 October City,None,Apartment,Residential,Sale
https://remax.com.eg/property/semi-furnished-apartment-in-o-west-first-use-7282,3,4,167,"EGP 30,000",179.64,"6 October City - Giza , Egypt",Giza,6 October City,None,Apartment,Residential,Rent
https://remax.com.eg/property/apartment-in-west-leaves-open-landscape-view-7266,3,3,175,"EGP 6,500,000",37142.86,"6 October City - Giza , Egypt",Giza,6 October City,None,Apartment,Residential,None
https://remax.com.eg/property/townhouse-for-sale-in-badya-prime-location-7299,3,3,190,"EGP 9,585,000",50447.37,"Sheikh Zayed City - Giza , Egypt",Giza,Sheikh Zayed City,None,Apartment,Residential,Sale
https://remax.com.eg/property/fully-finished-duet-villa-penthouse-in-cairo-gate-7290,3,3,170,"EGP 17,200,000",101176.47,"Sheikh Zayed City - Giza , Egypt",Giza,Sheikh Zayed City,None,Apartment,Residential,None
https://remax.com.eg/property/fully-furnished-villa-for-sale-in-stella-sidi-abdelrahman-north-coast-7627,4,3,500,"EGP 23,000,000",46000.0,"Sidi Abdel Rahman - North Coast , Egypt",North Coast,Sidi Abdel Rahman,None,Apartment,Residential,Sale
https://remax.com.eg/property/luxury-penthouse-270m-for-rent-in-o-west-7626,3,4,270,"EGP 45,000",166.67,"6 October City - Giza , Egypt",Giza,6 October City,None,Apartment,Residential,Rent
https://remax.com.eg/property/ready-to-move-apartment-for-sale-heliopolis-residence-7624,3,2,176,"EGP 6,000,000",34090.91,"Shorouk City - Cairo , Egypt",Cairo,Shorouk City,None,Apartment,Residential,Sale
https://remax.com.eg/property/retail-shop-for-sale-in-ritzy-mall-sheikh-zayed-7618,0,0,55,"EGP 8,500,000",154545.45,"Sheikh Zayed City - Giza , Egypt",Giza,Sheikh Zayed City,None,Apartment,Commercial,Rent
https://remax.com.eg/property/apartment-with-kitchen-and-acs-in-courtyards-sodic-7616,3,3,209,"EGP 55,000",263.16,"Sheikh Zayed City - Giza , Egypt",Giza,Sheikh Zayed City,None,Apartment,Residential,Rent
https://remax.com.eg/property/garana-villa-for-rent-7610,5,4,600,"USD 45,600",76.0,"6 October City - Giza , Egypt",Giza,6 October City,None,Apartment,Residential,Rent
https://remax.com.eg/property/semi-furnished-ground-floor-apartment-in-westown-7615,2,2,123,"EGP 50,000",406.5,"Sheikh Zayed City - Giza , Egypt",Giza,Sheikh Zayed City,None,Apartment,Residential,Rent
https://remax.com.eg/property/mountain-view-icity-club-park-7630,3,3,170,"EGP 2,400,000",14117.65,"New Cairo City - Cairo , Egypt",Cairo,New Cairo City,None,Apartment,Residential,None
https://remax.com.eg/property/furnished-2br-apartment-in-dreamland-7619,2,2,130,"EGP 25,000",192.31,"6 October City - Giza , Egypt",Giza,6 October City,None,Apartment,Residential,Rent
https://remax.com.eg/property/fully-furnished-apartment-for-sale-sabina-elgouna-7632,1,1,67,"EGP 11,500,000",171641.79,"Hurghada - Red Sea , Egypt",Red Sea,Hurghada,None,Apartment,Residential,Sale
https://remax.com.eg/property/twin-house-for-resale-in-badya-ready-to-move-7620,3,3,280,"EGP 12,250,000",43750.0,"Sheikh Zayed City - Giza , Egypt",Giza,Sheikh Zayed City,None,Apartment,Residential,Sale
https://remax.com.eg/property/apartment-with-kitchen-and-acs-pool-view-7629,3,2,176,"EGP 7,200,000",40909.09,"6 October City - Giza , Egypt",Giza,6 October City,None,Apartment,Residential,Sale
https://remax.com.eg/property/finished-standalone-villa-at-a-very-prime-location-7593,4,5,600,"EGP 26,500,000",44166.67,"Sheikh Zayed City - Giza , Egypt",Giza,Sheikh Zayed City,None,Apartment,Residential,Sale
https://remax.com.eg/property/resale-semi-finished-townhouse-in-keeva-compound-4422,3,4,166,"EGP 8,450,000",50903.61,"6 October City - Giza , Egypt",Giza,6 October City,None,Apartment,Residential,Sale
https://remax.com.eg/property/apartment-for-sale-in-zed-east-7600,1,2,85,"EGP 7,786,000",91600.0,"- , Egypt",None,None,None,Apartment,Residential,Sale
https://remax.com.eg/property/apartment-for-rent-in-a-prime-location-in-janat-october-7605,3,2,130,"EGP 30,000",230.77,"6 October City - Giza , Egypt",Giza,6 October City,None,Apartment,Residential,Rent
https://remax.com.eg/property/prime-location-apartment-with-landscape-view-7205,3,3,166,"EGP 5,500,000",33132.53,"Sheikh Zayed City - Giza , Egypt",Giza,Sheikh Zayed City,None,Apartment,Residential,Sale
https://remax.com.eg/property/townhouse-for-sale-in-cleopatra-square-compound-7602,4,5,350,"EGP 18,000,000",51428.57,"6 October City - Giza , Egypt",Giza,6 October City,None,Apartment,Residential,Sale
https://remax.com.eg/property/for-rent-clinic-at-hale-town-palm-hills-october-7607,2,1,52,"EGP 26,000",500.0,"6 October City - Giza , Egypt",Giza,6 October City,None,Apartment,Residential,Rent
https://remax.com.eg/property/duplex-for-rent-at-murooj-6th-of-october-7604,3,3,260,"EGP 45,000",173.08,"6 October City - Giza , Egypt",Giza,6 October City,None,Apartment,Residential,Rent
https://remax.com.eg/property/for-sale-townhouse-ready-to-move-celopatra-square-7606,4,4,293,"EGP 14,500,000",49488.05,"6 October City - Giza , Egypt",Giza,6 October City,None,Apartment,Residential,Sale
https://remax.com.eg/property/i-villa-roof-at-mountain-view-mostakbal-city-7594,3,3,2,"EGP 120,912",60456.0,"Mostakbal City - Cairo , Egypt",Cairo,Mostakbal City,None,Apartment,Residential,Sale
https://remax.com.eg/property/apartment-for-sale-in-zed-east-7601,1,2,85,"EGP 7,787,000",91611.76,"New Cairo City - Cairo , Egypt",Cairo,New Cairo City,None,Apartment,Residential,Sale
https://remax.com.eg/property/apartment-at-badya-ready-to-move-7608,3,3,176,"EGP 6,000,000",34090.91,"Sheikh Zayed City - Giza , Egypt",Giza,Sheikh Zayed City,None,Apartment,Residential,Sale
https://remax.com.eg/property/apartment-for-rent-in-city-view-7589,3,3,200,"EGP 75,000",375.0,"6 October City - Giza , Egypt",Giza,6 October City,None,Apartment,Residential,Rent
https://remax.com.eg/property/penthouse-for-rent-in-city-view-pyramids-view-7587,3,3,300,"EGP 80,000",266.67,"6 October City - Giza , Egypt",Giza,6 October City,None,Apartment,Residential,Rent
https://remax.com.eg/property/ground-apartment-with-large-garden-in-the-address-7575,2,1,87,"EGP 6,200,000",71264.37,"Sheikh Zayed City - Giza , Egypt",Giza,Sheikh Zayed City,None,Apartment,Residential,Sale
https://remax.com.eg/property/furnished-hotel-style-apartment-for-rent-in-jannah-2-7574,3,2,130,"EGP 35,000",269.23,"Sheikh Zayed City - Giza , Egypt",Giza,Sheikh Zayed City,None,Apartment,Residential,Rent
https://remax.com.eg/property/apartment-at-pyramids-heights-7586,3,3,180,"EGP 780,000",4333.33,"6 October City - Giza , Egypt",Giza,6 October City,None,Apartment,Residential,Rent
https://remax.com.eg/property/brand-new-apartment-for-rent-in-city-view-7588,3,3,200,"EGP 50,000",250.0,"6 October City - Giza , Egypt",Giza,6 October City,None,Apartment,Residential,Rent
https://remax.com.eg/property/apartment-for-sale-in-9th-district-sheikh-zayed-7590,3,3,225,"EGP 7,200,000",32000.0,"Sheikh Zayed City - Giza , Egypt",Giza,Sheikh Zayed City,None,Apartment,Residential,Sale
https://remax.com.eg/property/twin-house-for-rent-with-private-pool-7578,4,4,350,"EGP 210,000",600.0,"6 October City - Giza , Egypt",Giza,6 October City,None,Apartment,Residential,Rent
https://remax.com.eg/property/apartment-for-sale-northern-touristic-area-7576,3,2,200,"EGP 4,100,000",20500.0,"6 October City - Giza , Egypt",Giza,6 October City,None,Apartment,Residential,Sale
https://remax.com.eg/property/apartment-for-sale-in-badya-ready-to-move-7580,1,1,86,"EGP 3,600,000",41860.47,"Sheikh Zayed City - Giza , Egypt",Giza,Sheikh Zayed City,None,Apartment,Residential,Sale
https://remax.com.eg/property/finished-ground-apartment-with-garden-amberville-7591,4,4,237,"EGP 21,750,000",91772.15,"6 October City - Giza , Egypt",Giza,6 October City,None,Apartment,Residential,Sale
https://remax.com.eg/property/3br-furnished-apartment-in-zayed-2000-compound-7592,3,2,190,"EGP 50,000",263.16,"Sheikh Zayed City - Giza , Egypt",Giza,Sheikh Zayed City,None,Apartment,Residential,Rent
https://remax.com.eg/property/apartment-at-pyramids-heights-7562,3,3,180,"EGP 780,000",4333.33,"6 October City - Giza , Egypt",Giza,6 October City,None,Apartment,Residential,Rent
https://remax.com.eg/property/elegant-apartment-for-sale-in-kenz-compound-7570,3,2,160,"EGP 5,000,000",31250.0,"6 October City - Giza , Egypt",Giza,6 October City,None,Apartment,Residential,Sale
https://remax.com.eg/property/apartment-in-7th-district-el-ofok-square-hekma-7568,3,2,161,"EGP 4,500,000",27950.31,"Sheikh Zayed City - Giza , Egypt",Giza,Sheikh Zayed City,None,Apartment,Residential,Sale
https://remax.com.eg/property/for-rent-twin-house-in-palm-hills-golf-extension-7572,4,4,260,"EGP 67,000",257.69,"6 October City - Giza , Egypt",Giza,6 October City,None,Apartment,Residential,Rent
https://remax.com.eg/property/standalone-villa-in-mountain-view-samos-ras-el-hekma-7571,4,4,250,"EGP 24,500,000",98000.0,"Ras Al Hekma - North Coast , Egypt",North Coast,Ras Al Hekma,None,Apartment,Commercial,Sale
https://remax.com.eg/property/twin-house-for-sale-in-naia-west-7567,4,4,255,"EGP 16,875,000",66176.47,"Sheikh Zayed City - Giza , Egypt",Giza,Sheikh Zayed City,None,Apartment,Residential,Sale
https://remax.com.eg/property/clinic-for-sale-in-west-park-ready-to-move-7564,3,1,74,"EGP 4,100,000",55405.41,"6 October City - Giza , Egypt",Giza,6 October City,None,Apartment,Residential,Sale
https://remax.com.eg/property/duplex-at-o-west-7558,3,3,225,"EGP 13,000,000",57777.78,"6 October City - Giza , Egypt",Giza,6 October City,None,Apartment,Residential,Sale
https://remax.com.eg/property/duplex-at-casa-7560,3,3,234,"EGP 870,000",3717.95,"6 October City - Giza , Egypt",Giza,6 October City,None,Apartment,Residential,Rent
https://remax.com.eg/property/ground-apartment-in-kayan-compound-badr-el-din-7573,3,2,130,"EGP 22,000",169.23,"Sheikh Zayed City - Giza , Egypt",Giza,Sheikh Zayed City,None,Apartment,Residential,Rent
https://remax.com.eg/property/apartment-at-palm-parks-7559,2,1,90,"EGP 7,300,000",81111.11,"6 October City - Giza , Egypt",Giza,6 October City,None,Apartment,Residential,Sale
https://remax.com.eg/property/finished-middle-townhouse-in-belle-vie-new-zayed-5154,3,2,195,"EGP 22,050,000",113076.92,"Sheikh Zayed City - Giza , Egypt",Giza,Sheikh Zayed City,None,Apartment,Residential,Sale
https://remax.com.eg/property/finished-middle-townhouse-in-belle-vie-new-zayed-5153,3,2,195,"EGP 22,500,000",115384.62,"Sheikh Zayed City - Giza , Egypt",Giza,Sheikh Zayed City,None,Apartment,Residential,Sale
https://remax.com.eg/property/resale-finished-penthouse-in-karmell-compound-5220,3,5,213,"EGP 14,000,000",65727.7,"Sheikh Zayed City - Giza , Egypt",Giza,Sheikh Zayed City,None,Apartment,Residential,Sale
https://remax.com.eg/property/clinic-for-sale-at-central-avenue-mall-3067,2,1,73,"EGP 10,982,000",150438.36,"Sheikh Zayed City - Giza , Egypt",Giza,Sheikh Zayed City,None,Apartment,Residential,Sale
https://remax.com.eg/property/resale-luxury-town-house-at-woodville-palm-hills-5155,4,3,355,"EGP 23,000,000",64788.73,"6 October City - Giza , Egypt",Giza,6 October City,None,Apartment,Residential,Sale
https://remax.com.eg/property/finished-apartment-at-owest-october-special-price-2906,2,2,132,"EGP 12,165,504",92162.91,"6 October City - Giza , Egypt",Giza,6 October City,None,Apartment,Residential,Sale
https://remax.com.eg/property/apartment-for-sale-in-belle-vie-emaar-2989,3,3,173,"EGP 14,200,000",82080.92,"Sheikh Zayed City - Giza , Egypt",Giza,Sheikh Zayed City,None,Apartment,Residential,Sale
https://remax.com.eg/property/finished-ground-apartment-sun-capital-great-view-3471,2,2,125,"EGP 5,500,000",44000.0,"6 October City - Giza , Egypt",Giza,6 October City,None,Apartment,Residential,Sale
https://remax.com.eg/property/resale-luxury-apartment-in-zed-west-landscape-view-5012,3,3,185,"EGP 13,200,000",71351.35,"Sheikh Zayed City - Giza , Egypt",Giza,Sheikh Zayed City,None,Apartment,Residential,Sale
https://remax.com.eg/property/standalone-type-s-with-an-attractive-price-badya-1720,3,3,286,"EGP 13,626,300",47644.41,"6 October City - Giza , Egypt",Giza,6 October City,None,Apartment,Residential,Sale
https://remax.com.eg/property/resale-apartment-in-dejoya-installments-10years-1447,2,2,108,"EGP 5,535,000",51250.0,"Sheikh Zayed City - Giza , Egypt",Giza,Sheikh Zayed City,None,Apartment,Residential,Sale
https://remax.com.eg/property/apartment-for-sale-in-palm-parks-6th-of-october-2876,3,2,170,"EGP 13,500,000",79411.76,"6 October City - Giza , Egypt",Giza,6 October City,None,Apartment,Residential,Sale
https://remax.com.eg/property/resale-apartment-in-la-colina-sheikh-zayed-5020,2,2,133,"EGP 7,220,000",54285.71,"Sheikh Zayed City - Giza , Egypt",Giza,Sheikh Zayed City,None,Apartment,Residential,Sale
https://remax.com.eg/property/furnished-apartment-for-rent-in-zed-west-7304,3,3,163,"EGP 70,000",429.45,"Sheikh Zayed City - Giza , Egypt",Giza,Sheikh Zayed City,None,Apartment,Residential,Rent
https://remax.com.eg/property/resale-apartment-at-badya-installments-10years-1421,1,1,60,"EGP 4,269,000",71150.0,"Alex Road - Cairo , Egypt",Cairo,Alex Road,None,Apartment,Residential,Sale
https://remax.com.eg/property/ultra-finished-office-for-rent-in-the-gate-plaza-mall-7291,2,1,67,"EGP 45,000",671.64,"Sheikh Zayed City - Giza , Egypt",Giza,Sheikh Zayed City,None,Apartment,Residential,Rent
https://remax.com.eg/property/fully-finished-apartment-in-kayan-park-view-7283,3,2,130,"EGP 23,000",176.92,"Sheikh Zayed City - Giza , Egypt",Giza,Sheikh Zayed City,None,Apartment,Residential,Rent
https://remax.com.eg/property/twin-house-for-sale-in-jedar-compound-7276,3,4,252,"EGP 19,700,000",78174.6,"6 October City - Giza , Egypt",Giza,6 October City,None,Apartment,Residential,Sale
https://remax.com.eg/property/resale-apartment-at-badya-palm-hills-october-1435,2,2,131,"EGP 5,125,000",39122.14,"6 October City - Giza , Egypt",Giza,6 October City,None,Apartment,Residential,Sale
https://remax.com.eg/property/apartment-for-sale-in-porto-marina-7307,3,2,140,"EGP 9,800,000",70000.0,"Al Alamein - North Coast , Egypt",North Coast,Al Alamein,None,Apartment,Residential,Sale
https://remax.com.eg/property/ready-to-move-apartment-in-beverly-hills-westown-7288,3,3,209,"EGP 15,300,000",73205.74,"Sheikh Zayed City - Giza , Egypt",Giza,Sheikh Zayed City,None,Apartment,Residential,None
https://remax.com.eg/property/modern-apartment-for-rent-in-tulwa-o-west-7303,2,3,142,"EGP 30,000",211.27,"6 October City - Giza , Egypt",Giza,6 October City,None,Apartment,Residential,Rent
https://remax.com.eg/property/ground-floor-apartment-with-spacious-private-garden-7301,2,2,125,"EGP 25,000",200.0,"6 October City - Giza , Egypt",Giza,6 October City,None,Apartment,Residential,None
https://remax.com.eg/property/furnished-apartment-for-immediate-rent-in-zed-west-7302,3,3,211,"EGP 65,000",308.06,"Sheikh Zayed City - Giza , Egypt",Giza,Sheikh Zayed City,None,Apartment,Residential,Rent
https://remax.com.eg/property/fully-furnished-apartment-in-8th-district-7277,4,3,250,"EGP 40,000",160.0,"Sheikh Zayed City - Giza , Egypt",Giza,Sheikh Zayed City,None,Apartment,Residential,Rent
https://remax.com.eg/property/green-heights-villa-for-sale-7256,4,5,500,"EGP 38,000,000",76000.0,"6 October City - Giza , Egypt",Giza,6 October City,None,Apartment,Residential,Sale
https://remax.com.eg/property/bahary-apartment-with-open-view-in-10th-district-7258,3,2,195,"EGP 5,300,000",27179.49,"6 October City - Giza , Egypt",Giza,6 October City,None,Apartment,Residential,Sale
https://remax.com.eg/property/finished-apartment-ready-to-move-with-best-price-7254,3,3,154,"EGP 8,200,000",53246.75,"Sheikh Zayed City - Giza , Egypt",Giza,Sheikh Zayed City,None,Apartment,Residential,Sale
https://remax.com.eg/property/fully-furnished-with-private-pool-in-beverly-hills-7252,4,2,300,"EGP 70,000",233.33,"Sheikh Zayed City - Giza , Egypt",Giza,Sheikh Zayed City,None,Apartment,Residential,Rent
https://remax.com.eg/property/garana-villa-for-sale-7245,6,5,700,"EGP 30,000,000",42857.14,"6 October City - Giza , Egypt",Giza,6 October City,None,Apartment,Residential,Sale
https://remax.com.eg/property/apartment-with-double-view-in-zed-west-7234,3,3,161,"EGP 35,000",217.39,"Sheikh Zayed City - Giza , Egypt",Giza,Sheikh Zayed City,None,Apartment,Residential,Rent
https://remax.com.eg/property/ground-apartment-for-rent-in-zed-sheikh-zayed-7247,3,3,161,"EGP 45,000",279.5,"Sheikh Zayed City - Giza , Egypt",Giza,Sheikh Zayed City,None,Apartment,Residential,Rent
https://remax.com.eg/property/modern-furniture-apartment-for-rent-in-zed-west-7253,2,2,102,"EGP 50,000",490.2,"Sheikh Zayed City - Giza , Egypt",Giza,Sheikh Zayed City,None,Apartment,Residential,Rent
https://remax.com.eg/property/ground-apartment-for-sale-in-city-view-compound-7238,2,2,150,"EGP 8,790,000",58600.0,"6 October City - Giza , Egypt",Giza,6 October City,None,Apartment,Residential,Sale
https://remax.com.eg/property/ground-chalet-in-playa-ghazala-7268,4,5,170,"EGP 20,500,000",120588.24,"Qesm Ad Dabaah - North Coast , Egypt",North Coast,Qesm Ad Dabaah,None,Apartment,Residential,Sale
https://remax.com.eg/property/furnished-apartment-for-rent-in-zayed-dunes-7246,3,2,149,"EGP 38,000",255.03,"Sheikh Zayed City - Giza , Egypt",Giza,Sheikh Zayed City,None,Apartment,Residential,Rent
https://remax.com.eg/property/garana-mansoin-for-sale-7261,5,7,1200,"EGP 60,000,000",50000.0,"6 October City - Giza , Egypt",Giza,6 October City,None,Apartment,Residential,Sale
https://remax.com.eg/property/rtm-twinhouse-with-installments-sodic-lagoon-view-7229,4,4,375,"EGP 30,000,000",80000.0,"Sheikh Zayed City - Giza , Egypt",Giza,Sheikh Zayed City,None,Apartment,Residential,Sale
https://remax.com.eg/property/furnished-penthouse-pool-view-amwaj-hotel-phase-7197,2,3,130,"EGP 7,500,000",57692.31,"Sidi Abdel Rahman - North Coast , Egypt",North Coast,Sidi Abdel Rahman,None,Apartment,Residential,Sale
https://remax.com.eg/property/apartment-for-sale-near-badya-university-7228,1,1,62,"EGP 3,200,000",51612.9,"Sheikh Zayed City - Giza , Egypt",Giza,Sheikh Zayed City,None,Apartment,Residential,Sale
https://remax.com.eg/property/first-use-luxurious-apartment-in-badya-palm-hills-7194,3,3,190,"EGP 20,000",105.26,"6 October City - Giza , Egypt",Giza,6 October City,None,Apartment,Residential,Rent
https://remax.com.eg/property/apartment-for-sale-in-badya-compound-7227,1,2,100,"EGP 3,180,000",31800.0,"Sheikh Zayed City - Giza , Egypt",Giza,Sheikh Zayed City,None,Apartment,Residential,Sale
https://remax.com.eg/property/apartment-for-rent-in-kayan-compound-7221,2,1,90,"EGP 18,000",200.0,"Sheikh Zayed City - Giza , Egypt",Giza,Sheikh Zayed City,None,Apartment,Residential,Rent
https://remax.com.eg/property/fully-furnished-apartment-in-beverly-hills-7233,3,2,170,"EGP 40,000",235.29,"Sheikh Zayed City - Giza , Egypt",Giza,Sheikh Zayed City,None,Apartment,Residential,None
https://remax.com.eg/property/luxurious-furnishing-middle-townhouse-in-allegria-7208,3,5,236,"EGP 135,000",572.03,"Sheikh Zayed City - Giza , Egypt",Giza,Sheikh Zayed City,None,Apartment,Residential,Rent
https://remax.com.eg/property/villa-on-swimmable-lagoon-mountain-view-chillout-7195,4,5,290,"EGP 31,500,000",108620.69,"6 October City - Giza , Egypt",Giza,6 October City,None,Apartment,Residential,None
https://remax.com.eg/property/apartment-for-rent-in-dreamland-with-large-terrace-7223,3,3,177,"EGP 30,000",169.49,"6 October City - Giza , Egypt",Giza,6 October City,None,Apartment,Residential,Rent
https://remax.com.eg/property/for-sale-prime-corner-townhouse-in-rivers-7199,4,5,205,"EGP 10,500,000",51219.51,"Sheikh Zayed City - Giza , Egypt",Giza,Sheikh Zayed City,None,Apartment,Residential,Sale
https://remax.com.eg/property/apartment-for-sale-in-beverly-hills-7209,3,3,180,"EGP 7,400,000",41111.11,"Sheikh Zayed City - Giza , Egypt",Giza,Sheikh Zayed City,None,Apartment,Commercial,Sale
https://remax.com.eg/property/finished-penthouse-in-ashgar-city-rtm-installments-7172,4,1,126,"EGP 4,100,000",32539.68,"6 October City - Giza , Egypt",Giza,6 October City,None,Apartment,Residential,Sale
https://remax.com.eg/property/furnished-villa-with-a-great-view-of-the-golf-6225,4,5,450,"EGP 90,000",200.0,"Sheikh Zayed City - Giza , Egypt",Giza,Sheikh Zayed City,None,Apartment,Residential,Rent
https://remax.com.eg/property/169m-apartment-for-rent-in-tulwa-o-west-october-3058,3,3,169,"EGP 30,000",177.51,"6 October City - Giza , Egypt",Giza,6 October City,None,Apartment,Residential,Rent
https://remax.com.eg/property/lagoon-front-luxury-in-soul-by-emaar-6351,4,4,358,"EGP 78,000,000",217877.09,"Ras Al Hekma - North Coast , Egypt",North Coast,Ras Al Hekma,None,Apartment,Residential,Sale
https://remax.com.eg/property/twin-house-in-la-vista-ras-el-hekma-ready-to-move-6676,3,3,140,"EGP 19,000,000",135714.29,"Ras Al Hekma - North Coast , Egypt",North Coast,Ras Al Hekma,None,Apartment,Residential,Sale
https://remax.com.eg/property/commercial-shop-for-rent-in-family-mall-5140,0,0,30,"EGP 15,000",500.0,"6 October City - Giza , Egypt",Giza,6 October City,None,Apartment,Commercial,Rent
https://remax.com.eg/property/apartment-for-rent-in-the-3rd-district-3690,3,2,220,"EGP 25,000",113.64,"Sheikh Zayed City - Giza , Egypt",Giza,Sheikh Zayed City,None,Apartment,Residential,Rent
https://remax.com.eg/property/prime-location-apartment-for-rent-badya-palm-hills-3465,3,3,195,"EGP 25,000",128.21,"Sheikh Zayed City - Giza , Egypt",Giza,Sheikh Zayed City,None,Apartment,Residential,Rent
https://remax.com.eg/property/fully-furnished-apartment-for-rent-in-zed-west-7169,3,3,167,"EGP 70,000",419.16,"Sheikh Zayed City - Giza , Egypt",Giza,Sheikh Zayed City,None,Apartment,Residential,Rent
https://remax.com.eg/property/resale-townhouse-middle-in-lac-ville-compound-5088,3,3,235,"EGP 11,000,000",46808.51,"Sheikh Zayed City - Giza , Egypt",Giza,Sheikh Zayed City,None,Apartment,Residential,Sale
https://remax.com.eg/property/studio-in-duplex-villa-for-sale-in-crystal-lagoons-7108,1,1,60,"EGP 2,695,000",44916.67,"Sidi Heneish - North Coast , Egypt",North Coast,Sidi Heneish,None,Apartment,Residential,Sale
https://remax.com.eg/property/apartment-for-rent-in-the-6th-touristic-zone-3798,3,3,320,"EGP 40,000",125.0,"6 October City - Giza , Egypt",Giza,6 October City,None,Apartment,Residential,Rent
https://remax.com.eg/property/middle-townhouse-for-sale-in-al-karma-residence-4917,3,3,160,"EGP 12,700,000",79375.0,"Sheikh Zayed City - Giza , Egypt",Giza,Sheikh Zayed City,None,Apartment,Residential,Sale
https://remax.com.eg/property/chalet-for-sale-direct-lagoon-at-mv-north-coast-6731,3,3,125,"EGP 12,500,000",100000.0,"Ras Al Hekma - North Coast , Egypt",North Coast,Ras Al Hekma,None,Apartment,Residential,Sale
https://remax.com.eg/property/finished-loft-lagon-view-june-sodic-installments-6751,2,3,145,"EGP 20,223,000",139468.97,"Ras Al Hekma - North Coast , Egypt",North Coast,Ras Al Hekma,None,Apartment,Residential,Rent
https://remax.com.eg/property/clinic-for-rent-in-kazan-mall-7162,2,1,55,"EGP 22,000",400.0,"6 October City - Giza , Egypt",Giza,6 October City,None,Apartment,Residential,Rent
https://remax.com.eg/property/twin-house-for-sale-ready-to-move-mv-north-coast-6737,3,4,155,"EGP 13,300,000",85806.45,"Ras Al Hekma - North Coast , Egypt",North Coast,Ras Al Hekma,None,Apartment,Residential,Sale
https://remax.com.eg/property/apartment-for-rent-in-8th-district-main-street-7094,3,2,165,"EGP 25,000",151.52,"6 October City - Giza , Egypt",Giza,6 October City,None,Apartment,Residential,Rent
https://remax.com.eg/property/corner-chalet-for-sale-prime-location-at-june-north-coast-6715,3,2,133,"EGP 13,700,000",103007.52,"Ras Al Hekma - North Coast , Egypt",North Coast,Ras Al Hekma,None,Apartment,Residential,Sale
https://remax.com.eg/property/apartment-for-sale-w-gate-compound-7161,3,2,180,"EGP 6,500,000",36111.11,"6 October City - Giza , Egypt",Giza,6 October City,None,Apartment,Residential,Sale
https://remax.com.eg/property/chalet-for-sale-lagoon-view-at-june-6716,2,2,116,"EGP 17,500,000",150862.07,"Ras Al Hekma - North Coast , Egypt",North Coast,Ras Al Hekma,None,Apartment,Residential,Sale
https://remax.com.eg/property/clinic-for-rent-in-meditown-new-giza-7100,2,1,95,"EGP 50,000",526.32,"6 October City - Giza , Egypt",Giza,6 October City,None,Apartment,Residential,Rent
https://remax.com.eg/property/prime-location-fully-finished-apartmnet-in-zayed-2000-7109,3,1,190,"EGP 7,980,000",42000.0,"Sheikh Zayed City - Giza , Egypt",Giza,Sheikh Zayed City,None,Apartment,Residential,Sale
https://remax.com.eg/property/lagoon-view-facing-north-fully-furnished-6600,3,3,282,"EGP 28,000,000",99290.78,"Qesm Marsa Matrouh - North Coast , Egypt",North Coast,Qesm Marsa Matrouh,None,Apartment,Residential,None
https://remax.com.eg/property/apartment-with-installments-in-mostakbal-city-7086,3,3,165,"EGP 5,700,000",34545.45,"Mostakbal City - Cairo , Egypt",Cairo,Mostakbal City,None,Apartment,Residential,Sale
https://remax.com.eg/property/apartment-for-rent-in-jannah-compound-7084,3,3,140,"EGP 33,000",235.71,"Sheikh Zayed City - Giza , Egypt",Giza,Sheikh Zayed City,None,Apartment,Residential,Rent
https://remax.com.eg/property/apartment-with-penthouse-less-than-market-price-7072,3,3,191,"EGP 5,500,000",28795.81,"Sheikh Zayed City - Giza , Egypt",Giza,Sheikh Zayed City,None,Apartment,Residential,None
https://remax.com.eg/property/furnished-penthouse-in-mountain-view-chillout-7057,3,3,166,"EGP 45,000",271.08,"Sheikh Zayed City - Giza , Egypt",Giza,Sheikh Zayed City,None,Apartment,Residential,Rent
https://remax.com.eg/property/prime-location-fully-finished-apartment-in-kenz-7085,3,2,185,"EGP 5,250,000",28378.38,"6 October City - Giza , Egypt",Giza,6 October City,None,Apartment,Residential,Sale
https://remax.com.eg/property/furnished-penthouse-in-mountain-view-chillout-7053,3,3,166,"EGP 45,000",271.08,"6 October City - Giza , Egypt",Giza,6 October City,None,Apartment,Residential,Rent
https://remax.com.eg/property/luxury-furnished-apartment-for-rent-in-janna-zayed-7064,3,2,130,"EGP 35,000",269.23,"Sheikh Zayed City - Giza , Egypt",Giza,Sheikh Zayed City,None,Apartment,Residential,Rent
https://remax.com.eg/property/apartment-for-rent-in-khamyel-6468,None,None,None,None,None,None,None,None,None,None,Residential,Rent
https://remax.com.eg/property/finished-apartment-with-garden-very-prime-location-7073,2,1,80,"EGP 2,400,000",30000.0,"Shorouk City - Cairo , Egypt",Cairo,Shorouk City,None,Apartment,Residential,Sale
https://remax.com.eg/property/prime-location-dental-clinic-in-new-giza-7088,0,1,80,"EGP 40,000",500.0,"6 October City - Giza , Egypt",Giza,6 October City,None,Apartment,Residential,Rent
https://remax.com.eg/property/resale-apartment-in-mountain-view-i-city-club-park-7076,3,3,155,"EGP 8,500,000",54838.71,"6 October City - Giza , Egypt",Giza,6 October City,None,Apartment,Residential,Sale
https://remax.com.eg/property/office-for-sale-in-nmaq-compound-lowest-market-price-7089,1,1,23,"EGP 2,800,000",121739.13,"6 October City - Giza , Egypt",Giza,6 October City,None,Apartment,Residential,Sale
https://remax.com.eg/property/ground-apartment-in-lazorde-8th-district-7038,3,2,168,"EGP 5,000,000",29761.9,"Sheikh Zayed City - Giza , Egypt",Giza,Sheikh Zayed City,None,Apartment,Residential,Sale
https://remax.com.eg/property/office-for-rent-in-the-polygon-sheikh-zayed-7051,0,1,90,"EGP 60,000",666.67,"Sheikh Zayed City - Giza , Egypt",Giza,Sheikh Zayed City,None,Apartment,Residential,Rent
https://remax.com.eg/property/apartment-at-forty-west-7046,1,2,170,"EGP 840,000",4941.18,"Sheikh Zayed City - Giza , Egypt",Giza,Sheikh Zayed City,None,Apartment,Residential,Rent
https://remax.com.eg/property/apartment-for-sale-in-cairo-university-compound-7052,3,3,190,"EGP 4,800,000",25263.16,"Sheikh Zayed City - Giza , Egypt",Giza,Sheikh Zayed City,None,Apartment,Residential,Sale
https://remax.com.eg/property/villa-for-rent-fully-furnished-in-grand-heights-7060,5,5,450,"EGP 120,000",266.67,"6 October City - Giza , Egypt",Giza,6 October City,None,Apartment,Residential,Rent
https://remax.com.eg/property/apartment-for-sale-in-court-yard-aeon-marakez-7061,3,5,232,"EGP 19,000,000",81896.55,"Sheikh Zayed City - Giza , Egypt",Giza,Sheikh Zayed City,None,Apartment,Residential,Sale
https://remax.com.eg/property/apartment-for-sale-in-marriott-residence-compound-heliopolis-7034,1,1,58,"EGP 4,583,000",79017.24,"Heliopolis - Cairo , Egypt",Cairo,Heliopolis,None,Apartment,Residential,Sale
https://remax.com.eg/property/finished-apartment-badya-palm-hills-delivery2028-7062,2,2,125,"EGP 7,567,000",60536.0,"6 October City - Giza , Egypt",Giza,6 October City,None,Apartment,Residential,Sale
https://remax.com.eg/property/apartment-for-sale-in-marriott-residence-compound-heliopolis-7033,2,2,115,"EGP 3,700,000",32173.91,"Heliopolis - Cairo , Egypt",Cairo,Heliopolis,None,Apartment,Residential,Sale
https://remax.com.eg/property/apartment-for-sale-in-marriott-residence-compound-heliopolis-7037,1,1,58,"EGP 4,000,000",68965.52,"Heliopolis - Cairo , Egypt",Cairo,Heliopolis,None,Apartment,Residential,Sale
https://remax.com.eg/property/luxury-furnished-apartment-for-rent-in-zed-west-7063,2,2,100,"EGP 45,000",450.0,"Sheikh Zayed City - Giza , Egypt",Giza,Sheikh Zayed City,None,Apartment,Residential,Rent
https://remax.com.eg/property/for-sale-standalone-villa-in-o-west-whyte-6318,3,3,355,"EGP 18,750,000",52816.9,"6 October City - Giza , Egypt",Giza,6 October City,None,Apartment,Residential,Sale
https://remax.com.eg/property/apartment-for-sale-in-marriott-residence-compound-heliopolis-7029,2,2,125,"EGP 5,000,000",40000.0,"Heliopolis - Cairo , Egypt",Cairo,Heliopolis,None,Apartment,Residential,Sale
https://remax.com.eg/property/apartment-at-palm-hills-7027,3,2,200,"EGP 1,020,000",5100.0,"6 October City - Giza , Egypt",Giza,6 October City,None,Apartment,Residential,Rent
https://remax.com.eg/property/resale-2br-apartment-garden-lakes-6th-of-october-4778,2,3,117,"EGP 7,300,000",62393.16,"6 October City - Giza , Egypt",Giza,6 October City,None,Apartment,Residential,Sale
https://remax.com.eg/property/fully-furnished-apartment-for-rent-in-dreamland-6839,None,None,None,None,None,None,None,None,None,None,Residential,Rent
https://remax.com.eg/property/apartment-with-kitchen-and-acs-installments-ready-to-move-6840,1,1,84,"EGP 4,500,000",53571.43,"Sheikh Zayed City - Giza , Egypt",Giza,Sheikh Zayed City,None,Apartment,Residential,Sale
https://remax.com.eg/property/semi-finished-penthouse-in-kayan-compound-7026,2,2,95,"EGP 5,216,955",54915.32,"Sheikh Zayed City - Giza , Egypt",Giza,Sheikh Zayed City,None,Apartment,Residential,Sale
https://remax.com.eg/property/apartment-for-sale-in-o-west-4144,1,1,87,"EGP 4,441,202",51048.3,"6 October City - Giza , Egypt",Giza,6 October City,None,Apartment,Residential,Sale
https://remax.com.eg/property/ready-to-move-prime-location-unbeatable-price-6845,4,4,270,"EGP 9,450,000",35000.0,"6 October City - Giza , Egypt",Giza,6 October City,None,Apartment,Residential,None
https://remax.com.eg/property/apartment-in-dar-misr-12th-district-6842,2,2,115,"EGP 25,000",217.39,"Sheikh Zayed City - Giza , Egypt",Giza,Sheikh Zayed City,None,Apartment,Residential,Rent
https://remax.com.eg/property/townhouse-for-sale-in-badya-compound-6263,3,3,187,"EGP 9,800,000",52406.42,"Sheikh Zayed City - Giza , Egypt",Giza,Sheikh Zayed City,None,Apartment,Residential,Sale
https://remax.com.eg/property/apartment-for-sale-in-marriott-residence-compound-heliopolis-7032,3,2,158,"EGP 6,500,000",41139.24,"Heliopolis - Cairo , Egypt",Cairo,Heliopolis,None,Apartment,Residential,Sale
https://remax.com.eg/property/fully-furnished-studio-with-terrace-october-plaza-6844,1,1,50,"EGP 20,000",400.0,"6 October City - Giza , Egypt",Giza,6 October City,None,Apartment,Residential,Rent
https://remax.com.eg/property/ground-chalet-150m-garden-hacienda-west-6822,3,2,150,"EGP 13,000,000",86666.67,"Sidi Abdel Rahman - North Coast , Egypt",North Coast,Sidi Abdel Rahman,None,Apartment,Residential,Sale
https://remax.com.eg/property/twin-house-for-sale-ready-to-move-at-sodic-east-6825,3,4,245,"EGP 18,450,000",75306.12,"New Heliopolis - Cairo , Egypt",Cairo,New Heliopolis,None,Apartment,Residential,Sale
https://remax.com.eg/property/townhouse-for-sale-under-market-price-in-belle-vie-emaar-in-prime-location-6823,3,3,290,"EGP 11,000,000",37931.03,"Sheikh Zayed City - Giza , Egypt",Giza,Sheikh Zayed City,None,Apartment,Residential,Sale
https://remax.com.eg/property/chalet-with-garden-for-sale-mv-north-coast-6824,3,2,132,"EGP 9,000,000",68181.82,"Ras Al Hekma - North Coast , Egypt",North Coast,Ras Al Hekma,None,Apartment,Residential,Sale
https://remax.com.eg/property/twin-house-for-sale-at-hyde-park-area-193-meters-6817,3,3,193,"EGP 10,500,000",54404.15,"New Cairo City - Cairo , Egypt",Cairo,New Cairo City,None,Apartment,Residential,Sale
https://remax.com.eg/property/resale-elite-villa-in-belle-vie-new-zayed-emaar-6826,4,4,370,"EGP 20,808,639",56239.56,"Sheikh Zayed City - Giza , Egypt",Giza,Sheikh Zayed City,None,Apartment,Residential,Sale
https://remax.com.eg/property/stand-alone-for-sale-at-hyde-park-area-280-meters-6827,5,5,280,"EGP 28,000,000",100000.0,"New Cairo City - Cairo , Egypt",Cairo,New Cairo City,None,Apartment,Residential,Sale
https://remax.com.eg/property/opportunity-for-complete-comfort-semi-finished-rtm-6834,2,3,140,"EGP 6,000,000",42857.14,"Sheikh Zayed City - Giza , Egypt",Giza,Sheikh Zayed City,None,Apartment,Residential,Sale
https://remax.com.eg/property/apartment-for-rent-in-badya-palm-hills-best-price-6821,3,4,178,"EGP 20,000",112.36,"6 October City - Giza , Egypt",Giza,6 October City,None,Apartment,Residential,Rent
https://remax.com.eg/property/resale-icon-b-villa-at-belle-vie-new-zayed-emaar-6828,3,3,316,"EGP 32,000,000",101265.82,"Sheikh Zayed City - Giza , Egypt",Giza,Sheikh Zayed City,None,Apartment,Residential,Sale
https://remax.com.eg/property/villa-with-kitchen-and-acs-for-rent-at-atrio-6830,6,6,450,"EGP 90,000",200.0,"Sheikh Zayed City - Giza , Egypt",Giza,Sheikh Zayed City,None,Apartment,Residential,Rent
https://remax.com.eg/property/semi-finished-ground-with-garden-with-installments-6820,2,2,95,"EGP 4,719,261",49676.43,"Sheikh Zayed City - Giza , Egypt",Giza,Sheikh Zayed City,None,Apartment,Residential,Sale
https://remax.com.eg/property/chalet-for-sale-good-location-at-hacienda-bay-6809,3,3,150,"EGP 15,602,000",104013.33,"Sidi Abdel Rahman - North Coast , Egypt",North Coast,Sidi Abdel Rahman,None,Apartment,Residential,Sale
https://remax.com.eg/property/chalet-with-garden-for-sale-at-marassi-marina-1-6806,2,2,160,"EGP 26,000,000",162500.0,"Sidi Abdel Rahman - North Coast , Egypt",North Coast,Sidi Abdel Rahman,None,Apartment,Residential,Sale
https://remax.com.eg/property/townhouse-for-sale-at-hyde-park-area-234-meters-6805,4,4,234,"EGP 20,500,000",87606.84,"New Cairo City - Cairo , Egypt",Cairo,New Cairo City,None,Apartment,Residential,Sale
https://remax.com.eg/property/standalone252m-lagoon-view-and-sea-view-ready-for-delivery-6813,4,4,252,"EGP 25,000,000",99206.35,"Qesm Marsa Matrouh - North Coast , Egypt",North Coast,Qesm Marsa Matrouh,None,Apartment,Residential,None
https://remax.com.eg/property/twinhouse-278-sqm-fully-finished-facing-north-6807,3,3,278,"EGP 22,000,000",79136.69,"Qesm Marsa Matrouh - North Coast , Egypt",North Coast,Qesm Marsa Matrouh,None,Apartment,Residential,None
https://remax.com.eg/property/standalone-villa-with-pool-fully-furnished-sea-view-ready-to-move-6810,3,3,426,"EGP 40,000,000",93896.71,"Qesm Marsa Matrouh - North Coast , Egypt",North Coast,Qesm Marsa Matrouh,None,Apartment,Residential,None
https://remax.com.eg/property/townhouse-for-sale-at-hyde-park-area-200-meters-6808,3,3,200,"EGP 28,000,000",140000.0,"New Cairo City - Cairo , Egypt",Cairo,New Cairo City,None,Apartment,Residential,Sale
https://remax.com.eg/property/senior-chalet-for-sale-2nd-row-golf-hacienda-bay-6812,4,5,230,"EGP 11,000,000",47826.09,"Sidi Abdel Rahman - North Coast , Egypt",North Coast,Sidi Abdel Rahman,None,Apartment,Residential,Sale
https://remax.com.eg/property/senior-chalet-for-sale-2nd-row-golf-hacienda-bay-6815,4,5,230,"EGP 15,000,000",65217.39,"Sidi Abdel Rahman - North Coast , Egypt",North Coast,Sidi Abdel Rahman,None,Apartment,Residential,Sale
https://remax.com.eg/property/twin-house-for-sale-at-hyde-park-area-237-meters-6816,4,4,237,"EGP 38,623,300",162967.51,"New Cairo City - Cairo , Egypt",Cairo,New Cairo City,None,Apartment,Residential,Sale
https://remax.com.eg/property/townhouse-villa-for-sale-in-hyde-park-ready-to-move-6811,3,3,200,"EGP 21,000,000",105000.0,"New Cairo City - Cairo , Egypt",Cairo,New Cairo City,None,Apartment,Residential,Sale
https://remax.com.eg/property/townhouse-for-sale-at-hyde-park-area-200-meters-6814,3,3,200,"EGP 19,000,000",95000.0,"New Cairo City - Cairo , Egypt",Cairo,New Cairo City,None,Apartment,Residential,Sale
https://remax.com.eg/property/ground-apartment-for-sale-in-belle-vie-beach-residence-6800,3,3,180,"EGP 14,657,425",81430.14,"Sheikh Zayed City - Giza , Egypt",Giza,Sheikh Zayed City,None,Apartment,Residential,Sale
https://remax.com.eg/property/penthouse-for-sale-with-installment-in-kayan-at-prime-location-6796,2,2,95,"EGP 5,032,000",52968.42,"Sheikh Zayed City - Giza , Egypt",Giza,Sheikh Zayed City,None,Apartment,Residential,Sale
https://remax.com.eg/property/duplex-with-garden-for-sale-at-hyde-park-6804,3,3,211,"EGP 14,200,000",67298.58,"New Cairo City - Cairo , Egypt",Cairo,New Cairo City,None,Apartment,Residential,Sale
https://remax.com.eg/property/chalet-for-sale-direct-lagoon-at-fouka-bay-6802,3,2,125,"EGP 10,000,000",80000.0,"Qesm Marsa Matrouh - North Coast , Egypt",North Coast,Qesm Marsa Matrouh,None,Apartment,Residential,Sale
https://remax.com.eg/property/apartment-with-kitchen-and-acs-first-use-tulwa-6801,3,2,198,"EGP 35,000",176.77,"6 October City - Giza , Egypt",Giza,6 October City,None,Apartment,Residential,Rent
https://remax.com.eg/property/duplex-with-garden-for-sale-in-hyde-park-ready-to-move-6795,3,3,278,"EGP 16,500,000",59352.52,"New Cairo City - Cairo , Egypt",Cairo,New Cairo City,None,Apartment,Residential,Sale
https://remax.com.eg/property/studio-with-roof-kitchen-and-acs-tulwa-6803,1,1,25,"EGP 15,000",600.0,"6 October City - Giza , Egypt",Giza,6 October City,None,Apartment,Residential,Rent
https://remax.com.eg/property/fully-furnished-prime-location-sea-and-pool-view-6797,2,2,120,"EGP 12,500,000",104166.67,"Qesm Marsa Matrouh - North Coast , Egypt",North Coast,Qesm Marsa Matrouh,None,Apartment,Residential,Sale
https://remax.com.eg/property/finished-apartment-for-sale-belle-vie-new-zayed-emaar-6798,2,2,125,"EGP 8,500,000",68000.0,"Sheikh Zayed City - Giza , Egypt",Giza,Sheikh Zayed City,None,Apartment,Residential,Sale
https://remax.com.eg/property/fully-finished-apartment-ready-to-move-for-sale-with-installment-in-kayan-at-prime-location-6792,3,3,125,"EGP 6,963,850",55710.8,"Sheikh Zayed City - Giza , Egypt",Giza,Sheikh Zayed City,None,Apartment,Residential,Sale
https://remax.com.eg/property/duplex-for-sale-at-hyde-park-260-m-6793,3,3,260,"EGP 14,000,000",53846.15,"New Cairo City - Cairo , Egypt",Cairo,New Cairo City,None,Apartment,Residential,Sale
https://remax.com.eg/property/unique-standalone-villa-for-sale-at-silver-sands-6794,5,5,327,"EGP 45,000,000",137614.68,"Qesm Marsa Matrouh - North Coast , Egypt",North Coast,Qesm Marsa Matrouh,None,Apartment,Residential,Sale
https://remax.com.eg/property/apartment-for-sale-in-hyde-park-228m-6784,4,3,228,"EGP 17,500,000",76754.39,"New Cairo City - Cairo , Egypt",Cairo,New Cairo City,None,Apartment,Residential,Sale
https://remax.com.eg/property/apartment-for-sale-in-the-6th-touristic-5230,2,2,325,"EGP 7,000,000",21538.46,"6 October City - Giza , Egypt",Giza,6 October City,None,Apartment,Residential,Sale
https://remax.com.eg/property/luxury-twinhouse-with-garden-infront-of-arkan-mall-6772,5,5,360,"EGP 26,000,000",72222.22,"Sheikh Zayed City - Giza , Egypt",Giza,Sheikh Zayed City,None,Apartment,Residential,Sale
https://remax.com.eg/property/twin-house-with-garden-for-sale-in-meadows-park-5133,3,4,327,"EGP 18,500,000",56574.92,"Sheikh Zayed City - Giza , Egypt",Giza,Sheikh Zayed City,None,Apartment,Residential,Sale
https://remax.com.eg/property/ready-apartment-with-flexible-payment-for-sale-6353,3,2,130,"EGP 5,850,000",45000.0,"Sheikh Zayed City - Giza , Egypt",Giza,Sheikh Zayed City,None,Apartment,Residential,Sale
https://remax.com.eg/property/apartment-at-sun-capital-6786,3,2,152,"EGP 4,000,000",26315.79,"6 October City - Giza , Egypt",Giza,6 October City,None,Apartment,Residential,Sale
https://remax.com.eg/property/chalet-for-sale-see-view-at-telal-north-coast-6783,2,2,136,"EGP 14,000,000",102941.18,"Sidi Abdel Rahman - North Coast , Egypt",North Coast,Sidi Abdel Rahman,None,Apartment,Residential,Sale
https://remax.com.eg/property/delivered-finished-apartment-with-garden-for-sale-in-kayan-at-prime-location-6791,3,2,120,"EGP 7,500,000",62500.0,"Sheikh Zayed City - Giza , Egypt",Giza,Sheikh Zayed City,None,Apartment,Residential,Sale
https://remax.com.eg/property/chalet-for-sale-sea-view-at-telal-north-coast-6785,3,2,140,"EGP 18,000,000",128571.43,"Sidi Abdel Rahman - North Coast , Egypt",North Coast,Sidi Abdel Rahman,None,Apartment,Residential,Sale
https://remax.com.eg/property/penthouse-for-sale-ready-to-move-at-mv-north-coast-6790,2,2,92,"EGP 8,500,000",92391.3,"Ras Al Hekma - North Coast , Egypt",North Coast,Ras Al Hekma,None,Apartment,Residential,Sale
https://remax.com.eg/property/shop-in-west-gate-mall-prime-location-6787,0,0,30,"EGP 33,000",1100.0,"6 October City - Giza , Egypt",Giza,6 October City,None,Apartment,Residential,Rent
https://remax.com.eg/property/resale-apartment-in-zed-west-sheikh-zayed-5028,3,2,160,"EGP 10,400,000",65000.0,"Sheikh Zayed City - Giza , Egypt",Giza,Sheikh Zayed City,None,Apartment,Residential,Sale
https://remax.com.eg/property/twin-house-for-sale-at-fully-furnished-swan-lake-6777,6,6,265,"EGP 32,000,000",120754.72,"Qesm Ad Dabaah - North Coast , Egypt",North Coast,Qesm Ad Dabaah,None,Apartment,Residential,Sale
https://remax.com.eg/property/apartment-semi-finished-foe-sale-at-hyde-park-145m-6770,2,2,145,"EGP 8,300,000",57241.38,"New Cairo City - Cairo , Egypt",Cairo,New Cairo City,None,Apartment,Residential,Sale
https://remax.com.eg/property/chalet-for-sale-sea-view-at-telal-north-coast-6781,3,2,110,"EGP 12,500,000",113636.36,"Sidi Abdel Rahman - North Coast , Egypt",North Coast,Sidi Abdel Rahman,None,Apartment,Residential,Sale
https://remax.com.eg/property/furnished-studio-for-rent-in-westown-at-very-prime-location-6768,1,1,25,"EGP 264,000",10560.0,"Sheikh Zayed City - Giza , Egypt",Giza,Sheikh Zayed City,None,Apartment,Residential,Rent
https://remax.com.eg/property/twin-house-for-sale-prime-location-swan-lake-6775,6,6,265,"EGP 30,000,000",113207.55,"Qesm Ad Dabaah - North Coast , Egypt",North Coast,Qesm Ad Dabaah,None,Apartment,Residential,Sale
https://remax.com.eg/property/apartment-in-hyde-park-new-cairo-192m²-6782,3,3,192,"EGP 15,500,000",80729.17,"New Cairo City - Cairo , Egypt",Cairo,New Cairo City,None,Apartment,Residential,None
https://remax.com.eg/property/apartment-for-sale-at-hyde-park-185m-6773,3,3,185,"EGP 9,500,000",51351.35,"New Cairo City - Cairo , Egypt",Cairo,New Cairo City,None,Apartment,Residential,Sale
https://remax.com.eg/property/chalet-for-sale-ready-to-move-at-swan-lake-6779,4,4,219,"EGP 22,000,000",100456.62,"Qesm Ad Dabaah - North Coast , Egypt",North Coast,Qesm Ad Dabaah,None,Apartment,Residential,Sale
https://remax.com.eg/property/under-market-price-chalet-200m-lagoon-view-6771,3,3,200,"EGP 13,000,000",65000.0,"Qesm Marsa Matrouh - North Coast , Egypt",North Coast,Qesm Marsa Matrouh,None,Apartment,Residential,None
https://remax.com.eg/property/apartment-for-sale-in-hyde-park-145m-6769,2,2,145,"EGP 10,000,000",68965.52,"New Cairo City - Cairo , Egypt",Cairo,New Cairo City,None,Apartment,Residential,Sale
https://remax.com.eg/property/chalet-for-sale-fourth-row-at-telal-north-coast-6780,2,2,110,"EGP 11,500,000",104545.45,"Sidi Abdel Rahman - North Coast , Egypt",North Coast,Sidi Abdel Rahman,None,Apartment,Residential,Sale
https://remax.com.eg/property/service-apartment-110-sqm-fully-furnished-sea-pool-view-6774,2,2,110,"EGP 13,000,000",118181.82,"Qesm Marsa Matrouh - North Coast , Egypt",North Coast,Qesm Marsa Matrouh,None,Apartment,Residential,None
https://remax.com.eg/property/first-use-clinic-in-hale-town-palm-hills-october-5147,0,1,52,"EGP 26,000",500.0,"6 October City - Giza , Egypt",Giza,6 October City,None,Apartment,Residential,Rent
https://remax.com.eg/property/apartment-for-rent-at-the-address-in-very-prime-location-6756,3,2,109,"EGP 264,000",2422.02,"Sheikh Zayed City - Giza , Egypt",Giza,Sheikh Zayed City,None,Apartment,Residential,Rent
https://remax.com.eg/property/twin-house-for-sale-ready-to-move-at-sodic-east-6761,3,4,245,"EGP 18,500,000",75510.2,"New Heliopolis - Cairo , Egypt",Cairo,New Heliopolis,None,Apartment,Residential,Sale
https://remax.com.eg/property/empty-apartment-rent-at-the-address-in-prime-location-6763,3,2,134,"EGP 300,000",2238.81,"Sheikh Zayed City - Giza , Egypt",Giza,Sheikh Zayed City,None,Apartment,Residential,Rent
https://remax.com.eg/property/apartment-112-m-for-rent-with-kitchen-at-the-address-compound-in-prime-location-6764,3,2,112,"EGP 300,000",2678.57,"Sheikh Zayed City - Giza , Egypt",Giza,Sheikh Zayed City,None,Apartment,Residential,Rent
https://remax.com.eg/property/chalet-for-sale-prime-location-at-mv-north-coast-6758,3,2,132,"EGP 9,900,000",75000.0,"Ras Al Hekma - North Coast , Egypt",North Coast,Ras Al Hekma,None,Apartment,Residential,Sale
https://remax.com.eg/property/twin-house-for-sale-direct-to-pool-mv-north-coast-6760,3,4,155,"EGP 14,250,000",91935.48,"Ras Al Hekma - North Coast , Egypt",North Coast,Ras Al Hekma,None,Apartment,Residential,Sale
https://remax.com.eg/property/sky-villa-467m-lake-view-boutique-6757,4,4,467,"EGP 33,755,200",72280.94,"New Cairo City - Cairo , Egypt",Cairo,New Cairo City,None,Apartment,Residential,None
https://remax.com.eg/property/ground-floor-apartment-with-a-garden-in-hyde-park-6759,2,2,138,"EGP 10,000,000",72463.77,"New Cairo City - Cairo , Egypt",Cairo,New Cairo City,None,Apartment,Residential,None
https://remax.com.eg/property/resale-semi-finished-apartment-vye-sodic-compound-6765,2,2,120,"EGP 9,500,000",79166.67,"Sheikh Zayed City - Giza , Egypt",Giza,Sheikh Zayed City,None,Apartment,Residential,Sale
https://remax.com.eg/property/apartment-for-rent-with-acs-at-the-address-in-very-prime-location-6766,3,2,134,"EGP 324,000",2417.91,"Sheikh Zayed City - Giza , Egypt",Giza,Sheikh Zayed City,None,Apartment,Residential,Rent
https://remax.com.eg/property/apartment-with-kitchen-for-rent-at-the-address-6762,3,2,109,"EGP 276,000",2532.11,"Sheikh Zayed City - Giza , Egypt",Giza,Sheikh Zayed City,None,Apartment,Residential,Rent
https://remax.com.eg/property/chalet-for-sale-prime-location-mv-north-cost-6749,3,2,125,"EGP 10,230,000",81840.0,"Ras Al Hekma - North Coast , Egypt",North Coast,Ras Al Hekma,None,Apartment,Residential,Sale
https://remax.com.eg/property/garden-villa-465m-ready-to-deliver-6753,4,4,465,"EGP 44,000,000",94623.66,"New Cairo City - Cairo , Egypt",Cairo,New Cairo City,None,Apartment,Residential,None
https://remax.com.eg/property/villa-for-sale-1000-m-in-the-fifth-settlement-6752,5,4,1000,"EGP 50,000,000",50000.0,"New Cairo City - Cairo , Egypt",Cairo,New Cairo City,None,Apartment,Residential,Rent
https://remax.com.eg/property/apartment-in-hyde-park-111m-6750,2,3,111,"EGP 7,091,000",63882.88,"New Cairo City - Cairo , Egypt",Cairo,New Cairo City,None,Apartment,Residential,Sale
https://remax.com.eg/property/on-main-view-villa-623m-with-swimming-pool-6747,5,5,623,"EGP 65,000,000",104333.87,"New Cairo City - Cairo , Egypt",Cairo,New Cairo City,None,Apartment,Residential,None
https://remax.com.eg/property/chalet-for-sale-prime-location-at-mv-north-coast-6754,3,2,132,"EGP 8,029,000",60825.76,"Ras Al Hekma - North Coast , Egypt",North Coast,Ras Al Hekma,None,Apartment,Residential,Sale
https://remax.com.eg/property/standalone-for-sale-prime-location-mv-north-coast-6746,3,3,225,"EGP 20,000,000",88888.89,"Ras Al Hekma - North Coast , Egypt",North Coast,Ras Al Hekma,None,Apartment,Residential,Sale
https://remax.com.eg/property/on-main-view-stand-alone-623m-with-swimming-pool-6732,5,5,623,"EGP 66,395,400",106573.68,"New Cairo City - Cairo , Egypt",Cairo,New Cairo City,None,Apartment,Residential,None
https://remax.com.eg/property/apartment-for-sale-grand-park-residence-hyde-park-6744,3,3,171,"EGP 6,188,400",36189.47,"New Cairo City - Cairo , Egypt",Cairo,New Cairo City,None,Apartment,Residential,Sale
https://remax.com.eg/property/apartment-for-sale-in-hyde-park-177m-6748,3,3,177,"EGP 11,583,900",65445.76,"New Cairo City - Cairo , Egypt",Cairo,New Cairo City,None,Apartment,Residential,Sale
https://remax.com.eg/property/chalet-ground-for-sale-double-view-at-mv-north-coast-6745,3,2,132,"EGP 8,700,000",65909.09,"Ras Al Hekma - North Coast , Egypt",North Coast,Ras Al Hekma,None,Apartment,Residential,Sale
https://remax.com.eg/property/twin-house-for-sale-very-prime-location-mv-north-coast-6755,4,3,170,"EGP 15,000,000",88235.29,"Ras Al Hekma - North Coast , Egypt",North Coast,Ras Al Hekma,None,Apartment,Residential,Sale
https://remax.com.eg/property/apartment-for-sale-at-hyde-park-area-166-meters-6742,3,3,166,"EGP 14,200,000",85542.17,"New Cairo City - Cairo , Egypt",Cairo,New Cairo City,None,Apartment,Residential,Sale
https://remax.com.eg/property/chalet-for-sale-good-location-at-mv-north-coast-6735,3,3,125,"EGP 13,000,000",104000.0,"Ras Al Hekma - North Coast , Egypt",North Coast,Ras Al Hekma,None,Apartment,Residential,Sale
https://remax.com.eg/property/chalet-for-sale-facing-north-at-mv-north-coast-6741,2,2,92,"EGP 8,000,000",86956.52,"Ras Al Hekma - North Coast , Egypt",North Coast,Ras Al Hekma,None,Apartment,Residential,Sale
https://remax.com.eg/property/penthouse-for-sale-prime-location-mv-north-coast-6729,2,1,92,"EGP 9,602,441",104374.36,"Ras Al Hekma - North Coast , Egypt",North Coast,Ras Al Hekma,None,Apartment,Residential,Sale
https://remax.com.eg/property/luxury-finishing-apartment-zed-west-psr-6740,2,3,144,"EGP 14,537,000",100951.39,"Sheikh Zayed City - Giza , Egypt",Giza,Sheikh Zayed City,None,Apartment,Residential,Rent
https://remax.com.eg/property/chalet-for-sale-prime-location-mv-north-coast-6727,3,2,125,"EGP 10,000,000",80000.0,"Ras Al Hekma - North Coast , Egypt",North Coast,Ras Al Hekma,None,Apartment,Residential,Sale
https://remax.com.eg/property/apartment-for-sale-at-hyde-park-area-75-meters-6738,1,1,75,"EGP 7,158,400",95445.33,"New Cairo City - Cairo , Egypt",Cairo,New Cairo City,None,Apartment,Residential,Sale
https://remax.com.eg/property/apartment-for-rent-at-badya-compound-6th-of-october-2847,3,3,177,"EGP 20,000",112.99,"Sheikh Zayed City - Giza , Egypt",Giza,Sheikh Zayed City,None,Apartment,Residential,Rent
https://remax.com.eg/property/apartment-with-garden-for-sale-in-hyde-park-6734,3,3,157,"EGP 13,780,800",87775.8,"New Cairo City - Cairo , Egypt",Cairo,New Cairo City,None,Apartment,Residential,Sale
https://remax.com.eg/property/apartment-for-sale-at-hyde-park-area-177-meters-6730,3,3,177,"EGP 14,933,900",84372.32,"New Cairo City - Cairo , Egypt",Cairo,New Cairo City,None,Apartment,Residential,Sale
https://remax.com.eg/property/apartment-for-sale-at-hyde-park-179m-6736,3,3,179,"EGP 14,717,000",82217.88,"New Cairo City - Cairo , Egypt",Cairo,New Cairo City,None,Apartment,Residential,Sale
https://remax.com.eg/property/apartment-for-sale-at-hyde-park-area-112-meters-6743,2,2,112,"EGP 9,044,500",80754.46,"New Cairo City - Cairo , Egypt",Cairo,New Cairo City,None,Apartment,Residential,Sale
https://remax.com.eg/property/penthouse-for-sale-fully-finished-at-mv-ras-elhekma-6722,2,2,92,"EGP 7,000,000",76086.96,"Ras Al Hekma - North Coast , Egypt",North Coast,Ras Al Hekma,None,Apartment,Residential,Sale
https://remax.com.eg/property/chalet-for-sale-prime-location-at-june-6717,2,2,110,"EGP 13,440,912",122190.11,"Ras Al Hekma - North Coast , Egypt",North Coast,Ras Al Hekma,None,Apartment,Residential,Sale
https://remax.com.eg/property/beach-house-roof-for-sale-lagoon-view-at-mountain-view-6719,3,2,145,"EGP 11,783,500",81265.52,"Ras Al Hekma - North Coast , Egypt",North Coast,Ras Al Hekma,None,Apartment,Residential,Sale
https://remax.com.eg/property/penthouse-for-sale-pool-view-at-mv-north-coast-6713,2,2,92,"EGP 7,700,000",83695.65,"Ras Al Hekma - North Coast , Egypt",North Coast,Ras Al Hekma,None,Apartment,Residential,Sale
https://remax.com.eg/property/chalet-with-garden-for-sale-prime-location-mv-north-coast-6711,3,2,132,"EGP 9,000,000",68181.82,"Ras Al Hekma - North Coast , Egypt",North Coast,Ras Al Hekma,None,Apartment,Residential,Sale
https://remax.com.eg/property/apartment-for-sale-at-hyde-park-area-144-meters-6725,3,3,144,"EGP 11,738,400",81516.67,"New Cairo City - Cairo , Egypt",Cairo,New Cairo City,None,Apartment,Residential,Sale
https://remax.com.eg/property/apartment-for-sale-in-hyde-park-118-m-6724,3,3,118,"EGP 9,922,400",84088.14,"New Cairo City - Cairo , Egypt",Cairo,New Cairo City,None,Apartment,Residential,Sale
https://remax.com.eg/property/apartment-in-hyde-park-111m-6720,2,2,111,"EGP 9,042,500",81463.96,"New Cairo City - Cairo , Egypt",Cairo,New Cairo City,None,Apartment,Residential,Sale
https://remax.com.eg/property/apartment-for-sale-at-hyde-park-area-122-meters-6718,3,3,122,"EGP 8,706,000",71360.66,"New Cairo City - Cairo , Egypt",Cairo,New Cairo City,None,Apartment,Residential,Sale
https://remax.com.eg/property/apartment-with-garden-for-sale-at-hyde-park-6712,3,3,145,"EGP 7,417,000",51151.72,"New Cairo City - Cairo , Egypt",Cairo,New Cairo City,None,Apartment,Residential,Sale
https://remax.com.eg/property/for-sale-apartment-in-october-plaza-compound-6714,2,3,158,"EGP 6,700,000",42405.06,"6 October City - Giza , Egypt",Giza,6 October City,None,Apartment,Residential,Sale
https://remax.com.eg/property/chalet-for-sale-fully-finished-at-salt-6721,2,2,95,"EGP 8,999,000",94726.32,"Ras Al Hekma - North Coast , Egypt",North Coast,Ras Al Hekma,None,Apartment,Residential,Sale
https://remax.com.eg/property/apartment-for-sale-at-hyde-park-6703,3,3,192,"EGP 12,000,000",62500.0,"New Cairo City - Cairo , Egypt",Cairo,New Cairo City,None,Apartment,Residential,Sale
https://remax.com.eg/property/apartment-with-garden-for-sale-in-hyde-park-6701,3,3,167,"EGP 12,300,000",73652.69,"New Cairo City - Cairo , Egypt",Cairo,New Cairo City,None,Apartment,Residential,Sale
https://remax.com.eg/property/for-sale-standalone-in-telal-east-6686,4,4,295,"EGP 22,076,425",74835.34,"New Cairo City - Cairo , Egypt",Cairo,New Cairo City,None,Apartment,Residential,Sale
https://remax.com.eg/property/sv-villa-for-sale-prime-location-in-sodic-east-6709,3,4,270,"EGP 23,000,000",85185.19,"New Heliopolis - Cairo , Egypt",Cairo,New Heliopolis,None,Apartment,Residential,Sale
https://remax.com.eg/property/for-sale-standalone-in-telal-east-6702,4,5,353,"EGP 24,400,000",69121.81,"New Cairo City - Cairo , Egypt",Cairo,New Cairo City,None,Apartment,Residential,Sale
https://remax.com.eg/property/apartment-for-sale-at-hyde-park-6704,3,3,207,"EGP 12,500,000",60386.47,"New Cairo City - Cairo , Egypt",Cairo,New Cairo City,None,Apartment,Residential,Sale
https://remax.com.eg/property/apartment-for-sale-at-hyde-park-233m-6706,3,3,233,"EGP 13,450,000",57725.32,"New Cairo City - Cairo , Egypt",Cairo,New Cairo City,None,Apartment,Residential,Sale
https://remax.com.eg/property/apartment-for-sale-228m-at-hyde-park-6707,3,3,228,"EGP 15,000,000",65789.47,"New Cairo City - Cairo , Egypt",Cairo,New Cairo City,None,Apartment,Residential,Sale
https://remax.com.eg/property/apartment-for-sale-at-hyde-park-228m-6710,3,3,228,"EGP 15,400,000",67543.86,"New Cairo City - Cairo , Egypt",Cairo,New Cairo City,None,Apartment,Residential,Sale
https://remax.com.eg/property/chalet-for-sale-fully-finished-at-mv-ras-el-hekma-6700,2,2,92,"EGP 8,000,000",86956.52,"Ras Al Hekma - North Coast , Egypt",North Coast,Ras Al Hekma,None,Apartment,Residential,Sale
https://remax.com.eg/property/under-market-price-apartment-for-sale-prime-location-the-address-east-6705,3,2,251,"EGP 10,500,000",41832.67,"New Cairo City - Cairo , Egypt",Cairo,New Cairo City,None,Apartment,Residential,Sale
https://remax.com.eg/property/apartment-at-hyde-park-187-meters-6708,3,3,187,"EGP 10,000,000",53475.94,"New Cairo City - Cairo , Egypt",Cairo,New Cairo City,None,Apartment,Residential,Sale
https://remax.com.eg/property/apartment-for-rent-175-m-in-sarai-compound-6699,3,3,175,"EGP 22,000",125.71,"Mostakbal City - Cairo , Egypt",Cairo,Mostakbal City,None,Apartment,Residential,Rent
https://remax.com.eg/property/apartment-for-sale-181-m-prime-location-with-view-6687,3,4,181,"EGP 15,497,400",85620.99,"New Cairo City - Cairo , Egypt",Cairo,New Cairo City,None,Apartment,Residential,Sale
https://remax.com.eg/property/penthouse-245-m-with-pool-6692,3,3,245,"EGP 19,721,000",80493.88,"New Cairo City - Cairo , Egypt",Cairo,New Cairo City,None,Apartment,Residential,None
https://remax.com.eg/property/apartment-for-sale-142-m-prime-location-over-lake-view-6690,2,2,142,"EGP 9,748,600",68652.11,"New Cairo City - Cairo , Egypt",Cairo,New Cairo City,None,Apartment,Residential,Sale
https://remax.com.eg/property/apartment-for-sale-144-m-lake-view-2-6684,2,2,144,"EGP 13,592,525",94392.53,"New Cairo City - Cairo , Egypt",Cairo,New Cairo City,None,Apartment,Residential,Sale
https://remax.com.eg/property/for-sale-a-sky-villa-in-telal-east-compound-6681,4,4,287,"EGP 10,108,000",35219.51,"New Cairo City - Cairo , Egypt",Cairo,New Cairo City,None,Apartment,Residential,Sale
https://remax.com.eg/property/studio-for-sale-55-m²-17-m²-terrace-in-maraya-2-el-gouna-6679,1,1,55,"EGP 6,500,000",118181.82,"Hurghada - Red Sea , Egypt",Red Sea,Hurghada,None,Apartment,Residential,Rent
https://remax.com.eg/property/for-sale-fully-finished-studio-in-zed-towers-6672,1,1,55,"EGP 5,800,000",105454.55,"Sheikh Zayed City - Giza , Egypt",Giza,Sheikh Zayed City,None,Apartment,Residential,Sale
https://remax.com.eg/property/commercial-shop-on-dahshour-main-road-sheikh-zayed-6697,0,0,330,"EGP 450,000",1363.64,"6 October City - Giza , Egypt",Giza,6 October City,None,Apartment,Commercial,Rent
https://remax.com.eg/property/apartment-for-sale-143-m-prime-location-with-view-6689,2,2,143,"EGP 10,393,600",72682.52,"New Cairo City - Cairo , Egypt",Cairo,New Cairo City,None,Apartment,Residential,Sale
https://remax.com.eg/property/prime-location-corner-over-lake-80-m-garden-6685,2,2,145,"EGP 15,900,000",109655.17,"New Cairo City - Cairo , Egypt",Cairo,New Cairo City,None,Apartment,Residential,Sale
https://remax.com.eg/property/luxury-furnished-middle-townhouse-for-rent-green3-6688,5,4,347,"EGP 150,000",432.28,"Sheikh Zayed City - Giza , Egypt",Giza,Sheikh Zayed City,None,Apartment,Residential,Rent
https://remax.com.eg/property/chalet-for-sale-prime-location-mv-north-coast-6659,3,2,132,"EGP 9,900,000",75000.0,"Ras Al Hekma - North Coast , Egypt",North Coast,Ras Al Hekma,None,Apartment,Residential,Sale
https://remax.com.eg/property/apartment-for-sale-at-hyde-park-area-199-meters-6662,3,3,199,"EGP 13,650,000",68592.96,"New Cairo City - Cairo , Egypt",Cairo,New Cairo City,None,Apartment,Residential,Sale
https://remax.com.eg/property/for-rent-corner-townhouse-in-nyoum-october-6669,4,4,170,"EGP 30,000",176.47,"6 October City - Giza , Egypt",Giza,6 October City,None,Apartment,Residential,Rent
https://remax.com.eg/property/very-prime-location-overlooking-huge-lake-directly-6663,2,2,144,"EGP 12,500,000",86805.56,"New Cairo City - Cairo , Egypt",Cairo,New Cairo City,None,Apartment,Residential,Sale
https://remax.com.eg/property/for-sale-ground-apartment-with-garden-in-the-axis-6671,2,3,143,"EGP 5,500,000",38461.54,"6 October City - Giza , Egypt",Giza,6 October City,None,Apartment,Residential,Sale
https://remax.com.eg/property/twin-house-for-sale-direct-to-pool-mv-north-coast-6661,3,4,155,"EGP 14,250,000",91935.48,"Ras Al Hekma - North Coast , Egypt",North Coast,Ras Al Hekma,None,Apartment,Residential,Sale
https://remax.com.eg/property/studio-for-sale-at-hyde-park-area-78-meters-6660,1,1,78,"EGP 6,664,500",85442.31,"New Cairo City - Cairo , Egypt",Cairo,New Cairo City,None,Apartment,Residential,Sale
https://remax.com.eg/property/townhouse-for-sale-prime-location-mv-north-coast-6665,3,4,155,"EGP 10,500,000",67741.94,"Ras Al Hekma - North Coast , Egypt",North Coast,Ras Al Hekma,None,Apartment,Residential,Sale
https://remax.com.eg/property/apartment-for-sale-142-m-corner-6664,2,2,142,"EGP 10,130,000",71338.03,"New Cairo City - Cairo , Egypt",Cairo,New Cairo City,None,Apartment,Residential,Sale
https://remax.com.eg/property/apartment-for-sale-144-m-6653,2,2,144,"EGP 11,539,600",80136.11,"New Cairo City - Cairo , Egypt",Cairo,New Cairo City,None,Apartment,Residential,Sale
https://remax.com.eg/property/studio-for-sale-at-hyde-park-6650,1,1,87,"EGP 8,500,000",97701.15,"New Cairo City - Cairo , Egypt",Cairo,New Cairo City,None,Apartment,Residential,Sale
https://remax.com.eg/property/apartment-for-sale-143-m-double-view-6657,2,2,143,"EGP 12,707,600",88864.34,"New Cairo City - Cairo , Egypt",Cairo,New Cairo City,None,Apartment,Residential,Sale
https://remax.com.eg/property/prime-location-fully-finished-corner-apartment-6638,2,2,125,"EGP 1,920,000",15360.0,"Shorouk City - Cairo , Egypt",Cairo,Shorouk City,None,Apartment,Residential,Sale
https://remax.com.eg/property/office-with-garden-for-rent-in-7th-district-sheikh-zayed-6655,3,3,200,"EGP 50,000",250.0,"Sheikh Zayed City - Giza , Egypt",Giza,Sheikh Zayed City,None,Apartment,Residential,Rent
https://remax.com.eg/property/studio-for-sale-at-hyde-park-area-81-meters-6658,1,1,81,"EGP 5,800,000",71604.94,"New Cairo City - Cairo , Egypt",Cairo,New Cairo City,None,Apartment,Residential,Sale
https://remax.com.eg/property/office-for-sale-56m-in-al-jazi5th-settlement-6648,1,1,56,"EGP 9,500,000",169642.86,"New Cairo City - Cairo , Egypt",Cairo,New Cairo City,None,Apartment,Residential,Rent
https://remax.com.eg/property/twin-house-for-sale-ready-to-move-at-sodic-east-6654,3,4,245,"EGP 20,500,000",83673.47,"New Heliopolis - Cairo , Egypt",Cairo,New Heliopolis,None,Apartment,Residential,Sale
https://remax.com.eg/property/apartment-for-sale-145-m-garden-pool-6656,2,2,145,"EGP 9,400,000",64827.59,"New Cairo City - Cairo , Egypt",Cairo,New Cairo City,None,Apartment,Residential,Sale
https://remax.com.eg/property/apartment-with-garden-for-sale-in-sodic-east-6651,2,4,140,"EGP 9,000,228",64287.34,"New Heliopolis - Cairo , Egypt",Cairo,New Heliopolis,None,Apartment,Residential,Sale
https://remax.com.eg/property/studio-for-sale-at-hyde-park-6652,1,1,86,"EGP 8,500,000",98837.21,"New Cairo City - Cairo , Egypt",Cairo,New Cairo City,None,Apartment,Residential,Sale
https://remax.com.eg/property/fully-finished-twin-house-with-acs-appliances-6647,3,5,286,"EGP 75,000",262.24,"Sheikh Zayed City - Giza , Egypt",Giza,Sheikh Zayed City,None,Apartment,Residential,Rent
https://remax.com.eg/property/shop-at-palm-hills-golf-central-6637,0,0,109,"EGP 2,652,000",24330.28,"Sheikh Zayed City - Giza , Egypt",Giza,Sheikh Zayed City,None,Apartment,Residential,Rent
https://remax.com.eg/property/villa-at-garana-for-rent-6645,4,2,500,"EGP 1,440,000",2880.0,"Sheikh Zayed City - Giza , Egypt",Giza,Sheikh Zayed City,None,Apartment,Residential,Rent
https://remax.com.eg/property/fully-furnished-aeon-towers-gamal-abdelnaser-view-6644,1,2,100,"EGP 55,000",550.0,"6 October City - Giza , Egypt",Giza,6 October City,None,Apartment,Residential,Rent
https://remax.com.eg/property/for-sale-roof-suite-prime-location-in-fouka-bay-6634,3,2,112,"EGP 9,800,000",87500.0,"Qesm Marsa Matrouh - North Coast , Egypt",North Coast,Qesm Marsa Matrouh,None,Apartment,Residential,Sale
https://remax.com.eg/property/for-sale-chalet-125m-lagoon-view-rtm-in-fouka-bay-6629,3,2,125,"EGP 9,500,000",76000.0,"Qesm Marsa Matrouh - North Coast , Egypt",North Coast,Qesm Marsa Matrouh,None,Apartment,Residential,Sale
https://remax.com.eg/property/apartment-with-garden-for-sale-in-sarai-6626,2,2,146,"EGP 4,700,000",32191.78,"Mostakbal City - Cairo , Egypt",Cairo,Mostakbal City,None,Apartment,Residential,Sale
https://remax.com.eg/property/park-villa-immediate-delivery-m-v-i-city-6621,2,2,210,"EGP 8,600,000",40952.38,"New Cairo City - Cairo , Egypt",Cairo,New Cairo City,None,Apartment,Residential,None
https://remax.com.eg/property/for-sale-villa-with-pool-fully-furnishedsea-view-6632,3,3,426,"EGP 40,000,000",93896.71,"Qesm Marsa Matrouh - North Coast , Egypt",North Coast,Qesm Marsa Matrouh,None,Apartment,Residential,Sale
https://remax.com.eg/property/prime-location-office-space-in-the-polygon-sodic-6631,0,3,276,"EGP 300,000",1086.96,"Sheikh Zayed City - Giza , Egypt",Giza,Sheikh Zayed City,None,Apartment,Residential,Rent
https://remax.com.eg/property/shop-at-palm-hills-golf-central-6635,0,0,142,"EGP 3,780,000",26619.72,"Sheikh Zayed City - Giza , Egypt",Giza,Sheikh Zayed City,None,Apartment,Residential,Rent
https://remax.com.eg/property/corner-apartment-fully-finished-delivery2026-6630,3,2,150,"EGP 3,791,000",25273.33,"Shorouk City - Cairo , Egypt",Cairo,Shorouk City,None,Apartment,Residential,Sale
https://remax.com.eg/property/under-market-price-2bedrooms-sea-view-6628,2,1,92,"EGP 4,700,000",51086.96,"Al Ain Al Sokhna - Suez , Egypt",Suez,Al Ain Al Sokhna,None,Apartment,Residential,None
https://remax.com.eg/property/luxury-finishing-with-kitchen-and-acs-best-price-6627,3,4,180,"EGP 27,000",150.0,"6 October City - Giza , Egypt",Giza,6 October City,None,Apartment,Residential,Rent
https://remax.com.eg/property/townhouse-corner-fully-finished-largest-garden-6633,3,3,164,"EGP 10,500,000",64024.39,"Shorouk City - Cairo , Egypt",Cairo,Shorouk City,None,Apartment,Residential,Sale
https://remax.com.eg/property/resale-apartment-168-m-prime-location-corner-6625,3,2,164,"EGP 4,500,000",27439.02,"Mostakbal City - Cairo , Egypt",Cairo,Mostakbal City,None,Apartment,Residential,Sale
https://remax.com.eg/property/studio-with-garden-for-sale-in-sarai-good-price-6617,1,1,69,"EGP 4,015,000",58188.41,"Mostakbal City - Cairo , Egypt",Cairo,Mostakbal City,None,Apartment,Residential,Sale
https://remax.com.eg/property/shop-at-silver-gate-6612,0,0,32,"EGP 10,000,000",312500.0,"Sheikh Zayed City - Giza , Egypt",Giza,Sheikh Zayed City,None,Apartment,Residential,None
https://remax.com.eg/property/studio-for-sale-at-taj-city-origami-6619,1,1,57,"EGP 3,129,973",54911.81,"New Cairo City - Cairo , Egypt",Cairo,New Cairo City,None,Apartment,Residential,Sale
https://remax.com.eg/property/lowest-price-twin-house-for-sale-at-taj-city-6618,3,4,377,"EGP 20,999,000",55700.27,"New Cairo City - Cairo , Egypt",Cairo,New Cairo City,None,Apartment,Residential,Sale
https://remax.com.eg/property/chalet-2-bedrooms-with-garden-direct-on-lagoon-6614,2,2,119,"EGP 9,000,000",75630.25,"Sidi Abdel Rahman - North Coast , Egypt",North Coast,Sidi Abdel Rahman,None,Apartment,Residential,Sale
https://remax.com.eg/property/garana-villa-for-sale-6613,6,6,1000,"EGP 80,000,000",80000.0,"Sheikh Zayed City - Giza , Egypt",Giza,Sheikh Zayed City,None,Apartment,Residential,Sale
https://remax.com.eg/property/shop-at-silver-gate-6611,0,0,41,"EGP 10,000,000",243902.44,"Sheikh Zayed City - Giza , Egypt",Giza,Sheikh Zayed City,None,Apartment,Residential,None
https://remax.com.eg/property/shop-at-silver-gate-6610,0,0,41,"EGP 660,000",16097.56,"Sheikh Zayed City - Giza , Egypt",Giza,Sheikh Zayed City,None,Apartment,Residential,None
https://remax.com.eg/property/overlooking-lagoon-facing-northfully-furnished-6615,2,2,129,"EGP 9,850,000",76356.59,"Qesm Marsa Matrouh - North Coast , Egypt",North Coast,Qesm Marsa Matrouh,None,Apartment,Residential,None
https://remax.com.eg/property/apartment-for-sale-in-taj-city-zone-t-6620,5,4,299,"EGP 12,999,000",43474.92,"New Cairo City - Cairo , Egypt",Cairo,New Cairo City,None,Apartment,Residential,Sale
https://remax.com.eg/property/apartment-for-sale-prime-location-at-taj-city-6623,3,4,263,"EGP 13,990,000",53193.92,"New Cairo City - Cairo , Egypt",Cairo,New Cairo City,None,Apartment,Residential,Sale
https://remax.com.eg/property/fully-finished-apartment-acs-and-kitchen-6616,2,2,130,"EGP 5,000,000",38461.54,"New Cairo City - Cairo , Egypt",Cairo,New Cairo City,None,Apartment,Residential,Sale
https://remax.com.eg/property/apartment-for-sale-at-taj-city-origami-6604,2,2,130,"EGP 6,724,000",51723.08,"New Cairo City - Cairo , Egypt",Cairo,New Cairo City,None,Apartment,Residential,Sale
https://remax.com.eg/property/3-bedrooms-overlooking-poolsea-fully-furnished-6597,3,3,160,"EGP 16,000,000",100000.0,"Qesm Marsa Matrouh - North Coast , Egypt",North Coast,Qesm Marsa Matrouh,None,Apartment,Residential,None
https://remax.com.eg/property/lagoon-view-ready-to-move-fully-furnished-6598,3,3,189,"EGP 14,000,000",74074.07,"Qesm Marsa Matrouh - North Coast , Egypt",North Coast,Qesm Marsa Matrouh,None,Apartment,Residential,None
https://remax.com.eg/property/chalet-3bedrooms-sea-pool-view-ready-to-move-6606,3,2,129,"EGP 12,600,000",97674.42,"Qesm Marsa Matrouh - North Coast , Egypt",North Coast,Qesm Marsa Matrouh,None,Apartment,Residential,None
https://remax.com.eg/property/studio-for-sale-with-master-room-at-taj-city-6605,1,2,80,"EGP 4,257,233",53215.41,"New Cairo City - Cairo , Egypt",Cairo,New Cairo City,None,Apartment,Residential,Sale
https://remax.com.eg/property/shop-at-a-plaza-6608,0,0,40,"EGP 300,000",7500.0,"Sheikh Zayed City - Giza , Egypt",Giza,Sheikh Zayed City,None,Apartment,Residential,None
https://remax.com.eg/property/3-bedrooms-with-garden-lagoon-and-sea-view-6607,3,2,126,"EGP 6,000,000",47619.05,"Al Ain Al Sokhna - Suez , Egypt",Suez,Al Ain Al Sokhna,None,Apartment,Residential,None
https://remax.com.eg/property/shop-at-silver-gate-6609,0,0,39,"EGP 360,000",9230.77,"Sheikh Zayed City - Giza , Egypt",Giza,Sheikh Zayed City,None,Apartment,Residential,None
https://remax.com.eg/property/i-villa-garden-lake-view-mountain-view-i-city-6601,3,3,225,"EGP 11,250,000",50000.0,"New Cairo City - Cairo , Egypt",Cairo,New Cairo City,None,Apartment,Residential,Sale
https://remax.com.eg/property/clinic-at-silver-gate-6591,0,0,54,"EGP 324,000",6000.0,"Sheikh Zayed City - Giza , Egypt",Giza,Sheikh Zayed City,None,Apartment,Residential,None
https://remax.com.eg/property/under-market-price-town-house-sea-view-furnished-6602,5,7,450,"EGP 33,000,000",73333.33,"Qesm Marsa Matrouh - North Coast , Egypt",North Coast,Qesm Marsa Matrouh,None,Apartment,Residential,None
https://remax.com.eg/property/apartment-for-sale-under-market-price-at-taj-city-6603,2,2,111,"EGP 4,750,000",42792.79,"New Cairo City - Cairo , Egypt",Cairo,New Cairo City,None,Apartment,Residential,Sale
https://remax.com.eg/property/3bedrooms-with-private-jacuzzi-sea-pool-view-6583,3,2,127,"EGP 7,200,000",56692.91,"Al Ain Al Sokhna - Suez , Egypt",Suez,Al Ain Al Sokhna,None,Apartment,Residential,Sale
https://remax.com.eg/property/twin-villa-1st-row-clear-sea-view-6594,4,4,400,"EGP 21,000,000",52500.0,"Al Ain Al Sokhna - Suez , Egypt",Suez,Al Ain Al Sokhna,None,Apartment,Residential,None
https://remax.com.eg/property/penthouse-for-sale-at-westown-sodic-6586,4,4,250,"EGP 20,000,000",80000.0,"Sheikh Zayed City - Giza , Egypt",Giza,Sheikh Zayed City,None,Apartment,Residential,Sale
https://remax.com.eg/property/apartment-for-sale-in-sarai-164m-fully-finished-6590,3,3,164,"EGP 5,500,000",33536.59,"Mostakbal City - Cairo , Egypt",Cairo,Mostakbal City,None,Apartment,Residential,Sale
https://remax.com.eg/property/lowest-market-price-resale-i-villa-sky-garden-6592,3,3,225,"EGP 7,500,000",33333.33,"New Cairo City - Cairo , Egypt",Cairo,New Cairo City,None,Apartment,Residential,Sale
https://remax.com.eg/property/apartment-for-sale-ready-to-move-in-taj-city-6589,3,2,130,"EGP 7,000,000",53846.15,"New Cairo City - Cairo , Egypt",Cairo,New Cairo City,None,Apartment,Residential,Sale
https://remax.com.eg/property/chalet-3-bedrooms-sea-pool-view-ba7ary-6582,3,2,130,"EGP 13,000,000",100000.0,"Qesm Marsa Matrouh - North Coast , Egypt",North Coast,Qesm Marsa Matrouh,None,Apartment,Residential,None
https://remax.com.eg/property/1st-raw-lagoon-fully-finished-ready-to-move-6587,3,2,133,"EGP 5,200,000",39097.74,"Al Ain Al Sokhna - Suez , Egypt",Suez,Al Ain Al Sokhna,None,Apartment,Residential,None
https://remax.com.eg/property/s-villa-for-sale-in-sarai-prime-location-6584,3,5,260,"EGP 10,000,000",38461.54,"Mostakbal City - Cairo , Egypt",Cairo,Mostakbal City,None,Apartment,Residential,Sale
https://remax.com.eg/property/shop-at-silver-gate-6588,0,0,67,"EGP 522,000",7791.04,"Sheikh Zayed City - Giza , Egypt",Giza,Sheikh Zayed City,None,Apartment,Residential,None
https://remax.com.eg/property/under-market-price-roof-i-villa-delivery-2026-6595,3,3,240,"EGP 8,780,000",36583.33,"New Cairo City - Cairo , Egypt",Cairo,New Cairo City,None,Apartment,Residential,None
https://remax.com.eg/property/studio-for-sale-ready-to-move-at-taj-city-6593,1,1,66,"EGP 3,300,000",50000.0,"New Cairo City - Cairo , Egypt",Cairo,New Cairo City,None,Apartment,Residential,Sale
https://remax.com.eg/property/apartment-with-garden-for-sale-in-sarai-6571,2,2,147,"EGP 4,700,000",31972.79,"Mostakbal City - Cairo , Egypt",Cairo,Mostakbal City,None,Apartment,Residential,Sale
https://remax.com.eg/property/apartment-with-garden-corner-lowest-market-price-6575,3,3,170,"EGP 6,500,000",38235.29,"New Cairo City - Cairo , Egypt",Cairo,New Cairo City,None,Apartment,Residential,None
https://remax.com.eg/property/under-market-price-mountain-view-icity-club-park-6579,3,2,165,"EGP 7,300,000",44242.42,"New Cairo City - Cairo , Egypt",Cairo,New Cairo City,None,Apartment,Residential,Sale
https://remax.com.eg/property/under-market-price-standalone-villa-305m-6573,3,4,305,"EGP 31,000,000",101639.34,"New Cairo City - Cairo , Egypt",Cairo,New Cairo City,None,Apartment,Residential,None
https://remax.com.eg/property/sv-villa-for-sale-prime-location-in-sodic-east-6576,4,4,270,"EGP 19,500,000",72222.22,"New Heliopolis - Cairo , Egypt",Cairo,New Heliopolis,None,Apartment,Commercial,Sale
https://remax.com.eg/property/apartment-fully-finished-and-furnished-good-price-6577,2,2,100,"EGP 5,100,000",51000.0,"Mostakbal City - Cairo , Egypt",Cairo,Mostakbal City,None,Apartment,Residential,Sale
https://remax.com.eg/property/duplex-for-sale-in-elan-saray-phase-in-installment-6574,3,3,159,"EGP 6,325,000",39779.87,"Mostakbal City - Cairo , Egypt",Cairo,Mostakbal City,None,Apartment,Residential,Sale
https://remax.com.eg/property/penthouse-4-bedrooms-ba7ary-good-location-6578,4,4,239,"EGP 14,200,000",59414.23,"Ras Al Hekma - North Coast , Egypt",North Coast,Ras Al Hekma,None,Apartment,Residential,None
https://remax.com.eg/property/sea-and-pool-view-fully-furnished-with-acs-6581,3,2,129,"EGP 13,000,000",100775.19,"Qesm Marsa Matrouh - North Coast , Egypt",North Coast,Qesm Marsa Matrouh,None,Apartment,Residential,None
https://remax.com.eg/property/apartment-90m-lagoon-view-side-sea-view-6570,1,2,90,"EGP 8,000,000",88888.89,"New Alamein City - North Coast , Egypt",North Coast,New Alamein City,None,Apartment,Residential,None
https://remax.com.eg/property/penthouse-for-sale-ready-to-move-in-sodic-east-6572,2,3,156,"EGP 10,250,000",65705.13,"New Heliopolis - Cairo , Egypt",Cairo,New Heliopolis,None,Apartment,Commercial,Sale
https://remax.com.eg/property/studio-for-sale-at-taj-city-origami-6580,1,1,58,"EGP 3,131,000",53982.76,"New Cairo City - Cairo , Egypt",Cairo,New Cairo City,None,Apartment,Residential,Sale
https://remax.com.eg/property/duplex-for-sale-in-elan-phase-in-sarai-with-installment-6561,3,3,160,"EGP 6,000,000",37500.0,"Mostakbal City - Cairo , Egypt",Cairo,Mostakbal City,None,Apartment,Residential,Sale
https://remax.com.eg/property/twin-house-kitchen-and-acs-for-rent-at-green-4-6556,5,6,360,"EGP 75,000",208.33,"Sheikh Zayed City - Giza , Egypt",Giza,Sheikh Zayed City,None,Apartment,Residential,Rent
https://remax.com.eg/property/lowest-market-price-prime-location-ready-to-move-6563,3,3,170,"EGP 5,800,000",34117.65,"New Cairo City - Cairo , Egypt",Cairo,New Cairo City,None,Apartment,Residential,None
https://remax.com.eg/property/resale-apartment-125m-marriott-residence-6562,2,2,125,"EGP 5,000,000",40000.0,"Heliopolis - Cairo , Egypt",Cairo,Heliopolis,None,Apartment,Residential,Rent
https://remax.com.eg/property/ba7ary-good-location-overlooking-pool-6564,2,2,134,"EGP 11,200,000",83582.09,"Ras Al Hekma - North Coast , Egypt",North Coast,Ras Al Hekma,None,Apartment,Residential,None
https://remax.com.eg/property/apartment-with-garden-for-sale-in-sarai-6569,3,3,150,"EGP 4,800,000",32000.0,"Mostakbal City - Cairo , Egypt",Cairo,Mostakbal City,None,Apartment,Residential,Sale
https://remax.com.eg/property/chalet-with-garden-furnished-pool-view-6568,2,1,104,"EGP 8,500,000",81730.77,"Sidi Abdel Rahman - North Coast , Egypt",North Coast,Sidi Abdel Rahman,None,Apartment,Residential,Sale
https://remax.com.eg/property/apartment-for-sale-115m-marriott-residence-6566,2,2,115,"EGP 37,000,000",321739.13,"Heliopolis - Cairo , Egypt",Cairo,Heliopolis,None,Apartment,Residential,Rent
https://remax.com.eg/property/apartment-with-garden-for-sale-at-sodic-east-6560,2,4,140,"EGP 9,000,228",64287.34,"New Heliopolis - Cairo , Egypt",Cairo,New Heliopolis,None,Apartment,Commercial,Sale
https://remax.com.eg/property/sv-villa-for-sale-prime-location-in-sodic-east-6565,3,4,270,"EGP 22,000,000",81481.48,"New Heliopolis - Cairo , Egypt",Cairo,New Heliopolis,None,Apartment,Commercial,Sale
https://remax.com.eg/property/description-apartment-for-sale-ultra-super-lux-at-sodic-east-6567,3,3,167,"EGP 10,750,000",64371.26,"New Heliopolis - Cairo , Egypt",Cairo,New Heliopolis,None,Apartment,Commercial,Sale
https://remax.com.eg/property/for-sale-3-bedroom-apartment-in-zayed-dunes-6558,3,2,198,"EGP 9,000,000",45454.55,"Sheikh Zayed City - Giza , Egypt",Giza,Sheikh Zayed City,None,Apartment,Residential,Sale
https://remax.com.eg/property/prime-location-resale-apartment-in-vye-sodic-6543,2,2,120,"EGP 8,000,000",66666.67,"Sheikh Zayed City - Giza , Egypt",Giza,Sheikh Zayed City,None,Apartment,Residential,Sale
https://remax.com.eg/property/apartment-for-sale-in-rose-heights-compound-2987,3,2,190,"EGP 6,000,000",31578.95,"Sheikh Zayed City - Giza , Egypt",Giza,Sheikh Zayed City,None,Apartment,Residential,Sale
https://remax.com.eg/property/prime-location-finished-twinhouse-in-jeera-4752,4,4,320,"EGP 19,000,000",59375.0,"Sheikh Zayed City - Giza , Egypt",Giza,Sheikh Zayed City,None,Apartment,Residential,None
https://remax.com.eg/property/ground-with-garden-ready-to-move-with-installments-6545,3,2,155,"EGP 6,400,000",41290.32,"6 October City - Giza , Egypt",Giza,6 October City,None,Apartment,Residential,None
https://remax.com.eg/property/apartment-for-rent-in-district-3-6539,3,2,220,"EGP 25,000",113.64,"Sheikh Zayed City - Giza , Egypt",Giza,Sheikh Zayed City,None,Apartment,Residential,Rent
https://remax.com.eg/property/apartment-for-sale-58-m²-resale-in-marriott-6540,1,1,58,"EGP 3,500,000",60344.83,"Heliopolis - Cairo , Egypt",Cairo,Heliopolis,None,Apartment,Residential,Rent
https://remax.com.eg/property/semi-finished-duplex-with-garden-in-zayed-heights-5151,3,4,225,"EGP 6,000,000",26666.67,"Sheikh Zayed City - Giza , Egypt",Giza,Sheikh Zayed City,None,Apartment,Residential,Sale
https://remax.com.eg/property/apartment-for-sale-in-kayan-6534,2,1,90,"EGP 4,510,353",50115.03,"Sheikh Zayed City - Giza , Egypt",Giza,Sheikh Zayed City,None,Apartment,Residential,Sale
https://remax.com.eg/property/luxurious-apartment-prime-location-dreamland-6553,3,2,160,"EGP 5,750,000",35937.5,"6 October City - Giza , Egypt",Giza,6 October City,None,Apartment,Residential,None
https://remax.com.eg/property/furnished-apartment-great-view-the-address-6555,3,2,109,"EGP 35,000",321.1,"Sheikh Zayed City - Giza , Egypt",Giza,Sheikh Zayed City,None,Apartment,Residential,Rent
https://remax.com.eg/property/ground-apartment-for-rent-in-al-khamayel-6554,3,3,166,"EGP 30,000",180.72,"Sheikh Zayed City - Giza , Egypt",Giza,Sheikh Zayed City,None,Apartment,Residential,Rent
https://remax.com.eg/property/licensed-125-sqm-apartment-for-sale-in-sporting-second-floor-from-the-sea-5164,2,1,125,"EGP 3,800,000",30400.0,"Hay Sharq - Alexandria , Egypt",Alexandria,Hay Sharq,None,Apartment,Residential,Sale
https://remax.com.eg/property/office-300-sqm-for-rent-maryland-heliopolis-6473,4,3,300,"EGP 120,000",400.0,"Heliopolis - Cairo , Egypt",Cairo,Heliopolis,None,Apartment,Residential,Rent
https://remax.com.eg/property/for-sale-distinctive-202-square-meter-apartment-in-b14-madinaty-6459,4,3,202,"EGP 13,748,000",68059.41,"Madinaty - Cairo , Egypt",Cairo,Madinaty,None,Apartment,Residential,Sale
https://remax.com.eg/property/for-sale-distinctive-apartment-in-b8-madinaty-6461,3,2,126,"EGP 11,377,000",90293.65,"Madinaty - Cairo , Egypt",Cairo,Madinaty,None,Apartment,Residential,Sale
https://remax.com.eg/property/for-sale-distinctive-133-square-meter-apartment-in-privado-madinaty-6462,3,2,133,"EGP 12,746,000",95834.59,"Madinaty - Cairo , Egypt",Cairo,Madinaty,None,Apartment,Residential,Sale
https://remax.com.eg/property/clinic-for-sale-in-sodic-medical-district-6471,2,1,84,"EGP 9,500,000",113095.24,"Sheikh Zayed City - Giza , Egypt",Giza,Sheikh Zayed City,None,Apartment,Residential,Sale
https://remax.com.eg/property/prime-location-apartment-in-7th-district-6470,3,2,160,"EGP 4,600,000",28750.0,"6 October City - Giza , Egypt",Giza,6 October City,None,Apartment,Residential,None
https://remax.com.eg/property/for-sale-distinctive-95-square-meter-apartment-in-b8-madinaty-6460,2,2,95,"EGP 8,493,000",89400.0,"Madinaty - Cairo , Egypt",Cairo,Madinaty,None,Apartment,Residential,Sale
https://remax.com.eg/property/apartment-for-sale-160-mgarden-40-m-obour-city-6485,3,2,160,"EGP 2,500,000",15625.0,"Obour City - Qalyubia , Egypt",Qalyubia,Obour City,None,Apartment,Commercial,Rent
https://remax.com.eg/property/office-for-rent-in-westmark-6469,4,2,138,"EGP 105,000",760.87,"6 October City - Giza , Egypt",Giza,6 October City,None,Apartment,Residential,Rent
https://remax.com.eg/property/apartment-175-sqm-for-rent-in-rehab-6472,3,3,175,"EGP 25,000",142.86,"New Cairo City - Cairo , Egypt",Cairo,New Cairo City,None,Apartment,Residential,Rent
https://remax.com.eg/property/chalet-160m-for-sale-in-stella-di-el-mare-sokhna-6475,3,3,160,"EGP 8,300,000",51875.0,"Al Ain Al Sokhna - Suez , Egypt",Suez,Al Ain Al Sokhna,None,Apartment,Residential,Rent
https://remax.com.eg/property/office-for-rent-in-the-polygon-sodic-6463,3,1,91,"EGP 70,000",769.23,"Sheikh Zayed City - Giza , Egypt",Giza,Sheikh Zayed City,None,Apartment,Residential,Rent
https://remax.com.eg/property/for-sale-distinctive-142-square-meter-apartment-in-b14-madinaty-6451,3,2,142,"EGP 10,058,000",70830.99,"Madinaty - Cairo , Egypt",Cairo,Madinaty,None,Apartment,Residential,Sale
https://remax.com.eg/property/for-sale-distinctive-142-square-meter-apartment-in-b14-madinaty-6452,3,2,142,"EGP 10,587,000",74556.34,"Madinaty - Cairo , Egypt",Cairo,Madinaty,None,Apartment,Residential,Sale
https://remax.com.eg/property/for-sale-distinctive-apartment-with-an-area-of-150-m²-55-m²-garden-in-b14-madinaty-6454,3,2,150,"EGP 12,380,000",82533.33,"Madinaty - Cairo , Egypt",Cairo,Madinaty,None,Apartment,Residential,Sale
https://remax.com.eg/property/for-sale-a-distinctive-apartment-with-an-area-of-167-square-meters-in-b14-madinaty-6453,4,3,167,"EGP 12,792,000",76598.8,"Madinaty - Cairo , Egypt",Cairo,Madinaty,None,Apartment,Residential,Sale
https://remax.com.eg/property/for-sale-a-distinctive-apartment-with-an-area-of-115-square-meters-in-b14-madinaty-6450,3,2,115,"EGP 8,301,000",72182.61,"Madinaty - Cairo , Egypt",Cairo,Madinaty,None,Apartment,Residential,Sale
https://remax.com.eg/property/for-sale-a-distinctive-apartment-with-an-area-of-189-square-meters-a-56-meter-garden-in-b14-madinaty-6455,4,3,189,"EGP 153,838,000",813957.67,"Madinaty - Cairo , Egypt",Cairo,Madinaty,None,Apartment,Residential,Sale
https://remax.com.eg/property/for-sale-distinctive-201-square-meter-apartment-in-b14-madinaty-6456,4,3,201,"EGP 14,542,000",72348.26,"Madinaty - Cairo , Egypt",Cairo,Madinaty,None,Apartment,Residential,Sale
https://remax.com.eg/property/ready-to-move-studio-in-privado-madinaty-prime-garden-view-6421,1,1,65,"EGP 6,816,250",104865.38,"Madinaty - Cairo , Egypt",Cairo,Madinaty,None,Apartment,Residential,Sale
https://remax.com.eg/property/apartment-semi-finished-for-sale-90-street-fifth-settlement-6373,3,2,175,"EGP 5,022,500",28700.0,"New Cairo City - Cairo , Egypt",Cairo,New Cairo City,None,Apartment,Residential,Sale
https://remax.com.eg/property/for-sale-distinctive-201-square-meter-apartment-in-b14-madinaty-6457,4,3,201,"EGP 14,986,000",74557.21,"Madinaty - Cairo , Egypt",Cairo,Madinaty,None,Apartment,Residential,Sale
https://remax.com.eg/property/finished-apartment-with-kitchen-and-acs-6458,4,3,250,"EGP 30,000",120.0,"Sheikh Zayed City - Giza , Egypt",Giza,Sheikh Zayed City,None,Apartment,Residential,Rent
https://remax.com.eg/property/apartment-for-sale-madinaty-fully-finished-overlooking-wide-garden-6420,3,2,115,"EGP 10,594,400",92125.22,"Madinaty - Cairo , Egypt",Cairo,Madinaty,None,Apartment,Residential,Sale
https://remax.com.eg/property/for-sale-106m-apartment-in-b14-madinaty-6445,2,2,106,"EGP 6,697,000",63179.25,"Madinaty - Cairo , Egypt",Cairo,Madinaty,None,Apartment,Residential,Sale
https://remax.com.eg/property/for-sale-a-distinctive-apartment-with-an-area-of-115-square-meters-in-b14-madinaty-6449,3,2,115,"EGP 9,169,000",79730.43,"Madinaty - Cairo , Egypt",Cairo,Madinaty,None,Apartment,Residential,Sale
https://remax.com.eg/property/for-sale-106m-apartment-in-b14-madinaty-6446,2,2,106,"EGP 7,807,000",73650.94,"Madinaty - Cairo , Egypt",Cairo,Madinaty,None,Apartment,Residential,Sale
https://remax.com.eg/property/ground-with-garden-prime-location-view-pyramids-6447,2,3,140,"EGP 45,000",321.43,"6 October City - Giza , Egypt",Giza,6 October City,None,Apartment,Residential,Rent
https://remax.com.eg/property/for-sale-a-distinctive-apartment-with-an-area-of-109-square-meters-in-b14-madinaty-6448,2,2,109,"EGP 6,818,000",62550.46,"Madinaty - Cairo , Egypt",Cairo,Madinaty,None,Apartment,Residential,Sale
https://remax.com.eg/property/for-sale-a-distinctive-80m-apartment-in-b14-madinaty-6444,2,1,80,"EGP 6,084,000",76050.0,"Madinaty - Cairo , Egypt",Cairo,Madinaty,None,Apartment,Residential,Sale
https://remax.com.eg/property/for-rent-in-madinaty-a-distinctive-apartment-in-b12-with-a-prime-location-6442,2,1,74,"EGP 27,000",364.86,"Madinaty - Cairo , Egypt",Cairo,Madinaty,None,Apartment,Residential,Rent
https://remax.com.eg/property/for-rent-luxurious-furnished-apartment-in-b15-madinaty-6441,2,2,100,"EGP 28,000",280.0,"Madinaty - Cairo , Egypt",Cairo,Madinaty,None,Apartment,Residential,Rent
https://remax.com.eg/property/ground-apartment-with-garden-in-badya-6439,4,3,190,"EGP 6,000,000",31578.95,"Sheikh Zayed City - Giza , Egypt",Giza,Sheikh Zayed City,None,Apartment,Residential,None
https://remax.com.eg/property/season-garana-villa-for-sale-6438,4,4,500,"EGP 50,000,000",100000.0,"6 October City - Giza , Egypt",Giza,6 October City,None,Apartment,Residential,Sale
https://remax.com.eg/property/siam-mall-office-for-sale-6437,0,0,60,"EGP 5,700,000",95000.0,"Sheikh Zayed City - Giza , Egypt",Giza,Sheikh Zayed City,None,Apartment,Residential,Sale
https://remax.com.eg/property/siam-mall-clinic-for-sale-6436,0,0,61,"EGP 5,795,000",95000.0,"Sheikh Zayed City - Giza , Egypt",Giza,Sheikh Zayed City,None,Apartment,Residential,Sale
https://remax.com.eg/property/villa-at-green-heights-6415,6,6,560,"EGP 32,000,000",57142.86,"Sheikh Zayed City - Giza , Egypt",Giza,Sheikh Zayed City,None,Apartment,Residential,Sale
https://remax.com.eg/property/clinic-for-sale-fully-finished-de-joya-new-capital-6393,0,0,41,"EGP 3,680,000",89756.1,"New Capital City - Cairo , Egypt",Cairo,New Capital City,None,Apartment,Residential,Sale
https://remax.com.eg/property/villa-at-mansouria-garana-6429,6,5,850,"EGP 18,000,000",21176.47,"6 October City - Giza , Egypt",Giza,6 October City,None,Apartment,Residential,None
https://remax.com.eg/property/siam-mall-shop-for-sale-6435,0,0,53,"EGP 12,198,000",230150.94,"Sheikh Zayed City - Giza , Egypt",Giza,Sheikh Zayed City,None,Apartment,Residential,Sale
https://remax.com.eg/property/villa-at-green-heights-6414,6,6,560,"EGP 1,500,000",2678.57,"Sheikh Zayed City - Giza , Egypt",Giza,Sheikh Zayed City,None,Apartment,Residential,Rent
https://remax.com.eg/property/garana-villa-for-sale-6431,4,4,440,"EGP 25,100,000",57045.45,"6 October City - Giza , Egypt",Giza,6 October City,None,Apartment,Residential,Sale
https://remax.com.eg/property/shop-at-silver-gate-6413,0,0,32,"EGP 480,000",15000.0,"Sheikh Zayed City - Giza , Egypt",Giza,Sheikh Zayed City,None,Apartment,Residential,None
https://remax.com.eg/property/semi-furnished-apartmet-for-rent-in-the-address-5109,3,2,109,"EGP 28,000",256.88,"Sheikh Zayed City - Giza , Egypt",Giza,Sheikh Zayed City,None,Apartment,Residential,Rent
https://remax.com.eg/property/villa-at-azizia-6416,5,4,650,"EGP 32,000,000",49230.77,"Sheikh Zayed City - Giza , Egypt",Giza,Sheikh Zayed City,None,Apartment,Residential,None
https://remax.com.eg/property/karma4-shop-for-rent-6432,0,0,70,"EGP 660,000",9428.57,"Sheikh Zayed City - Giza , Egypt",Giza,Sheikh Zayed City,None,Apartment,Residential,Rent
https://remax.com.eg/property/office-at-polygon-6419,0,0,85,"EGP 780,000",9176.47,"Sheikh Zayed City - Giza , Egypt",Giza,Sheikh Zayed City,None,Apartment,Residential,None
https://remax.com.eg/property/al-rabwa-villa-for-rent-6433,4,4,406,"EGP 1,440,000",3546.8,"Sheikh Zayed City - Giza , Egypt",Giza,Sheikh Zayed City,None,Apartment,Residential,Rent
https://remax.com.eg/property/resales-studio-new-cairo-taj-city-6404,1,1,58,"EGP 3,707,097",63915.47,"New Cairo City - Cairo , Egypt",Cairo,New Cairo City,None,Apartment,Residential,Sale
https://remax.com.eg/property/chalet-for-sale-north-coast-egypt-6376,3,2,134,"EGP 12,607,500",94085.82,"Ras Al Hekma - North Coast , Egypt",North Coast,Ras Al Hekma,None,Apartment,Residential,Sale
https://remax.com.eg/property/luxurious-furnished-apartment-for-rent-in-b6-madinaty-6409,3,2,143,"EGP 35,000",244.76,"Madinaty - Cairo , Egypt",Cairo,Madinaty,None,Apartment,Residential,Rent
https://remax.com.eg/property/super-lux-finished-villa-for-sale-new-cairo-fifth-settlement-6403,10,8,500,"EGP 38,950,000",77900.0,"New Cairo City - Cairo , Egypt",Cairo,New Cairo City,None,Apartment,Residential,Sale
https://remax.com.eg/property/apartment-for-sale-90th-street-fifth-settlement-6372,3,2,263,"EGP 7,333,875",27885.46,"New Cairo City - Cairo , Egypt",Cairo,New Cairo City,None,Apartment,Residential,Sale
https://remax.com.eg/property/lumia-lagoons-new-capital-semi-finished-apartment-for-sale-6367,3,3,180,"EGP 7,571,367",42063.15,"New Capital City - Cairo , Egypt",Cairo,New Capital City,None,Apartment,Residential,Sale
https://remax.com.eg/property/luxury-furnished-apartment-for-rent-in-b15-madinaty-6412,3,2,131,"EGP 38,000",290.08,"Madinaty - Cairo , Egypt",Cairo,Madinaty,None,Apartment,Residential,Rent
https://remax.com.eg/property/chalet-for-sale-dose-north-coast-akam-al-rajhi-6406,1,1,103,"EGP 7,400,500",71849.51,"Qesm Ad Dabaah - North Coast , Egypt",North Coast,Qesm Ad Dabaah,None,Apartment,Residential,Sale
https://remax.com.eg/property/villa-for-sale-fully-finished-the-wonder-marq-mostkbal-city-6381,2,3,120,"EGP 14,913,750",124281.25,"Mostakbal City - Cairo , Egypt",Cairo,Mostakbal City,None,Apartment,Commercial,Sale
https://remax.com.eg/property/distinctive-apartment-for-sale-in-b6-madinaty-6407,2,1,89,"EGP 4,250,000",47752.81,"Madinaty - Cairo , Egypt",Cairo,Madinaty,None,Apartment,Residential,Sale
https://remax.com.eg/property/ready-to-move-apartment-for-sale-taj-city-new-cairo-6382,3,2,130,"EGP 7,250,000",55769.23,"New Cairo City - Cairo , Egypt",Cairo,New Cairo City,None,Apartment,Residential,Sale
https://remax.com.eg/property/luxury-furnished-apartment-for-rent-in-b7-madinaty-6408,2,2,96,"EGP 30,000",312.5,"Madinaty - Cairo , Egypt",Cairo,Madinaty,None,Apartment,Residential,Rent
https://remax.com.eg/property/apartment-for-sale-131-m²-in-b6-madinaty-6386,3,2,131,"EGP 6,500,000",49618.32,"Madinaty - Cairo , Egypt",Cairo,Madinaty,None,Apartment,Residential,Sale
https://remax.com.eg/property/1br-apartment-nyoum-october-investment-opportunity-6361,1,1,60,"EGP 2,050,000",34166.67,"6 October City - Giza , Egypt",Giza,6 October City,None,Apartment,Residential,Sale
https://remax.com.eg/property/luxury-apartment-with-garden-in-zayed-heights-6402,3,3,260,"EGP 8,000,000",30769.23,"Sheikh Zayed City - Giza , Egypt",Giza,Sheikh Zayed City,None,Apartment,Residential,Sale
https://remax.com.eg/property/123m-apartment-for-sale-in-first-smart-city-an-unmissable-investment-opportunity-6360,3,2,123,"EGP 7,445,510",60532.6,"Nour City - Cairo , Egypt",Cairo,Nour City,None,Apartment,Commercial,Sale
https://remax.com.eg/property/finished-apartment-kitchen-and-acs-la-ville-compound-6369,2,2,135,"EGP 4,800,000",35555.56,"Sheikh Zayed City - Giza , Egypt",Giza,Sheikh Zayed City,None,Apartment,Residential,Sale
https://remax.com.eg/property/209m-apartment-in-nour-city-first-floor-3-bedrooms-3-bathrooms-save-350000-delivery-2026-6363,4,3,208,"EGP 11,380,770",54715.24,"Nour City - Cairo , Egypt",Cairo,Nour City,None,Apartment,Commercial,Sale
https://remax.com.eg/property/apartment-for-sale-in-smart-city-madinat-nour-147-m-delivery-2026-6362,3,3,147,"EGP 8,295,150",56429.59,"Nour City - Cairo , Egypt",Cairo,Nour City,None,Apartment,Commercial,Sale
https://remax.com.eg/property/fully-finished-apartment-for-sale-in-palm-hills-new-cairo-ready-to-move-6384,2,1,140,"EGP 16,199,100",115707.86,"New Cairo City - Cairo , Egypt",Cairo,New Cairo City,None,Apartment,Residential,Sale
https://remax.com.eg/property/apartment-for-sale-in-b14-madinaty-6356,4,3,202,"EGP 16,597,000",82163.37,"Madinaty - Cairo , Egypt",Cairo,Madinaty,None,Apartment,Residential,Sale
https://remax.com.eg/property/apartment-for-sale-in-madinaty-group-b14-6385,3,2,142,"EGP 10,801,000",76063.38,"Madinaty - Cairo , Egypt",Cairo,Madinaty,None,Apartment,Residential,Sale
https://remax.com.eg/property/for-sale-an-apartment-of-234-m²-in-b1-madinaty-high-end-finishing-very-distinguished-location-6387,4,3,234,"EGP 11,500,000",49145.3,"Madinaty - Cairo , Egypt",Cairo,Madinaty,None,Apartment,Residential,Sale
https://remax.com.eg/property/apartment-for-sale-ultra-super-lux-madinaty-ready-to-move-6383,3,1,144,"EGP 6,970,000",48402.78,"Madinaty - Cairo , Egypt",Cairo,Madinaty,None,Apartment,Residential,Sale
https://remax.com.eg/property/golf-side-opportunity-in-solimanya-for-sale-6352,3,3,205,"EGP 4,000,000",19512.2,"6 October City - Giza , Egypt",Giza,6 October City,None,Apartment,Residential,Sale
https://remax.com.eg/property/under-market-price-finished-ground-with-garden-6348,2,2,125,"EGP 5,500,000",44000.0,"6 October City - Giza , Egypt",Giza,6 October City,None,Apartment,Residential,Sale
https://remax.com.eg/property/fully-finished-directly-on-the-26th-of-july-axis-6341,0,0,52,"EGP 52,000",1000.0,"6 October City - Giza , Egypt",Giza,6 October City,None,Apartment,Residential,Rent
https://remax.com.eg/property/semi-finished-landscape-view-competitive-price-6345,2,2,116,"EGP 7,748,118",66794.12,"6 October City - Giza , Egypt",Giza,6 October City,None,Apartment,Residential,Sale
https://remax.com.eg/property/furnished-apartment-for-rent-in-dar-masr-6335,None,None,None,None,None,None,None,None,None,None,Residential,Rent
https://remax.com.eg/property/corner-townhouse-prime-location-opposite-beverly-6327,4,4,375,"EGP 11,500,000",30666.67,"6 October City - Giza , Egypt",Giza,6 October City,None,Apartment,Residential,Sale
https://remax.com.eg/property/apartment-for-sale-in-b14-madinaty-167-m-6358,3,3,167,"EGP 14,138,000",84658.68,"Madinaty - Cairo , Egypt",Cairo,Madinaty,None,Apartment,Residential,Sale
https://remax.com.eg/property/rare-apartment-for-sale-in-b6-89-m-sea-view-with-garden-in-front-of-strip-mall-6349,2,2,89,"EGP 4,250,000",47752.81,"Madinaty - Cairo , Egypt",Cairo,Madinaty,None,Apartment,Residential,Sale
https://remax.com.eg/property/fully-equipped-ready-to-move-jewar-6347,2,2,136,"EGP 26,000",191.18,"Sheikh Zayed City - Giza , Egypt",Giza,Sheikh Zayed City,None,Apartment,Residential,Rent
https://remax.com.eg/property/prime-twin-house-in-al-nasayem-ready-to-move-6329,4,4,286,"EGP 9,200,000",32167.83,"6 October City - Giza , Egypt",Giza,6 October City,None,Apartment,Residential,Sale
https://remax.com.eg/property/for-sale-an-82-square-meter-apartment-in-b7-distinguished-fourth-floor-in-front-of-services-6328,2,1,82,"EGP 3,850,000",46951.22,"Madinaty - Cairo , Egypt",Cairo,Madinaty,None,Apartment,Residential,Sale
https://remax.com.eg/property/rare-opportunity-103m-apartment-with-hotel-finishing-for-sale-in-b6-madinaty-view-garden-khalasa-6350,3,2,103,"EGP 5,250,000",50970.87,"Madinaty - Cairo , Egypt",Cairo,Madinaty,None,Apartment,Residential,Sale
https://remax.com.eg/property/own-a-twin-house-at-the-lowest-contract-price-in-the-first-smart-city-noor-city-6304,4,4,259,"EGP 23,741,000",91664.09,"Nour City - Cairo , Egypt",Cairo,Nour City,None,Apartment,Residential,Rent
https://remax.com.eg/property/for-sale-apartment-in-isola-quattro-new-cairo-6322,3,3,158,"EGP 5,777,000",36563.29,"New Cairo City - Cairo , Egypt",Cairo,New Cairo City,None,Apartment,Residential,Sale
https://remax.com.eg/property/for-sale-q2-villa-in-noor-city-the-first-smart-city-in-the-middle-east-6299,3,3,213,"EGP 16,257,580",76326.67,"Nour City - Cairo , Egypt",Cairo,Nour City,None,Apartment,Residential,Sale
https://remax.com.eg/property/luxury-villa-for-sale-in-madinaty-model-e3-distinctive-design-and-ideal-location-6294,4,4,266,"EGP 36,000,000",135338.35,"Madinaty - Cairo , Egypt",Cairo,Madinaty,None,Apartment,Residential,Sale
https://remax.com.eg/property/apartment-228-sqm-in-heliopolis-next-to-city-stars-6286,3,2,228,"EGP 7,500,000",32894.74,"El Nozha - Cairo , Egypt",Cairo,El Nozha,None,Apartment,Residential,Rent
https://remax.com.eg/property/rare-opportunity-for-sale-shop-in-a-prime-location-in-open-air-mall-extension-madinaty-6290,1,0,44,"EGP 17,678,020",401773.18,"Madinaty - Cairo , Egypt",Cairo,Madinaty,None,Apartment,Residential,Rent
https://remax.com.eg/property/prime-1-bedroom-in-o-west-core-6312,1,1,85,"EGP 6,038,000",71035.29,"6 October City - Giza , Egypt",Giza,6 October City,None,Apartment,Residential,Sale
https://remax.com.eg/property/a-golden-opportunity-to-live-or-invest-in-nour-city-an-82-square-meter-apartment-with-a-small-down-payment-6301,2,1,82,"EGP 5,095,000",62134.15,"Nour City - Cairo , Egypt",Cairo,Nour City,None,Apartment,Residential,Sale
https://remax.com.eg/property/your-golden-opportunity-to-live-or-invest-in-noor-city-group-11-6314,2,1,82,"EGP 1,911,000",23304.88,"Nour City - Cairo , Egypt",Cairo,Nour City,None,Apartment,Residential,Sale
https://remax.com.eg/property/fully-furnished-apartment-for-rent-in-7-district-6317,3,3,220,"EGP 35,000",159.09,"Sheikh Zayed City - Giza , Egypt",Giza,Sheikh Zayed City,None,Apartment,Residential,Rent
https://remax.com.eg/property/apartment-for-sale-in-sheraton-towers-sea-and-park-view-5213,3,1,148,"EGP 5,500,000",37162.16,"Hay Than El Montazah - Alexandria , Egypt",Alexandria,Hay Than El Montazah,None,Apartment,Residential,Sale
https://remax.com.eg/property/prime-location-one-story-villa-lowest-price-6324,4,6,315,"EGP 35,600,000",113015.87,"6 October City - Giza , Egypt",Giza,6 October City,None,Apartment,Residential,None
https://remax.com.eg/property/65m²-apartment-in-b7-madinaty-prime-location-high-end-finishing-6277,2,1,65,"EGP 4,000,000",61538.46,"Madinaty - Cairo , Egypt",Cairo,Madinaty,None,Apartment,Residential,Sale
https://remax.com.eg/property/for-sale-96m-apartment-in-b7-madinaty-6274,2,2,96,"EGP 4,700,000",48958.33,"Madinaty - Cairo , Egypt",Cairo,Madinaty,None,Apartment,Residential,Sale
https://remax.com.eg/property/for-sale-a-wonderful-apartment-in-b11-madinaty-prime-location-and-luxurious-finishing-6280,3,2,133,"EGP 11,240,000",84511.28,"Madinaty - Cairo , Egypt",Cairo,Madinaty,None,Apartment,Residential,Sale
https://remax.com.eg/property/villa-240m-for-sale-in-watermark-fifth-settlement-6284,5,4,240,"EGP 35,000,000",145833.33,"New Cairo City - Cairo , Egypt",Cairo,New Cairo City,None,Apartment,Residential,Rent
https://remax.com.eg/property/for-sale-96m-apartment-in-b7-madinaty-prime-location-excellent-finishing-6275,2,2,96,"EGP 4,300,000",44791.67,"Madinaty - Cairo , Egypt",Cairo,Madinaty,None,Apartment,Residential,Sale
https://remax.com.eg/property/65m²-studio-in-b14-madinaty-prime-location-superb-finishing-6278,1,1,65,"EGP 5,979,000",91984.62,"Madinaty - Cairo , Egypt",Cairo,Madinaty,None,Apartment,Residential,None
https://remax.com.eg/property/apartment-for-sale-100-m-garden-55m-in-azha-sokh-6285,2,2,100,"EGP 8,000,000",80000.0,"Al Ain Al Sokhna - Suez , Egypt",Suez,Al Ain Al Sokhna,None,Apartment,Residential,Rent
https://remax.com.eg/property/for-sale-142m-apartment-in-b14-madinaty-prime-location-luxurious-finishing-6279,3,2,142,"EGP 10,801,000",76063.38,"Madinaty - Cairo , Egypt",Cairo,Madinaty,None,Apartment,Residential,Sale
https://remax.com.eg/property/apartment-200m-for-rent-in-lake-view-residence-6282,3,3,200,"EGP 80,000",400.0,"New Cairo City - Cairo , Egypt",Cairo,New Cairo City,None,Apartment,Residential,Rent
https://remax.com.eg/property/villa-400-m-for-rent-in-new-meryland-compound-6281,4,4,398,"EGP 120,000",301.51,"New Cairo City - Cairo , Egypt",Cairo,New Cairo City,None,Apartment,Residential,Rent
https://remax.com.eg/property/for-sale-127m-apartment-in-b8-madinaty-prime-location-excellent-finishing-6276,3,2,127,"EGP 3,700,000",29133.86,"Madinaty - Cairo , Egypt",Cairo,Madinaty,None,Apartment,Residential,Sale
https://remax.com.eg/property/duplex-310-sqm-for-sale-in-heliopolis-6283,4,3,310,"EGP 14,000,000",45161.29,"Heliopolis - Cairo , Egypt",Cairo,Heliopolis,None,Apartment,Residential,Rent
https://remax.com.eg/property/for-sale-a-distinctive-135m-apartment-in-b8-madinaty-6271,3,2,135,"EGP 13,000,000",96296.3,"Madinaty - Cairo , Egypt",Cairo,Madinaty,None,Apartment,Residential,Sale
https://remax.com.eg/property/studio-57-sqm-for-sale-in-koun-ras-el-hekma-6257,1,1,57,"EGP 1,583,000",27771.93,"Ras Al Hekma - North Coast , Egypt",North Coast,Ras Al Hekma,None,Apartment,Residential,Rent
https://remax.com.eg/property/apartment-for-rent-160-m-garden-70-m-in-al-rehab-6256,3,2,160,"EGP 25,000",156.25,"New Cairo City - Cairo , Egypt",Cairo,New Cairo City,None,Apartment,Residential,Rent
https://remax.com.eg/property/for-sale-a-distinctive-apartment-in-b1-madinaty-6268,2,1,96,"EGP 4,900,000",51041.67,"Madinaty - Cairo , Egypt",Cairo,Madinaty,None,Apartment,Residential,Sale
https://remax.com.eg/property/for-sale-120-sqm-apartment-in-hadayek-al-qubba-6258,3,2,120,"EGP 2,000,000",16666.67,"Hadayek El Kobba - Cairo , Egypt",Cairo,Hadayek El Kobba,None,Apartment,Residential,Rent
https://remax.com.eg/property/apartment-for-sale-in-port-said-200m-6259,3,3,200,"EGP 15,000,000",75000.0,"Port Foad - Port Saeed , Egypt",Port Saeed,Port Foad,None,Apartment,Residential,Rent
https://remax.com.eg/property/for-sale-ground-floor-apartment-with-a-garden-in-b7-madinaty-6272,2,2,89,"EGP 5,500,000",61797.75,"Madinaty - Cairo , Egypt",Cairo,Madinaty,None,Apartment,Residential,Sale
https://remax.com.eg/property/for-sale-ground-floor-apartment-with-a-garden-in-b12-madinaty-6270,1,1,67,"EGP 3,000,000",44776.12,"Madinaty - Cairo , Egypt",Cairo,Madinaty,None,Apartment,Residential,Sale
https://remax.com.eg/property/duplex-800-sqm-for-sale-in-heliopolis-6260,6,5,800,"EGP 16,000,000",20000.0,"El Nozha - Cairo , Egypt",Cairo,El Nozha,None,Apartment,Residential,Rent
https://remax.com.eg/property/chalet-for-sale-110mgarden-120m-in-golden-beach-1-6255,2,1,110,"EGP 2,500,000",22727.27,"Ras Sedr - South Sainai , Egypt",South Sainai,Ras Sedr,None,Apartment,Residential,Rent
https://remax.com.eg/property/for-sale-a-ground-floor-apartment-with-a-garden-in-madinaty-b14-6269,2,1,92,"EGP 6,223,000",67641.3,"Madinaty - Cairo , Egypt",Cairo,Madinaty,None,Apartment,Residential,Sale
https://remax.com.eg/property/1-bedroom-apartment-for-rent-in-palm-parks-6262,1,1,100,"EGP 27,000",270.0,"6 October City - Giza , Egypt",Giza,6 October City,None,Apartment,Residential,Rent
https://remax.com.eg/property/apartment-214-sqm-for-sale-in-al-narges-buildings-6253,2,2,214,"EGP 7,500,000",35046.73,"New Cairo City - Cairo , Egypt",Cairo,New Cairo City,None,Apartment,Residential,Rent
https://remax.com.eg/property/apartment-210-m-for-sale-in-the-square-compound-6251,4,3,210,"EGP 10,000,000",47619.05,"New Cairo City - Cairo , Egypt",Cairo,New Cairo City,None,Apartment,Residential,Rent
https://remax.com.eg/property/building-322-m-in-el-nozha-heliopolis-6250,9,9,322,"EGP 20,000,000",62111.8,"Heliopolis - Cairo , Egypt",Cairo,Heliopolis,None,Apartment,Residential,Rent
https://remax.com.eg/property/shop-for-rent-40-sqm-in-heliopolis-4730,1,1,40,"EGP 50,000",1250.0,"Heliopolis - Cairo , Egypt",Cairo,Heliopolis,None,Apartment,Commercial,Rent
https://remax.com.eg/property/apartment-for-rent-125-m²-sheraton-6249,2,1,125,"EGP 40,000",320.0,"El Nozha - Cairo , Egypt",Cairo,El Nozha,None,Apartment,Residential,Rent
https://remax.com.eg/property/apartment-for-sale-off-marghany-st-heliopolis-4873,4,3,350,"EGP 8,750,000",25000.0,"Heliopolis - Cairo , Egypt",Cairo,Heliopolis,None,Apartment,Residential,Sale
https://remax.com.eg/property/apartment-for-sale-150-m-in-new-nozha-6247,3,1,150,"EGP 6,000,000",40000.0,"El Nozha - Cairo , Egypt",Cairo,El Nozha,None,Apartment,Residential,Rent
https://remax.com.eg/property/apartment-for-sale-65-m-stanley-steps-from-the-sea-5222,1,1,65,"EGP 1,850,000",28461.54,"Hay Sharq - Alexandria , Egypt",Alexandria,Hay Sharq,None,Apartment,Residential,Rent
https://remax.com.eg/property/super-lux-apartment-320-m-for-rent-in-sheraton-6254,5,4,320,"EGP 30,000",93.75,"El Nozha - Cairo , Egypt",Cairo,El Nozha,None,Apartment,Residential,Rent
https://remax.com.eg/property/apartment-for-sale-250-m-rushdy-ibrahim-helmy-street-4548,3,2,250,"EGP 7,500,000",30000.0,"Hay Sharq - Alexandria , Egypt",Alexandria,Hay Sharq,None,Apartment,Residential,Rent
https://remax.com.eg/property/shop-335m-two-floors-in-nasr-city-6248,1,1,335,"EGP 200,000",597.01,"Nasr City - Cairo , Egypt",Cairo,Nasr City,None,Apartment,Residential,Rent
https://remax.com.eg/property/apartment-280-sqm-for-sale-in-nasr-city-6252,3,2,280,"EGP 6,500,000",23214.29,"Nasr City - Cairo , Egypt",Cairo,Nasr City,None,Apartment,Residential,Rent
https://remax.com.eg/property/licensed-dental-clinic-for-sale-80-m-in-al-hadaia-5232,3,1,80,"EGP 3,250,000",40625.0,"Hay Sharq - Alexandria , Egypt",Alexandria,Hay Sharq,None,Apartment,Residential,Rent
https://remax.com.eg/property/licensed-apartment-125-m-for-sale-moharram-bek-tram-zein-el-abedin-5168,3,1,125,"EGP 2,550,000",20400.0,"Hay Sharq - Alexandria , Egypt",Alexandria,Hay Sharq,None,Apartment,Residential,Rent
https://remax.com.eg/property/apartment-200-m-for-rent-furnished-rushdi-steps-from-the-sea-4833,4,2,200,"EGP 40,000",200.0,"Hay Sharq - Alexandria , Egypt",Alexandria,Hay Sharq,None,Apartment,Residential,Rent
https://remax.com.eg/property/apartment-for-sale-150-m-sidi-bishr-mohamed-naguib-square-4307,3,1,150,"EGP 2,900,000",19333.33,"Hay Awal El Montazah - Alexandria , Egypt",Alexandria,Hay Awal El Montazah,None,Apartment,Residential,Sale
https://remax.com.eg/property/resale-apartment-in-elmostathmer-elsaghir-zayed-3055,2,2,105,"EGP 2,950,000",28095.24,"Sheikh Zayed City - Giza , Egypt",Giza,Sheikh Zayed City,None,Apartment,Residential,Sale
https://remax.com.eg/property/standalone-for-sale-in-el-rabwa-el-sheikh-zayed-3919,3,2,370,"EGP 26,500,000",71621.62,"Sheikh Zayed City - Giza , Egypt",Giza,Sheikh Zayed City,None,Apartment,Residential,Sale
https://remax.com.eg/property/apartment-with-attractive-price-marville-new-zayed-5006,4,4,268,"EGP 14,875,000",55503.73,"Sheikh Zayed City - Giza , Egypt",Giza,Sheikh Zayed City,None,Apartment,Residential,Sale
https://remax.com.eg/property/apartment-for-sale-155-m-marouj-compound-in-the-heart-of-smouha-4828,3,3,155,"EGP 5,000,000",32258.06,"Hay Sharq - Alexandria , Egypt",Alexandria,Hay Sharq,None,Apartment,Commercial,Sale
https://remax.com.eg/property/apartment-for-sale-180-m-full-view-of-smouha-club-4525,3,2,180,"EGP 7,000,000",38888.89,"Hay Sharq - Alexandria , Egypt",Alexandria,Hay Sharq,None,Apartment,Residential,Rent
https://remax.com.eg/property/apartment-for-sale-in-zayed-heights-compound-2850,3,3,240,"EGP 5,600,000",23333.33,"Sheikh Zayed City - Giza , Egypt",Giza,Sheikh Zayed City,None,Apartment,Residential,Sale
https://remax.com.eg/property/super-lux-apartment-with-roof-terrace-view-6216,3,2,185,"EGP 6,350,000",34324.32,"- , Egypt",None,None,None,Apartment,Residential,Sale
https://remax.com.eg/property/apartment-for-sale-155-m-sidi-gaber-al-musheer-street-public-area-5007,3,2,155,"EGP 5,000,000",32258.06,"Ganoub El Giza - Giza , Egypt",Giza,Ganoub El Giza,None,Apartment,Residential,Rent
https://remax.com.eg/property/ground-apartment-for-sale-in-la-colina-5209,1,2,104,"EGP 6,678,092",64212.42,"Sheikh Zayed City - Giza , Egypt",Giza,Sheikh Zayed City,None,Apartment,Residential,Sale
https://remax.com.eg/property/penthouse-for-sale-mountain-view-hyde-park-new-cairo-5206,4,3,166,"EGP 8,750,000",52710.84,"New Cairo City - Cairo , Egypt",Cairo,New Cairo City,None,Apartment,Residential,Sale
https://remax.com.eg/property/prime-location-apartment-in-courtyard-sodic-5204,3,3,200,"EGP 15,000,000",75000.0,"Sheikh Zayed City - Giza , Egypt",Giza,Sheikh Zayed City,None,Apartment,Residential,Sale
https://remax.com.eg/property/furnished-apartment-for-rent-in-hyde-park-super-lux-finishing-first-use-5196,3,3,199,"EGP 780,000",3919.6,"New Cairo City - Cairo , Egypt",Cairo,New Cairo City,None,Apartment,Residential,Rent
https://remax.com.eg/property/apartment-for-sale-177-m-rushdi-steps-from-syria-street-5212,3,1,177,"EGP 5,950,000",33615.82,"Hay Sharq - Alexandria , Egypt",Alexandria,Hay Sharq,None,Apartment,Residential,Rent
https://remax.com.eg/property/240-m-commercial-scale-for-sale-in-smouha-fawzy-moaz-street-5211,0,2,240,"EGP 24,000,000",100000.0,"Hay Sharq - Alexandria , Egypt",Alexandria,Hay Sharq,None,Apartment,Commercial,Rent
https://remax.com.eg/property/luxury-apartment-for-sale-park-corner-phase-open-view-5197,2,2,145,"EGP 9,950,000",68620.69,"New Cairo City - Cairo , Egypt",Cairo,New Cairo City,None,Apartment,Residential,Sale
https://remax.com.eg/property/distinctive-apartment-for-sale-105-m-janaklis-al-fath-street-5224,3,1,105,"EGP 3,350,000",31904.76,"Hay Sharq - Alexandria , Egypt",Alexandria,Hay Sharq,None,Apartment,Residential,Rent
https://remax.com.eg/property/office-for-rent-in-kazan-plaza-5228,2,1,90,"EGP 45,000",500.0,"6 October City - Giza , Egypt",Giza,6 October City,None,Apartment,Residential,Rent
https://remax.com.eg/property/furnished-apartment-for-rent-in-el-continental-gardens-5227,3,2,170,"EGP 40,000",235.29,"Sheikh Zayed City - Giza , Egypt",Giza,Sheikh Zayed City,None,Apartment,Residential,Rent
https://remax.com.eg/property/apartment-for-sale-mountain-view-aliva-mostakbal-city-5198,3,3,140,"EGP 9,500,000",67857.14,"New Cairo City - Cairo , Egypt",Cairo,New Cairo City,None,Apartment,Residential,Sale
https://remax.com.eg/property/apartment-for-sale-144-m-smouha-al-nasr-street-5225,3,1,144,"EGP 4,200,000",29166.67,"Hay Sharq - Alexandria , Egypt",Alexandria,Hay Sharq,None,Apartment,Residential,Rent
https://remax.com.eg/property/licensed-apartment-175-m-for-sale-moharram-bek-on-zein-el-abedin-tram-5166,3,2,175,"EGP 4,375,000",25000.0,"Hay Sharq - Alexandria , Egypt",Alexandria,Hay Sharq,None,Apartment,Residential,Sale
https://remax.com.eg/property/resale-fully-finished-studio-with-terrace-zed-west-5173,1,1,89,"EGP 6,900,000",77528.09,"Sheikh Zayed City - Giza , Egypt",Giza,Sheikh Zayed City,None,Apartment,Residential,Sale
https://remax.com.eg/property/ground-duplex-for-rent-in-casa-beverly-hills-5160,3,3,245,"EGP 55,000",224.49,"Sheikh Zayed City - Giza , Egypt",Giza,Sheikh Zayed City,None,Apartment,Residential,Rent
https://remax.com.eg/property/a-unique-furnished-apartment-for-rent-zed-towers-5120,3,3,160,"EGP 70,000",437.5,"Sheikh Zayed City - Giza , Egypt",Giza,Sheikh Zayed City,None,Apartment,Residential,Rent
https://remax.com.eg/property/duplex-for-sale-in-mountain-view-i-city-6th-of-october-5150,3,3,210,"EGP 7,875,000",37500.0,"6 October City - Giza , Egypt",Giza,6 October City,None,Apartment,Residential,Sale
https://remax.com.eg/property/prime-location-office-in-capital-business-park-5119,0,1,62,"EGP 75,000",1209.68,"Sheikh Zayed City - Giza , Egypt",Giza,Sheikh Zayed City,None,Apartment,Residential,Rent
https://remax.com.eg/property/resale-apartment-in-zed-west-sheikh-zayed-5146,2,2,140,"EGP 8,700,000",62142.86,"Sheikh Zayed City - Giza , Egypt",Giza,Sheikh Zayed City,None,Apartment,Residential,Sale
https://remax.com.eg/property/prime-location-furnished-apartment-in-al-khamayel-5121,3,2,150,"EGP 35,000",233.33,"Sheikh Zayed City - Giza , Egypt",Giza,Sheikh Zayed City,None,Apartment,Residential,None
https://remax.com.eg/property/apartment-for-rent-in-badya-5195,1,1,84,"EGP 18,000",214.29,"Sheikh Zayed City - Giza , Egypt",Giza,Sheikh Zayed City,None,Apartment,Residential,Rent
https://remax.com.eg/property/ground-duplex-for-rent-kitchen-and-acs-in-casa-5130,3,3,234,"EGP 45,000",192.31,"6 October City - Giza , Egypt",Giza,6 October City,None,Apartment,Residential,Rent
https://remax.com.eg/property/apartment-with-kitchen-and-acs-in-zed-west-5112,3,3,161,"EGP 32,000",198.76,"Sheikh Zayed City - Giza , Egypt",Giza,Sheikh Zayed City,None,Apartment,Residential,Rent
https://remax.com.eg/property/apartment-for-sale-in-karma-residence-5144,2,2,137,"EGP 6,200,000",45255.47,"Sheikh Zayed City - Giza , Egypt",Giza,Sheikh Zayed City,None,Apartment,Residential,Sale
https://remax.com.eg/property/apartment-for-sale-in-the-14th-district-in-madinaty-group-142-5074,3,2,142,"EGP 10,000,000",70422.54,"Madinaty - Cairo , Egypt",Cairo,Madinaty,None,Apartment,Residential,Sale
https://remax.com.eg/property/distinctive-villa-for-sale-in-noor-city-group-44-5082,3,3,195,"EGP 16,600,000",85128.21,"Noor City - Cairo , Egypt",Cairo,Noor City,None,Apartment,Residential,Sale
https://remax.com.eg/property/townhouse-corner-for-sale-in-utopia-5094,3,3,350,"EGP 11,800,000",33714.29,"6 October City - Giza , Egypt",Giza,6 October City,None,Apartment,Residential,Sale
https://remax.com.eg/property/furnished-ground-apartment-for-rent-in-dream-land-5100,3,3,200,"EGP 38,000",190.0,"6 October City - Giza , Egypt",Giza,6 October City,None,Apartment,Residential,Rent
https://remax.com.eg/property/distinctive-apartment-for-sale-in-the-14th-district-in-madinaty-group-142-5076,2,3,142,"EGP 12,000,000",84507.04,"Madinaty - Cairo , Egypt",Cairo,Madinaty,None,Apartment,Residential,Sale
https://remax.com.eg/property/semi-furnished-apartment-in-dar-misr-compound-5110,3,2,140,"EGP 25,000",178.57,"Sheikh Zayed City - Giza , Egypt",Giza,Sheikh Zayed City,None,Apartment,Residential,Rent
https://remax.com.eg/property/furnished-hotel-apartment-for-rent-in-the-first-phase-of-new-cairo-b6-with-premium-amenities-5075,2,2,89,"EGP 25,000",280.9,"Madinaty - Cairo , Egypt",Cairo,Madinaty,None,Apartment,Residential,Rent
https://remax.com.eg/property/apartment-for-sale-in-solana-very-prime-location-5090,2,3,147,"EGP 10,844,000",73768.71,"Sheikh Zayed City - Giza , Egypt",Giza,Sheikh Zayed City,None,Apartment,Residential,Sale
https://remax.com.eg/property/resale-standalone-villa-in-belle-vie-emaar-5091,4,4,302,"EGP 31,000,000",102649.01,"Sheikh Zayed City - Giza , Egypt",Giza,Sheikh Zayed City,None,Apartment,Residential,Sale
https://remax.com.eg/property/apartment-for-sale-at-solana-ora-competitive-price-5089,3,3,164,"EGP 12,127,000",73945.12,"Sheikh Zayed City - Giza , Egypt",Giza,Sheikh Zayed City,None,Apartment,Residential,Sale
https://remax.com.eg/property/apartment-in-a-prime-location-and-view-zed-towers-5108,2,2,100,"EGP 27,000",270.0,"Sheikh Zayed City - Giza , Egypt",Giza,Sheikh Zayed City,None,Apartment,Residential,Rent
https://remax.com.eg/property/apartment-with-very-competitive-price-tulwa-owest-5099,3,3,169,"EGP 28,000",165.68,"6 October City - Giza , Egypt",Giza,6 October City,None,Apartment,Residential,Rent
https://remax.com.eg/property/distinctive-apartment-for-sale-in-nour-city-group-21-5068,3,2,120,"EGP 9,700,000",80833.33,"Noor City - Cairo , Egypt",Cairo,Noor City,None,Apartment,Residential,Sale
https://remax.com.eg/property/distinctive-villa-for-sale-in-madinaty-group-24-5081,4,4,211,"EGP 12,984,000",61535.55,"Madinaty - Cairo , Egypt",Cairo,Madinaty,None,Apartment,Residential,Sale
https://remax.com.eg/property/distinctive-shop-for-sale-in-east-hub-mall-in-madinaty-5080,0,0,81,"EGP 18,608,000",229728.4,"Madinaty - Cairo , Egypt",Cairo,Madinaty,None,Apartment,Commercial,Sale
https://remax.com.eg/property/distinctive-apartment-for-sale-in-nour-citygroup-21-5067,3,2,119,"EGP 8,336,000",70050.42,"Noor City - Cairo , Egypt",Cairo,Noor City,None,Apartment,Residential,Sale
https://remax.com.eg/property/distinctive-villa-for-sale-in-nour-city-5072,5,4,292,"EGP 26,000,000",89041.1,"Noor City - Cairo , Egypt",Cairo,Noor City,None,Apartment,Residential,Sale
https://remax.com.eg/property/distinctive-apartment-for-sale-in-nour-city-group-21-5066,3,2,146,"EGP 11,600,000",79452.05,"Noor City - Cairo , Egypt",Cairo,Noor City,None,Apartment,Residential,Sale
https://remax.com.eg/property/distinctive-apartment-for-sale-in-the-14th-district-in-madinaty-group-142-5077,3,2,142,"EGP 9,450,000",66549.3,"Madinaty - Cairo , Egypt",Cairo,Madinaty,None,Apartment,Residential,Sale
https://remax.com.eg/property/apartment-for-sale-in-the-14th-district-in-madinaty-group-142-5078,3,2,142,"EGP 11,000,000",77464.79,"Madinaty - Cairo , Egypt",Cairo,Madinaty,None,Apartment,Residential,Sale
https://remax.com.eg/property/distinctive-apartment-for-sale-in-the-10th-district-of-madinaty-group-101-5079,2,2,149,"EGP 11,000,000",73825.5,"Madinaty - Cairo , Egypt",Cairo,Madinaty,None,Apartment,Residential,Sale
https://remax.com.eg/property/distinctive-apartment-for-sale-in-nour-city-group-21-5070,3,2,127,"EGP 9,507,000",74858.27,"Noor City - Cairo , Egypt",Cairo,Noor City,None,Apartment,Residential,Sale
https://remax.com.eg/property/distinctive-apartment-for-sale-in-noor-city-group-11-5071,3,2,119,"EGP 5,852,000",49176.47,"Noor City - Cairo , Egypt",Cairo,Noor City,None,Apartment,Residential,Sale
https://remax.com.eg/property/distinctive-apartment-for-sale-in-nour-city-group-13-5069,1,1,63,"EGP 4,103,000",65126.98,"Noor City - Cairo , Egypt",Cairo,Noor City,None,Apartment,Residential,Sale
https://remax.com.eg/property/apartment-for-sale-in-noor-city-group-21-5065,3,2,146,"EGP 11,300,000",77397.26,"Noor City - Cairo , Egypt",Cairo,Noor City,None,Apartment,Residential,Sale
https://remax.com.eg/property/an-opportunity-to-live-with-an-old-booking-in-new-city-noor-with-the-lowest-down-payment-the-latest-projects-by-talaat-mostafa-5058,2,1,82,"EGP 4,116,910",50206.22,"Noor City - Cairo , Egypt",Cairo,Noor City,None,Apartment,Residential,None
https://remax.com.eg/property/own-your-home-in-madinaty-b14-with-the-highest-distinction-in-the-best-group-142-5059,3,2,115,"EGP 8,898,390",77377.3,"Madinaty - Cairo , Egypt",Cairo,Madinaty,None,Apartment,Residential,None
https://remax.com.eg/property/in-the-most-prestigious-area-of-madinaty-b11-apartment-110-m-5062,3,2,111,"EGP 6,000,000",54054.05,"Madinaty - Cairo , Egypt",Cairo,Madinaty,None,Apartment,Residential,Sale
https://remax.com.eg/property/book-your-fully-finished-apartment-in-the-first-fully-integrated-smart-city-new-city-noor-5060,3,2,119,"EGP 7,988,380",67129.24,"Noor City - Cairo , Egypt",Cairo,Noor City,None,Apartment,Residential,None
https://remax.com.eg/property/distinctive-apartment-for-rent-in-the-10th-district-in-madinaty-group-103-5063,2,1,80,"EGP 40,000",500.0,"Madinaty - Cairo , Egypt",Cairo,Madinaty,None,Apartment,Residential,Rent
https://remax.com.eg/property/own-or-invest-in-the-latest-smart-city-compound-nour-g11-119m-5050,3,2,119,"EGP 5,852,240",49178.49,"Noor City - Cairo , Egypt",Cairo,Noor City,None,Apartment,Residential,None
https://remax.com.eg/property/distinctive-apartment-for-rent-in-the-15th-district-in-madinaty-group-150-5064,3,2,142,"EGP 60,000",422.54,"Madinaty - Cairo , Egypt",Cairo,Madinaty,None,Apartment,Residential,Rent
https://remax.com.eg/property/immediate-delivery-of-your-residential-unit-in-b15-the-latest-phase-of-madinaty-5061,2,2,96,"EGP 4,500,000",46875.0,"Madinaty - Cairo , Egypt",Cairo,Madinaty,None,Apartment,Residential,None
https://remax.com.eg/property/own-or-invest-in-the-latest-smart-city-compound-nour-g15-127m-5049,3,2,127,"EGP 5,460,000",42992.13,"Noor City - Cairo , Egypt",Cairo,Noor City,None,Apartment,Residential,None
https://remax.com.eg/property/distinctive-apartment-for-sale-in-madinat-noor-group-15-5073,2,1,82,"EGP 3,600,000",43902.44,"Noor City - Cairo , Egypt",Cairo,Noor City,None,Apartment,Residential,Sale
https://remax.com.eg/property/buy-in-noor-with-the-lowest-down-payment-and-the-highest-distinction-in-the-first-smart-city-designed-with-international-standards-5051,3,2,119,"EGP 7,988,380",67129.24,"Noor City - Cairo , Egypt",Cairo,Noor City,None,Apartment,Residential,None
https://remax.com.eg/property/distinctive-apartment-for-sale-in-the-14th-district-in-madinaty-group-141-5044,3,3,202,"EGP 10,979,000",54351.49,"Madinaty - Cairo , Egypt",Cairo,Madinaty,None,Apartment,Residential,Sale
https://remax.com.eg/property/distinctive-apartment-for-sale-in-the-12th-district-of-madinaty-group-112-5047,3,2,149,"EGP 7,400,000",49664.43,"Madinaty - Cairo , Egypt",Cairo,Madinaty,None,Apartment,Residential,Sale
https://remax.com.eg/property/special-opportunity-for-living-or-investment-with-the-lowest-down-payment-in-madinaty-b14-5055,3,2,115,"EGP 9,449,220",82167.13,"Madinaty - Cairo , Egypt",Cairo,Madinaty,None,Apartment,Residential,None
https://remax.com.eg/property/own-a-prime-apartment-in-madinaty-b15-group-150-111m-5053,2,2,111,"EGP 8,335,234",75092.2,"Madinaty - Cairo , Egypt",Cairo,Madinaty,None,Apartment,Residential,None
https://remax.com.eg/property/book-your-residential-unit-in-madinaty-b14-with-the-highest-distinction-5054,3,2,116,"EGP 7,950,280",68536.9,"Madinaty - Cairo , Egypt",Cairo,Madinaty,None,Apartment,Residential,None
https://remax.com.eg/property/distinctive-apartment-for-sale-in-the-14th-district-in-madinaty-group-142-5043,3,2,142,"EGP 6,665,000",46936.62,"Madinaty - Cairo , Egypt",Cairo,Madinaty,None,Apartment,Residential,Sale
https://remax.com.eg/property/last-opportunity-for-an-old-booking-studio-in-noor-smart-with-the-lowest-down-payment-and-the-longest-payment-period-5057,1,1,67,"EGP 3,616,880",53983.28,"Noor City - Cairo , Egypt",Cairo,Noor City,None,Apartment,Residential,None
https://remax.com.eg/property/distinctive-apartment-for-sale-in-the-11th-district-in-madinaty-group-112-5046,3,3,200,"EGP 11,500,000",57500.0,"Madinaty - Cairo , Egypt",Cairo,Madinaty,None,Apartment,Residential,Sale
https://remax.com.eg/property/first-delivery-in-b14-the-latest-phase-of-madinaty-with-the-lowest-down-payment-5056,3,2,106,"EGP 6,065,980",57226.23,"Madinaty - Cairo , Egypt",Cairo,Madinaty,None,Apartment,Residential,None
https://remax.com.eg/property/distinctive-apartment-for-sale-in-the-6th-district-of-madinaty-group-66-5042,3,2,143,"EGP 6,500,000",45454.55,"Madinaty - Cairo , Egypt",Cairo,Madinaty,None,Apartment,Residential,Sale
https://remax.com.eg/property/special-opportunity-for-living-or-investment-at-the-lowest-cash-price-in-madinaty-b6-5052,3,2,124,"EGP 5,700,000",45967.74,"Madinaty - Cairo , Egypt",Cairo,Madinaty,None,Apartment,Residential,None
https://remax.com.eg/property/distinctive-apartment-for-sale-in-the-12th-district-in-madinaty-group-125-5045,3,3,200,"EGP 11,500,000",57500.0,"Madinaty - Cairo , Egypt",Cairo,Madinaty,None,Apartment,Residential,Sale
https://remax.com.eg/property/own-your-home-in-eden-rehab-in-front-of-the-club-5036,2,2,102,"EGP 10,381,780",101782.16,"New Cairo City - Cairo , Egypt",Cairo,New Cairo City,None,Apartment,Residential,None
https://remax.com.eg/property/distinctive-apartment-for-sale-in-the-14th-district-in-madinaty-group-142-5041,3,2,141,"EGP 8,560,000",60709.22,"Madinaty - Cairo , Egypt",Cairo,Madinaty,None,Apartment,Residential,Sale
https://remax.com.eg/property/distinctive-apartment-for-sale-in-the-11th-district-in-madinaty-group-112-5033,3,3,200,"EGP 9,500,000",47500.0,"Madinaty - Cairo , Egypt",Cairo,Madinaty,None,Apartment,Residential,Sale
https://remax.com.eg/property/distinctive-apartment-for-sale-in-the-12th-district-in-madinaty-group-125-5040,3,3,200,"EGP 9,100,000",45500.0,"Madinaty - Cairo , Egypt",Cairo,Madinaty,None,Apartment,Residential,Sale
https://remax.com.eg/property/olden-opportunity-to-own-one-of-the-finest-apartments-in-madinaty-exclusive-b14-model-g141-142m-5048,3,2,142,"EGP 6,233,700",43899.3,"Madinaty - Cairo , Egypt",Cairo,Madinaty,None,Apartment,Residential,None
https://remax.com.eg/property/buy-your-home-at-the-lowest-cash-price-in-madinaty-b7-5034,2,1,96,"EGP 4,400,000",45833.33,"Madinaty - Cairo , Egypt",Cairo,Madinaty,None,Apartment,Residential,Sale
https://remax.com.eg/property/office-for-rent-in-trivium-mall-zayed-5027,1,1,122,"EGP 95,000",778.69,"Sheikh Zayed City - Giza , Egypt",Giza,Sheikh Zayed City,None,Apartment,Residential,Rent
https://remax.com.eg/property/own-a-studio-in-privado-the-latest-phase-of-madinaty-at-the-best-price-5037,1,1,56,"EGP 3,112,100",55573.21,"Madinaty - Cairo , Egypt",Cairo,Madinaty,None,Apartment,Residential,None
https://remax.com.eg/property/own-a-studio-in-b12-the-latest-phase-of-madinaty-at-the-best-price-5038,1,1,53,"EGP 1,817,170",34286.23,"Madinaty - Cairo , Egypt",Cairo,Madinaty,None,Apartment,Residential,None
https://remax.com.eg/property/own-your-home-in-b12-the-latest-phase-of-madinaty-at-the-best-price-5039,2,1,74,"EGP 2,793,090",37744.46,"Madinaty - Cairo , Egypt",Cairo,Madinaty,None,Apartment,Residential,None
https://remax.com.eg/property/buy-your-home-at-the-lowest-cash-price-in-madinaty-in-the-finest-phase-b8-5035,2,1,102,"EGP 4,800,000",47058.82,"Madinaty - Cairo , Egypt",Cairo,Madinaty,None,Apartment,Residential,Sale
https://remax.com.eg/property/shop-for-rent-direct-on-26th-of-july-corridor-5026,3,3,220,"EGP 150,000",681.82,"6 October City - Giza , Egypt",Giza,6 October City,None,Apartment,Commercial,Rent
https://remax.com.eg/property/penthouse-for-sale-in-sarai-s1-4997,4,4,214,"EGP 7,700,000",35981.31,"Mostakbal City - Cairo , Egypt",Cairo,Mostakbal City,None,Apartment,Residential,Sale
https://remax.com.eg/property/own-a-studio-in-b8-the-latest-phase-of-madinaty-at-the-best-price-5031,1,1,61,"EGP 2,528,280",41447.21,"Madinaty - Cairo , Egypt",Cairo,Madinaty,None,Apartment,Residential,None
https://remax.com.eg/property/resale-finished-apartment-with-terrace-in-zed-west-5014,3,5,185,"EGP 13,200,000",71351.35,"Sheikh Zayed City - Giza , Egypt",Giza,Sheikh Zayed City,None,Apartment,Residential,Sale
https://remax.com.eg/property/standalone-for-sale-in-mountainview-chill-out-park-5018,4,4,290,"EGP 27,000,000",93103.45,"6 October City - Giza , Egypt",Giza,6 October City,None,Apartment,Residential,Sale
https://remax.com.eg/property/resale-apartment-in-village-west-dorra-5023,2,2,123,"EGP 6,918,750",56250.0,"Sheikh Zayed City - Giza , Egypt",Giza,Sheikh Zayed City,None,Apartment,Residential,Sale
https://remax.com.eg/property/apartment-under-market-price-in-16th-district-5024,3,3,220,"EGP 4,500,000",20454.55,"Sheikh Zayed City - Giza , Egypt",Giza,Sheikh Zayed City,None,Apartment,Residential,Sale
https://remax.com.eg/property/now-you-can-invest-in-your-residential-unit-in-madinaty-b14-5030,3,2,109,"EGP 4,600,000",42201.83,"Madinaty - Cairo , Egypt",Cairo,Madinaty,None,Apartment,Residential,None
https://remax.com.eg/property/ultra-super-lux-apartment-in-al-khamayel-phase-1-5025,2,2,155,"EGP 15,000",96.77,"Sheikh Zayed City - Giza , Egypt",Giza,Sheikh Zayed City,None,Apartment,Residential,Rent
https://remax.com.eg/property/own-your-home-in-b8-the-latest-phase-of-madinaty-at-the-best-price-5032,1,1,61,"EGP 2,430,100",39837.7,"Madinaty - Cairo , Egypt",Cairo,Madinaty,None,Apartment,Residential,None
https://remax.com.eg/property/apartments-for-rent-in-zed-west-plaza-view-5013,2,3,135,"EGP 32,000",237.04,"Sheikh Zayed City - Giza , Egypt",Giza,Sheikh Zayed City,None,Apartment,Residential,Rent
https://remax.com.eg/property/fully-furnished-apartment-for-rent-in-etapa-5011,3,3,152,"EGP 50,000",328.95,"Sheikh Zayed City - Giza , Egypt",Giza,Sheikh Zayed City,None,Apartment,Residential,Rent
https://remax.com.eg/property/apartment-for-rent-in-zed-west-plaza-view-5015,3,3,161,"EGP 35,000",217.39,"Sheikh Zayed City - Giza , Egypt",Giza,Sheikh Zayed City,None,Apartment,Residential,Rent
https://remax.com.eg/property/studio-for-sale-in-privado-compound-in-madinaty-group-132-4983,1,1,63,"EGP 3,574,000",56730.16,"Madinaty - Cairo , Egypt",Cairo,Madinaty,None,Apartment,Residential,Sale
https://remax.com.eg/property/distinctive-apartment-for-sale-in-the-10th-district-of-madinaty-group-102-4985,3,2,116,"EGP 5,250,000",45258.62,"Madinaty - Cairo , Egypt",Cairo,Madinaty,None,Apartment,Residential,Sale
https://remax.com.eg/property/distinctive-studio-for-sale-in-the-14th-district-in-madinaty-group-142-4982,1,1,67,"EGP 5,057,000",75477.61,"Madinaty - Cairo , Egypt",Cairo,Madinaty,None,Apartment,Residential,Sale
https://remax.com.eg/property/apartment-for-sale-nozha-el-gedida-4998,3,2,260,"EGP 5,250,000",20192.31,"El Nozha - Cairo , Egypt",Cairo,El Nozha,None,Apartment,Residential,Sale
https://remax.com.eg/property/distinctive-apartment-for-sale-in-the-12th-district-in-madinaty-4980,2,1,78,"EGP 4,000,000",51282.05,"Madinaty - Cairo , Egypt",Cairo,Madinaty,None,Apartment,Residential,Sale
https://remax.com.eg/property/apartment-for-sale-in-the-14th-district-in-madinaty-group-143-4988,3,2,115,"EGP 10,223,000",88895.65,"Madinaty - Cairo , Egypt",Cairo,Madinaty,None,Apartment,Residential,Sale
https://remax.com.eg/property/apartment-for-sale-in-privado-compound-in-madinaty-4989,2,2,105,"EGP 5,969,000",56847.62,"Madinaty - Cairo , Egypt",Cairo,Madinaty,None,Apartment,Residential,Sale
https://remax.com.eg/property/distinctive-studio-for-sale-in-the-12th-district-of-madinaty-group-121-4984,1,1,56,"EGP 2,750,000",49107.14,"Madinaty - Cairo , Egypt",Cairo,Madinaty,None,Apartment,Residential,Sale
https://remax.com.eg/property/distinctive-studio-for-sale-in-the-14th-district-in-madinaty-group-142-4981,1,1,67,"EGP 6,105,000",91119.4,"Madinaty - Cairo , Egypt",Cairo,Madinaty,None,Apartment,Residential,Sale
https://remax.com.eg/property/townhouse-for-sale-in-badya-4991,3,4,194,"EGP 10,180,000",52474.23,"Sheikh Zayed City - Giza , Egypt",Giza,Sheikh Zayed City,None,Apartment,Residential,Sale
https://remax.com.eg/property/distinctive-apartment-for-sale-in-the-10th-district-of-madinaty-group-103-4986,2,2,112,"EGP 6,500,000",58035.71,"Madinaty - Cairo , Egypt",Cairo,Madinaty,None,Apartment,Residential,Sale
https://remax.com.eg/property/apartment-for-sale-in-the-14th-district-in-madinaty-group-142-4987,4,3,203,"EGP 12,850,000",63300.49,"Madinaty - Cairo , Egypt",Cairo,Madinaty,None,Apartment,Residential,Sale
https://remax.com.eg/property/distinctive-apartment-for-sale-in-the-14th-district-in-madinaty-group-142-4979,2,1,94,"EGP 6,305,000",67074.47,"Madinaty - Cairo , Egypt",Cairo,Madinaty,None,Apartment,Residential,Sale
https://remax.com.eg/property/buy-in-the-latest-phase-of-madinaty-b14-for-2-million-egp-less-than-the-companys-price-with-the-longest-payment-plan-available-4966,2,2,107,"EGP 6,727,140",62870.47,"Madinaty - Cairo , Egypt",Cairo,Madinaty,None,Apartment,Residential,None
https://remax.com.eg/property/distinctive-apartment-for-sale-in-the-12th-district-in-madinaty-group-124-4973,3,2,114,"EGP 5,300,000",46491.23,"Madinaty - Cairo , Egypt",Cairo,Madinaty,None,Apartment,Residential,Sale
https://remax.com.eg/property/buy-your-apartment-in-noor-smart-city-and-discover-the-complete-lifestyle-youve-been-looking-for-4967,2,1,98,"EGP 5,195,590",53016.22,"Noor City - Cairo , Egypt",Cairo,Noor City,None,Apartment,Residential,None
https://remax.com.eg/property/your-future-home-in-noor-the-first-fully-integrated-smart-city-4968,3,2,145,"EGP 11,530,530",79520.9,"Noor City - Cairo , Egypt",Cairo,Noor City,None,Apartment,Residential,None
https://remax.com.eg/property/apartment-for-sale-in-the-11th-district-in-madinaty-group-112-4974,3,2,200,"EGP 11,500,000",57500.0,"Madinaty - Cairo , Egypt",Cairo,Madinaty,None,Apartment,Residential,Sale
https://remax.com.eg/property/distinctive-apartment-for-sale-in-the-first-district-of-madinaty-group-18-4977,2,2,107,"EGP 4,600,000",42990.65,"Madinaty - Cairo , Egypt",Cairo,Madinaty,None,Apartment,Residential,Sale
https://remax.com.eg/property/your-dream-apartment-awaits-in-madinaty-b14-group-142-ground-floor-with-a-private-garden-72m-4964,2,1,72,"EGP 6,963,550",96715.97,"Madinaty - Cairo , Egypt",Cairo,Madinaty,None,Apartment,Residential,None
https://remax.com.eg/property/apartment-for-sale-in-the-14th-district-of-madinaty-group-142-4976,2,2,109,"EGP 6,992,000",64146.79,"Madinaty - Cairo , Egypt",Cairo,Madinaty,None,Apartment,Residential,Sale
https://remax.com.eg/property/distinctive-apartment-for-sale-in-the-11th-district-in-madinaty-group-114-4978,2,1,96,"EGP 3,850,000",40104.17,"Madinaty - Cairo , Egypt",Cairo,Madinaty,None,Apartment,Residential,Sale
https://remax.com.eg/property/distinctive-apartment-for-sale-in-the-14th-district-in-madinatygroup-142-4975,2,2,109,"EGP 6,850,000",62844.04,"Madinaty - Cairo , Egypt",Cairo,Madinaty,None,Apartment,Residential,Sale
https://remax.com.eg/property/now-you-can-invest-in-your-apartment-in-b14-at-the-lowest-price-per-meter-in-the-latest-phase-of-madinaty-4965,3,2,142,"EGP 10,048,050",70760.92,"Madinaty - Cairo , Egypt",Cairo,Madinaty,None,Apartment,Residential,None
https://remax.com.eg/property/distinctive-apartment-for-sale-in-the-14th-district-in-madinaty-group-142-4972,3,2,116,"EGP 7,895,000",68060.34,"Madinaty - Cairo , Egypt",Cairo,Madinaty,None,Apartment,Residential,Sale
https://remax.com.eg/property/apartment-for-sale-in-madinaty-prime-location-unmissable-opportunity-location-madinaty-b8-g83-143m-4970,3,2,143,"EGP 8,000,000",55944.06,"Madinaty - Cairo , Egypt",Cairo,Madinaty,None,Apartment,Residential,Sale
https://remax.com.eg/property/buy-in-noor-with-the-lowest-down-payment-and-the-highest-level-of-distinction-in-the-first-smart-city-designed-with-global-standards-4956,3,2,119,"EGP 7,988,380",67129.24,"Noor City - Cairo , Egypt",Cairo,Noor City,None,Apartment,Residential,None
https://remax.com.eg/property/unmissable-opportunity-premium-apartment-for-sale-in-one-of-the-best-locations-in-madinaty-b8-g89-77m-4958,2,1,77,"EGP 6,559,390",85186.88,"Madinaty - Cairo , Egypt",Cairo,Madinaty,None,Apartment,Residential,Sale
https://remax.com.eg/property/ground-floor-studio-with-private-garden-for-sale-privacy-comfort-in-madinaty-b14-group-143-67m-4957,1,1,67,"EGP 5,772,360",86154.63,"Madinaty - Cairo , Egypt",Cairo,Madinaty,None,Apartment,Residential,Sale
https://remax.com.eg/property/distinctive-apartment-for-sale-in-the-12th-district-in-madinaty-group-124-4971,3,2,116,"EGP 6,000,000",51724.14,"Madinaty - Cairo , Egypt",Cairo,Madinaty,None,Apartment,Residential,Sale
https://remax.com.eg/property/golden-opportunity-to-own-a-studio-on-installments-in-one-of-the-best-phases-of-madinaty-location-madinaty-b8-g88-4963,1,1,50,"EGP 1,800,000",36000.0,"Madinaty - Cairo , Egypt",Cairo,Madinaty,None,Apartment,Residential,None
https://remax.com.eg/property/your-apartment-tailored-to-your-needs-in-madinaty-b12-4955,3,2,116,"EGP 2,400,000",20689.66,"Madinaty - Cairo , Egypt",Cairo,Madinaty,None,Apartment,Residential,None
https://remax.com.eg/property/live-in-a-studio-in-my-city-b14-at-the-best-price-4969,1,1,58,"EGP 2,225,210",38365.69,"Madinaty - Cairo , Egypt",Cairo,Madinaty,None,Apartment,Residential,None
https://remax.com.eg/property/distinctive-apartment-for-sale-in-the-14th-district-in-madinaty-group-142-4959,4,3,202,"EGP 11,080,000",54851.49,"Madinaty - Cairo , Egypt",Cairo,Madinaty,None,Apartment,Residential,Sale
https://remax.com.eg/property/distinctive-apartment-for-sale-in-the-14th-district-in-madinaty-group-142-4960,3,2,142,"EGP 8,287,000",58359.15,"Madinaty - Cairo , Egypt",Cairo,Madinaty,None,Apartment,Residential,Sale
https://remax.com.eg/property/distinctive-apartment-for-sale-in-the-15th-district-in-madinaty-4962,3,2,142,"EGP 5,200,000",36619.72,"Madinaty - Cairo , Egypt",Cairo,Madinaty,None,Apartment,Residential,Sale
https://remax.com.eg/property/buy-your-home-in-the-first-fully-integrated-smart-city-and-live-the-future-4953,3,2,119,"EGP 8,038,480",67550.25,"Noor City - Cairo , Egypt",Cairo,Noor City,None,Apartment,Residential,None
https://remax.com.eg/property/prime-location-open-view-for-sale-sherouk-city-compound-heliopolis-club-4944,3,3,168,"EGP 4,500,000",26785.71,"Shorouk City - Cairo , Egypt",Cairo,Shorouk City,None,Apartment,Residential,Sale
https://remax.com.eg/property/appartement-145-m-for-rent-park-view-hassan-allam-4950,2,2,145,"EGP 40,000",275.86,"New Cairo City - Cairo , Egypt",Cairo,New Cairo City,None,Apartment,Residential,Rent
https://remax.com.eg/property/for-sale-a-hotel-chalet-with-a-studio-in-the-best-location-in-jefaira-ras-el-hekma-190-km-away-4948,1,1,58,"EGP 3,751,200",64675.86,"Sidi Abdel Rahman - North Coast , Egypt",North Coast,Sidi Abdel Rahman,None,Apartment,Residential,Rent
https://remax.com.eg/property/super-lux-finishing-inside-out-prime-location-4945,7,7,2600,"EGP 60,000,000",23076.92,"New Cairo City - Cairo , Egypt",Cairo,New Cairo City,None,Apartment,Residential,None
https://remax.com.eg/property/best-price-apartment-for-sale-beirut-street-heliopolis-4942,3,3,280,"EGP 8,300,000",29642.86,"Heliopolis - Cairo , Egypt",Cairo,Heliopolis,None,Apartment,Residential,Sale
https://remax.com.eg/property/elegant-studio-for-sale-in-madinaty-prime-location-unbeatable-price-b8-g89-69m-4951,1,1,69,"EGP 6,389,890",92607.1,"Madinaty - Cairo , Egypt",Cairo,Madinaty,None,Apartment,Residential,Sale
https://remax.com.eg/property/for-sale-two-adjacent-apartments-in-heliopolis-residence-compound-shorouk-4943,3,3,168,"EGP 4,500,000",26785.71,"Shorouk City - Cairo , Egypt",Cairo,Shorouk City,None,Apartment,Residential,Sale
https://remax.com.eg/property/buy-your-apartment-at-the-lowest-cash-price-in-madinaty-b11-4952,3,1,114,"EGP 5,500,000",48245.61,"Madinaty - Cairo , Egypt",Cairo,Madinaty,None,Apartment,Residential,Sale
https://remax.com.eg/property/taj-city-shalya-for-sale-q-villa-4941,3,3,213,"EGP 9,000,000",42253.52,"New Cairo City - Cairo , Egypt",Cairo,New Cairo City,None,Apartment,Residential,Sale
https://remax.com.eg/property/for-sale-in-taj-city-shalya-luxury-apartment-first-floor-4940,3,3,159,"EGP 6,800,000",42767.3,"New Cairo City - Cairo , Egypt",Cairo,New Cairo City,None,Apartment,Residential,Sale
https://remax.com.eg/property/an-exclusive-opportunity-for-living-or-investment-at-the-lowest-cash-price-in-my-city-b6-4954,3,2,124,"EGP 5,700,000",45967.74,"Madinaty - Cairo , Egypt",Cairo,Madinaty,None,Apartment,Residential,None
https://remax.com.eg/property/apartment-200m-for-rent-in-lake-view-residence-4932,3,3,200,"EGP 75,000",375.0,"New Cairo City - Cairo , Egypt",Cairo,New Cairo City,None,Apartment,Residential,Rent
https://remax.com.eg/property/apartment-with-garden-for-sale-in-8th-district-4920,1,1,45,"EGP 1,800,000",40000.0,"Sheikh Zayed City - Giza , Egypt",Giza,Sheikh Zayed City,None,Apartment,Residential,Sale
https://remax.com.eg/property/for-sale-exclusive-villa-in-the-latest-smart-city-noor-q1-model-group-43-4914,4,3,195,"EGP 15,259,520",78253.95,"Noor City - Cairo , Egypt",Cairo,Noor City,None,Apartment,Residential,Sale
https://remax.com.eg/property/90m-apartment-for-sale-in-al-suyuf-jamila-bouhraid-street-4934,3,1,90,"EGP 1,300,000",14444.44,"Hay Awal El Montazah - Alexandria , Egypt",Alexandria,Hay Awal El Montazah,None,Apartment,Residential,Rent
https://remax.com.eg/property/open-view-standalone-for-sale-in-ivy-by-new-giza-4930,5,5,450,"EGP 22,000,000",48888.89,"6 October City - Giza , Egypt",Giza,6 October City,None,Apartment,Residential,Sale
https://remax.com.eg/property/taj-sultan-mmhd-fully-finished-apartment-for-sale-ground-with-garden-4946,2,1,104,"EGP 7,000,000",67307.69,"New Cairo City - Cairo , Egypt",Cairo,New Cairo City,None,Apartment,Residential,Rent
https://remax.com.eg/property/fully-finished-shop-for-sale-in-ritzy-mall-4921,0,0,54,"EGP 9,500,000",175925.93,"Sheikh Zayed City - Giza , Egypt",Giza,Sheikh Zayed City,None,Apartment,Residential,Sale
https://remax.com.eg/property/great-opportunity-in-a-prime-location-marriott-residence-heliopolis-4938,1,1,63,"EGP 6,990,000",110952.38,"Heliopolis - Cairo , Egypt",Cairo,Heliopolis,None,Apartment,Residential,None
https://remax.com.eg/property/licensed-apartment-110-m-for-sale-in-new-miami-4933,2,1,110,"EGP 1,600,000",14545.45,"Hay Awal El Montazah - Alexandria , Egypt",Alexandria,Hay Awal El Montazah,None,Apartment,Residential,Rent
https://remax.com.eg/property/great-opportunity-in-a-prime-location-marriott-residence-heliopolis-4939,1,1,67,"EGP 4,860,000",72537.31,"Heliopolis - Cairo , Egypt",Cairo,Heliopolis,None,Apartment,Residential,None
https://remax.com.eg/property/ground-duplex-for-rent-16th-district-sheikh-zayed-4931,3,3,230,"EGP 30,000",130.43,"Sheikh Zayed City - Giza , Egypt",Giza,Sheikh Zayed City,None,Apartment,Residential,Rent
https://remax.com.eg/property/best-apartment-model-b14-g142-smart-model-with-3-bedrooms-136-m-plus-a-65-m-garden-with-a-completely-open-view-4913,3,2,135,"EGP 11,329,740",83924.0,"Madinaty - Cairo , Egypt",Cairo,Madinaty,None,Apartment,Residential,Sale
https://remax.com.eg/property/live-or-invest-in-a-unique-townhouse-in-the-latest-compound-smart-city-noor-model-q1-with-a-prime-location-4899,4,3,195,"EGP 16,225,580",83208.1,"Noor City - Cairo , Egypt",Cairo,Noor City,None,Apartment,Residential,None
https://remax.com.eg/property/receive-your-residential-unit-in-madinaty-b14-4906,3,2,115,"EGP 8,898,390",77377.3,"Madinaty - Cairo , Egypt",Cairo,Madinaty,None,Apartment,Residential,None
https://remax.com.eg/property/own-a-stunning-apartment-in-madinaty-b8-group-88-77m-4905,2,1,77,"EGP 2,833,180",36794.55,"Madinaty - Cairo , Egypt",Cairo,Madinaty,None,Apartment,Residential,None
https://remax.com.eg/property/fully-furnished-hotel-apartment-for-rent-in-madinaty-b12-one-of-the-most-prestigious-groups-124-4902,2,1,84,"EGP 30,000",357.14,"Madinaty - Cairo , Egypt",Cairo,Madinaty,None,Apartment,Residential,Rent
https://remax.com.eg/property/own-a-luxurious-apartment-now-in-the-latest-phase-of-madinaty-b14-group-142-with-a-spacious-189-sqm-on-the-ground-floor-4904,4,3,189,"EGP 12,863,300",68059.79,"Madinaty - Cairo , Egypt",Cairo,Madinaty,None,Apartment,Residential,None
https://remax.com.eg/property/twin-house-for-sale-marina-wadi-directly-to-the-beach-4909,5,4,250,"EGP 16,000,000",64000.0,"Al Ain Al Sokhna - Suez , Egypt",Suez,Al Ain Al Sokhna,None,Apartment,Residential,Sale
https://remax.com.eg/property/now-you-can-invest-in-your-residential-unit-in-madinaty-b14-with-a-payment-plan-of-up-to-10-years-4903,3,2,115,"EGP 9,545,160",83001.39,"Madinaty - Cairo , Egypt",Cairo,Madinaty,None,Apartment,Residential,None
https://remax.com.eg/property/clinic-61m-for-rent-in-arkan-medical-4919,2,1,61,"EGP 63,000",1032.79,"Sheikh Zayed City - Giza , Egypt",Giza,Sheikh Zayed City,None,Apartment,Residential,Rent
https://remax.com.eg/property/for-sale-a-special-apartment-in-madinaty-b12-group-124-74m-4901,2,1,74,"EGP 1,450,000",19594.59,"Madinaty - Cairo , Egypt",Cairo,Madinaty,None,Apartment,Residential,Sale
https://remax.com.eg/property/shop-6-m-for-rent-port-said-main-street-camp-caesar-4907,0,0,6,"EGP 1,500,000",250000.0,"Hay Wasat - Alexandria , Egypt",Alexandria,Hay Wasat,None,Apartment,Commercial,Rent
https://remax.com.eg/property/for-sale-a-beautiful-apartment-in-one-of-the-best-phases-of-madinaty-b8-group-86-70m-4900,2,1,70,"EGP 2,900,000",41428.57,"Madinaty - Cairo , Egypt",Cairo,Madinaty,None,Apartment,Residential,Sale
https://remax.com.eg/property/own-or-invest-in-the-latest-smart-city-compound-noor-early-phases-for-delivery-g14-98m-4915,2,2,98,"EGP 4,777,180",48746.73,"Noor City - Cairo , Egypt",Cairo,Noor City,None,Apartment,Residential,None
https://remax.com.eg/property/a-unique-opportunity-for-living-or-investment-at-the-lowest-cash-price-in-madinaty-b11-4886,2,1,71,"EGP 3,850,000",54225.35,"Madinaty - Cairo , Egypt",Cairo,Madinaty,None,Apartment,Residential,None
https://remax.com.eg/property/resale-ground-apartment-in-badya-palm-hills-4892,2,3,147,"EGP 6,913,500",47030.61,"Sheikh Zayed City - Giza , Egypt",Giza,Sheikh Zayed City,None,Apartment,Residential,Sale
https://remax.com.eg/property/exclusive-investment-opportunity-in-the-heart-of-madinaty-apartment-for-sale-in-b15-cluster-150-100m-4888,2,1,100,"EGP 4,324,280",43242.8,"Madinaty - Cairo , Egypt",Cairo,Madinaty,None,Apartment,Residential,Sale
https://remax.com.eg/property/chalet-ground-floor-stella-sokhna-ground-floor-4879,2,2,80,"EGP 4,500,000",56250.0,"Al Ain Al Sokhna - Suez , Egypt",Suez,Al Ain Al Sokhna,None,Apartment,Residential,Sale
https://remax.com.eg/property/apartment-for-sale-in-madinaty-107-m-in-the-best-phase-of-madinaty-b8-group-86-4883,2,2,107,"EGP 3,290,000",30747.66,"Madinaty - Cairo , Egypt",Cairo,Madinaty,None,Apartment,Residential,Sale
https://remax.com.eg/property/apartment-for-sale-in-heliopolis-marghany-street-4881,3,3,210,"EGP 6,000,000",28571.43,"Heliopolis - Cairo , Egypt",Cairo,Heliopolis,None,Apartment,Residential,Sale
https://remax.com.eg/property/shop-for-rent-or-sale-in-nasr-city-4895,0,1,230,"EGP 13,000,000",56521.74,"Nasr City - Cairo , Egypt",Cairo,Nasr City,None,Apartment,Residential,Rent
https://remax.com.eg/property/an-unmissable-opportunity-in-the-heart-of-madinaty-stunning-apartment-for-sale-cash-b3-g31-265m-4887,4,4,265,"EGP 17,000,000",64150.94,"Madinaty - Cairo , Egypt",Cairo,Madinaty,None,Apartment,Residential,Sale
https://remax.com.eg/property/resale-furnished-apartment-in-al-mostathmir-saghir-4893,4,3,286,"EGP 9,500,000",33216.78,"Sheikh Zayed City - Giza , Egypt",Giza,Sheikh Zayed City,None,Apartment,Residential,Sale
https://remax.com.eg/property/in-one-of-the-most-prestigious-locations-in-my-city-b11-a-110-sqm-apartment-4885,3,2,110,"EGP 6,000,000",54545.45,"Madinaty - Cairo , Egypt",Cairo,Madinaty,None,Apartment,Residential,Sale
https://remax.com.eg/property/a-unique-apartment-for-sale-in-madinaty-b14-with-the-lowest-down-payment-and-the-longest-repayment-period-4884,3,2,116,"EGP 9,929,168",85596.28,"Madinaty - Cairo , Egypt",Cairo,Madinaty,None,Apartment,Residential,Sale
https://remax.com.eg/property/ard-el-golf-shop-for-sale-4896,0,1,70,"EGP 3,250,000",46428.57,"Heliopolis - Cairo , Egypt",Cairo,Heliopolis,None,Apartment,Residential,Sale
https://remax.com.eg/property/villa-for-rent-625sqm-in-banafseg-10-1st-settlement-4865,5,5,625,"EGP 150,000",240.0,"New Cairo City - Cairo , Egypt",Cairo,New Cairo City,None,Apartment,Residential,Rent
https://remax.com.eg/property/middle-townhouse-for-sale-in-hyde-park-4854,3,3,190,"EGP 18,000,000",94736.84,"New Cairo City - Cairo , Egypt",Cairo,New Cairo City,None,Apartment,Residential,Sale
https://remax.com.eg/property/apartment-for-rent-in-sherouk-city-4882,4,3,400,"EGP 300,000",750.0,"Shorouk City - Cairo , Egypt",Cairo,Shorouk City,None,Apartment,Residential,Rent
https://remax.com.eg/property/166-sqm-apartment-for-sale-in-taj-city-4862,3,3,166,"EGP 9,300,000",56024.1,"New Cairo City - Cairo , Egypt",Cairo,New Cairo City,None,Apartment,Residential,Rent
https://remax.com.eg/property/chalet-ground-floorgarden-120-sqm-4867,3,2,120,"EGP 5,500,000",45833.33,"Al Ain Al Sokhna - Suez , Egypt",Suez,Al Ain Al Sokhna,None,Apartment,Residential,Sale
https://remax.com.eg/property/apartment-215-m-for-sale-kafr-abdo-ismailia-street-4872,3,2,215,"EGP 8,500,000",39534.88,"Hay Sharq - Alexandria , Egypt",Alexandria,Hay Sharq,None,Apartment,Residential,Sale
https://remax.com.eg/property/prime-administrative-space-for-sale-in-nasr-city-4876,0,2,450,"EGP 14,000,000",31111.11,"Nasr City - Cairo , Egypt",Cairo,Nasr City,None,Apartment,Residential,Sale
https://remax.com.eg/property/twin-house-239-sqm-in-patio-5-east-el-sherouk-4878,3,4,239,"EGP 26,000,000",108786.61,"Shorouk City - Cairo , Egypt",Cairo,Shorouk City,None,Apartment,Residential,Sale
https://remax.com.eg/property/duplex-for-sale-115-sqm-roof-17-sqm-in-taj-city-4863,1,2,115,"EGP 7,400,000",64347.83,"New Cairo City - Cairo , Egypt",Cairo,New Cairo City,None,Apartment,Residential,Rent
https://remax.com.eg/property/166-sqm-apartment-for-sale-in-taj-city-copy-4860,3,3,166,"EGP 9,600,000",57831.33,"New Cairo City - Cairo , Egypt",Cairo,New Cairo City,None,Apartment,Residential,Rent
https://remax.com.eg/property/for-sale-ground-floor-166m-garden-235m-taj-city-4861,3,3,166,"EGP 11,000,000",66265.06,"New Cairo City - Cairo , Egypt",Cairo,New Cairo City,None,Apartment,Residential,Rent
https://remax.com.eg/property/villa-420-sqm-for-sale-in-seashell-north-coast-4864,3,2,420,"EGP 52,000,000",123809.52,"Al Alamein - North Coast , Egypt",North Coast,Al Alamein,None,Apartment,Residential,Rent
https://remax.com.eg/property/ground-apartment-for-sale-in-kayan-4837,3,2,120,"EGP 5,985,000",49875.0,"Sheikh Zayed City - Giza , Egypt",Giza,Sheikh Zayed City,None,Apartment,Residential,Sale
https://remax.com.eg/property/one-bedroom-apartment-for-sale-in-karmell-4836,1,1,110,"EGP 7,000,000",63636.36,"Sheikh Zayed City - Giza , Egypt",Giza,Sheikh Zayed City,None,Apartment,Residential,Sale
https://remax.com.eg/property/apartment-for-rent-in-the-address-4842,3,2,134,"EGP 45,000",335.82,"Sheikh Zayed City - Giza , Egypt",Giza,Sheikh Zayed City,None,Apartment,Residential,Rent
https://remax.com.eg/property/own-your-residential-unit-now-and-move-in-immediately-in-madinaty-b8-4812,2,1,78,"EGP 3,815,530",48917.05,"Madinaty - Cairo , Egypt",Cairo,Madinaty,None,Apartment,Residential,None
https://remax.com.eg/property/apartment-for-sale-compound-mountain-view-i-city-lagoon-4847,3,2,165,"EGP 6,826,000",41369.7,"6 October City - Giza , Egypt",Giza,6 October City,None,Apartment,Residential,Sale
https://remax.com.eg/property/305-sqm-apartment-garden-view-5th-phase-4848,3,3,305,"EGP 15,000,000",49180.33,"New Cairo City - Cairo , Egypt",Cairo,New Cairo City,None,Apartment,Residential,Sale
https://remax.com.eg/property/apartment-for-rent-in-the-8th-districtsheikh-zayed-4835,3,2,220,"EGP 47,000",213.64,"Sheikh Zayed City - Giza , Egypt",Giza,Sheikh Zayed City,None,Apartment,Residential,Rent
https://remax.com.eg/property/heres-a-luxurious-apartment-in-madinaty-b12-group-124-on-the-3rd-and-4th-floors-107m-4822,3,2,107,"EGP 2,838,175",26525.0,"Madinaty - Cairo , Egypt",Cairo,Madinaty,None,Apartment,Residential,None
https://remax.com.eg/property/a-unique-opportunity-for-residence-or-investment-with-the-lowest-down-payment-in-madinaty-b14-4811,3,2,115,"EGP 9,449,220",82167.13,"Madinaty - Cairo , Egypt",Cairo,Madinaty,None,Apartment,Residential,None
https://remax.com.eg/property/own-your-home-in-madinaty-b14-with-the-highest-level-of-distinction-4823,3,2,115,"EGP 8,898,390",77377.3,"Madinaty - Cairo , Egypt",Cairo,Madinaty,None,Apartment,Residential,None
https://remax.com.eg/property/book-your-residential-unit-in-madinaty-b14-with-the-highest-level-of-distinction-4824,3,2,116,"EGP 7,958,280",68605.86,"Madinaty - Cairo , Egypt",Cairo,Madinaty,None,Apartment,Residential,None
https://remax.com.eg/property/reserve-your-fully-finished-apartment-in-the-first-fully-integrated-smart-city-new-noor-city-the-best-units-group-21-4821,3,2,119,"EGP 7,988,380",67129.24,"Noor City - Cairo , Egypt",Cairo,Noor City,None,Apartment,Residential,None
https://remax.com.eg/property/first-ever-hotel-style-rental-in-madinaty-b15-4806,2,2,100,"EGP 40,000",400.0,"Madinaty - Cairo , Egypt",Cairo,Madinaty,None,Apartment,Residential,Rent
https://remax.com.eg/property/a-unique-opportunity-for-residence-or-investment-with-the-lowest-down-payment-in-madinaty-b14-4813,3,2,115,"EGP 10,544,350",91690.0,"Madinaty - Cairo , Egypt",Cairo,Madinaty,None,Apartment,Residential,None
https://remax.com.eg/property/a-premium-apartment-for-sale-in-the-first-phase-of-madinaty-b1-4815,3,2,135,"EGP 7,100,000",52592.59,"Madinaty - Cairo , Egypt",Cairo,Madinaty,None,Apartment,Residential,Sale
https://remax.com.eg/property/first-ever-hotel-style-rental-in-privado-compound-madinaty-4809,1,1,68,"EGP 26,000",382.35,"Madinaty - Cairo , Egypt",Cairo,Madinaty,None,Apartment,Residential,Rent
https://remax.com.eg/property/40-m-commercial-shop-for-sale-in-moharram-bek-branching-off-from-boualino-street-4802,0,0,40,"EGP 1,100,000",27500.0,"Hay Wasat - Alexandria , Egypt",Alexandria,Hay Wasat,None,Apartment,Commercial,Rent
https://remax.com.eg/property/a-unique-opportunity-for-residence-or-investment-with-the-lowest-cash-price-in-madinaty-b6-4810,2,2,91,"EGP 4,000,000",43956.04,"Madinaty - Cairo , Egypt",Cairo,Madinaty,None,Apartment,Residential,None
https://remax.com.eg/property/an-amazing-opportunity-to-own-a-premium-apartment-for-cash-in-the-latest-phase-of-madinaty-b15-150m-4805,3,3,150,"EGP 9,500,000",63333.33,"Madinaty - Cairo , Egypt",Cairo,Madinaty,None,Apartment,Residential,None
https://remax.com.eg/property/last-opportunity-to-own-a-studio-with-old-reservation-in-noor-smart-city-get-it-with-the-lowest-down-payment-and-the-longest-payment-period-4814,1,1,67,"EGP 3,616,880",53983.28,"Noor City - Cairo , Egypt",Cairo,Noor City,None,Apartment,Residential,None
https://remax.com.eg/property/for-sale-cash-only-premium-apartment-in-madinaty-b12-group-122-75m-4804,2,1,75,"EGP 5,450,000",72666.67,"Madinaty - Cairo , Egypt",Cairo,Madinaty,None,Apartment,Residential,Sale
https://remax.com.eg/property/for-sale-cash-only-a-luxurious-apartment-with-distinctive-features-and-a-breathtaking-view-b12-g125-200m-4807,4,3,200,"EGP 10,750,000",53750.0,"Madinaty - Cairo , Egypt",Cairo,Madinaty,None,Apartment,Residential,Sale
https://remax.com.eg/property/investment-opportunity-in-a-very-distinguished-location-a-shop-for-sale-130-m-branching-from-al-eisawy-4801,1,1,130,"EGP 4,500,000",34615.38,"Hay Awal El Montazah - Alexandria , Egypt",Alexandria,Hay Awal El Montazah,None,Apartment,Commercial,Rent
https://remax.com.eg/property/golden-opportunity-to-own-a-premium-apartment-in-madinaty-b7-g73-96m-4808,2,2,96,"EGP 4,750,000",49479.17,"Madinaty - Cairo , Egypt",Cairo,Madinaty,None,Apartment,Residential,Sale
https://remax.com.eg/property/63sqm-office-for-rent-in-park-st-plaza-view-4771,0,1,63,"EGP 75,000",1190.48,"Sheikh Zayed City - Giza , Egypt",Giza,Sheikh Zayed City,None,Apartment,Residential,Rent
https://remax.com.eg/property/furnished-rental-in-madinaty-b7-offered-at-the-best-price-in-one-of-the-most-prestigious-groups-4743,2,2,96,"EGP 27,000",281.25,"Madinaty - Cairo , Egypt",Cairo,Madinaty,None,Apartment,Residential,Rent
https://remax.com.eg/property/apartment-with-garden-for-rent-in-palm-parks-4763,1,1,90,"EGP 30,000",333.33,"6 October City - Giza , Egypt",Giza,6 October City,None,Apartment,Residential,Rent
https://remax.com.eg/property/a-unique-opportunity-at-special-price-in-lugar-4765,3,3,145,"EGP 5,613,000",38710.34,"Sheikh Zayed City - Giza , Egypt",Giza,Sheikh Zayed City,None,Apartment,Residential,Sale
https://remax.com.eg/property/furnished-apartment-160m-for-rent-in-el-khamayel-4792,3,2,160,"EGP 28,000",175.0,"Sheikh Zayed City - Giza , Egypt",Giza,Sheikh Zayed City,None,Apartment,Residential,Rent
https://remax.com.eg/property/semi-furnished-penthouse-in-mountain-view-chillout-4754,2,2,167,"EGP 27,000",161.68,"6 October City - Giza , Egypt",Giza,6 October City,None,Apartment,Residential,Rent
https://remax.com.eg/property/apartment-for-rent-fully-furnished-al-rehab-city-4786,3,3,195,"EGP 35,000",179.49,"New Cairo City - Cairo , Egypt",Cairo,New Cairo City,None,Apartment,Residential,Rent
https://remax.com.eg/property/furnished-rental-in-madinaty-b6-offered-at-the-best-price-in-one-of-the-most-prestigious-groups-64-4742,2,1,86,"EGP 30,000",348.84,"Madinaty - Cairo , Egypt",Cairo,Madinaty,None,Apartment,Residential,Rent
https://remax.com.eg/property/villa-for-sale-in-mansheyet-el-bakry-heliopolis-4785,7,6,1200,"EGP 75,000,000",62500.0,"Heliopolis - Cairo , Egypt",Cairo,Heliopolis,None,Apartment,Residential,Rent
https://remax.com.eg/property/prime-location-retail-shop-for-women-activities-4766,0,0,44,"EGP 38,000",863.64,"6 October City - Giza , Egypt",Giza,6 October City,None,Apartment,Residential,Rent
https://remax.com.eg/property/semi-furnished-twinhouse-for-rent-in-reem-residence-4767,4,5,370,"EGP 65,000",175.68,"6 October City - Giza , Egypt",Giza,6 October City,None,Apartment,Residential,Rent
https://remax.com.eg/property/apartment-for-sale-7th-district-beit-al-watan-settlement-copy-4782,3,3,180,"EGP 3,500,000",19444.44,"New Cairo City - Cairo , Egypt",Cairo,New Cairo City,None,Apartment,Residential,Sale
https://remax.com.eg/property/furnished-for-rent-in-madinaty-b6-the-first-phase-of-madinaty-4736,3,1,143,"EGP 30,000",209.79,"Madinaty - Cairo , Egypt",Cairo,Madinaty,None,Apartment,Residential,Rent
https://remax.com.eg/property/a-distinguished-hotel-apartment-for-rent-in-madinaty-b12-offered-at-the-best-price-in-one-of-the-finest-groups-124-4740,2,1,74,"EGP 25,000",337.84,"Madinaty - Cairo , Egypt",Cairo,Madinaty,None,Apartment,Residential,Rent
https://remax.com.eg/property/furnished-for-rent-in-madinaty-b8-the-latest-phase-of-madinaty-4737,3,2,145,"EGP 50,000",344.83,"Madinaty - Cairo , Egypt",Cairo,Madinaty,None,Apartment,Residential,Rent
https://remax.com.eg/property/furnished-for-rent-in-madinaty-b6-the-first-phase-of-madinaty-4747,2,1,96,"EGP 27,000",281.25,"Madinaty - Cairo , Egypt",Cairo,Madinaty,None,Apartment,Residential,Rent
https://remax.com.eg/property/villa-160-sqm-for-rent-in-compound-villette-4734,2,2,160,"EGP 60,000",375.0,"New Cairo City - Cairo , Egypt",Cairo,New Cairo City,None,Apartment,Residential,Rent
https://remax.com.eg/property/first-furnished-rental-in-madinaty-b11-group-113-it-is-conveniently-located-near-season-mall-4738,2,2,96,"EGP 23,000",239.58,"Madinaty - Cairo , Egypt",Cairo,Madinaty,None,Apartment,Residential,Rent
https://remax.com.eg/property/first-furnished-rental-in-madinaty-b8-4739,2,1,79,"EGP 30,000",379.75,"Madinaty - Cairo , Egypt",Cairo,Madinaty,None,Apartment,Residential,Rent
https://remax.com.eg/property/townhouse-3249-sqm-for-sale-dyar-park-4735,5,5,324,"EGP 25,000,000",77160.49,"New Cairo City - Cairo , Egypt",Cairo,New Cairo City,None,Apartment,Residential,Rent
https://remax.com.eg/property/a-distinguished-hotel-apartment-for-rent-in-madinaty-b12-offered-at-the-best-price-in-one-of-the-finest-groups-124-4741,2,1,74,"EGP 25,000",337.84,"Madinaty - Cairo , Egypt",Cairo,Madinaty,None,Apartment,Residential,Rent
https://remax.com.eg/property/furnished-studio-for-rent-in-madinaty-b10-the-latest-phase-of-madinaty-4745,1,1,58,"EGP 15,000",258.62,"Madinaty - Cairo , Egypt",Cairo,Madinaty,None,Apartment,Residential,Rent
https://remax.com.eg/property/furnished-rental-in-madinaty-b12-4744,2,1,80,"EGP 27,000",337.5,"Madinaty - Cairo , Egypt",Cairo,Madinaty,None,Apartment,Residential,Rent
https://remax.com.eg/property/apartment-in-madinaty-group-125-b12-is-now-available-140m-4746,3,3,140,"EGP 7,850,000",56071.43,"Madinaty - Cairo , Egypt",Cairo,Madinaty,None,Apartment,Residential,Sale
https://remax.com.eg/property/school-for-sale-in-korba-900-sqm-4727,1,3,900,"EGP 75,000,000",83333.33,"Heliopolis - Cairo , Egypt",Cairo,Heliopolis,None,Apartment,Residential,Rent
https://remax.com.eg/property/for-sale-at-below-market-price-villa-in-al-rehab-4725,4,4,330,"EGP 26,000,000",78787.88,"New Cairo City - Cairo , Egypt",Cairo,New Cairo City,None,Apartment,Residential,Rent
https://remax.com.eg/property/furnished-apartment-160-sqm-for-rent-in-heliopolis-4728,3,2,160,"EGP 35,000",218.75,"Heliopolis - Cairo , Egypt",Cairo,Heliopolis,None,Apartment,Residential,Rent
https://remax.com.eg/property/50-sqm-shop-for-rent-in-go-heliopolis-mall-4729,1,1,50,"EGP 75,000",1500.0,"Nasr City - Cairo , Egypt",Cairo,Nasr City,None,Apartment,Residential,Rent
https://remax.com.eg/property/apartment-230sqm-for-rent-heliopolis-4731,3,3,230,"EGP 30,000",130.43,"Heliopolis - Cairo , Egypt",Cairo,Heliopolis,None,Apartment,Residential,Rent
https://remax.com.eg/property/for-sale-305-sqm-villa-in-mariouteya-4733,4,3,305,"EGP 6,000,000",19672.13,"Hay El Haram - Giza , Egypt",Giza,Hay El Haram,None,Apartment,Commercial,Rent
https://remax.com.eg/property/apartment-for-sale-first-floor-230-m-heliopolis-4732,3,2,230,"EGP 5,850,000",25434.78,"Heliopolis - Cairo , Egypt",Cairo,Heliopolis,None,Apartment,Residential,Rent
https://remax.com.eg/property/own-your-dream-apartment-in-smart-city-noor-top-quality-and-amazing-view-g21-123m-4717,3,2,123,"EGP 8,036,200",65334.96,"Noor City - Cairo , Egypt",Cairo,Noor City,None,Apartment,Residential,Sale
https://remax.com.eg/property/al-marasem-penthouse-in-golden-square-4723,5,4,390,"EGP 20,000,000",51282.05,"New Cairo City - Cairo , Egypt",Cairo,New Cairo City,None,Apartment,Residential,Rent
https://remax.com.eg/property/building-for-sale-in-new-nozha-322-sqm-4726,5,5,322,"EGP 26,000,000",80745.34,"El Nozha - Cairo , Egypt",Cairo,El Nozha,None,Apartment,Residential,Rent
https://remax.com.eg/property/for-sale-building-in-national-defense-fifth-settlement-4724,4,4,504,"EGP 35,000,000",69444.44,"New Cairo City - Cairo , Egypt",Cairo,New Cairo City,None,Apartment,Residential,Rent
https://remax.com.eg/property/for-sale-shop-with-a-facade-of-110-sqmheliopolis-4722,1,2,110,"EGP 8,000,000",72727.27,"Heliopolis - Cairo , Egypt",Cairo,Heliopolis,None,Apartment,Commercial,Rent
https://remax.com.eg/property/pharmacy-for-sale-45-meters-hegaz-heliopolis-4720,1,1,45,"EGP 6,500,000",144444.44,"El Nozha - Cairo , Egypt",Cairo,El Nozha,None,Apartment,Residential,Rent
https://remax.com.eg/property/own-a-studio-in-b12-the-latest-phase-of-madinaty-at-the-best-price-4714,1,1,53,"EGP 1,817,170",34286.23,"Madinaty - Cairo , Egypt",Cairo,Madinaty,None,Apartment,Residential,None
https://remax.com.eg/property/receive-your-apartment-with-hotel-furniture-in-b8-at-the-best-price-in-madinaty-4707,2,1,77,"EGP 4,700,000",61038.96,"Madinaty - Cairo , Egypt",Cairo,Madinaty,None,Apartment,Residential,None
https://remax.com.eg/property/own-a-ground-floor-chalet-with-a-garden-for-sale-in-south-med-north-coast-directly-on-the-lagoon-4709,2,2,121,"EGP 15,000,000",123966.94,"Qesm Borg El Arab - North Coast , Egypt",North Coast,Qesm Borg El Arab,None,Apartment,Residential,Sale
https://remax.com.eg/property/exclusive-investment-opportunity-in-smart-city-noor-g21-98m-4708,2,2,98,"EGP 6,953,090",70949.9,"Noor City - Cairo , Egypt",Cairo,Noor City,None,Apartment,Residential,Sale
https://remax.com.eg/property/own-your-home-in-b2-the-first-phase-of-madinaty-at-the-best-cash-price-4711,3,3,211,"EGP 10,000,000",47393.36,"Madinaty - Cairo , Egypt",Cairo,Madinaty,None,Apartment,Residential,None
https://remax.com.eg/property/own-a-clinic-in-open-air-madinaty-at-the-best-price-4710,1,1,18,"EGP 4,609,700",256094.44,"Madinaty - Cairo , Egypt",Cairo,Madinaty,None,Apartment,Residential,None
https://remax.com.eg/property/for-those-seeking-distinction-and-tranquility-a-once-in-a-lifetime-opportunity-own-a-unique-q1-townhouse-in-group-44-now-4713,4,3,195,"EGP 15,086,290",77365.59,"Noor City - Cairo , Egypt",Cairo,Noor City,None,Apartment,Residential,None
https://remax.com.eg/property/for-rent-300-m-luxurious-fully-furnished-apartment-4718,2,2,300,"EGP 30,000",100.0,"Heliopolis - Cairo , Egypt",Cairo,Heliopolis,None,Apartment,Residential,Rent
https://remax.com.eg/property/for-sale-apart16631m-tag-city-below-market-price-4721,3,3,166,"EGP 2,110,288",12712.58,"New Cairo City - Cairo , Egypt",Cairo,New Cairo City,None,Apartment,Residential,Rent
https://remax.com.eg/property/villa-in-katameya-residence-new-cairo-for-rent-4719,6,6,615,"EGP 145,000",235.77,"New Cairo City - Cairo , Egypt",Cairo,New Cairo City,None,Apartment,Residential,Rent
https://remax.com.eg/property/a-unique-opportunity-for-lovers-of-distinction-and-tranquility-own-a-luxurious-q2-townhouse-in-group-41-at-the-best-prices-and-offers-4712,5,4,213,"EGP 7,681,580",36063.76,"Noor City - Cairo , Egypt",Cairo,Noor City,None,Apartment,Residential,None
https://remax.com.eg/property/for-sale-cash-only-luxury-fully-furnished-apartment-in-madinaty-b11-group-112-200m-4692,3,3,200,"EGP 12,000,000",60000.0,"Madinaty - Cairo , Egypt",Cairo,Madinaty,None,Apartment,Residential,Sale
https://remax.com.eg/property/in-one-of-the-most-prestigious-locations-in-madinaty-b11-a-110-sqm-apartment-for-sale-feel-free-to-share-more-details-if-youd-like-to-provide-more-specifications-or-if-youre-looking-for-additional-information-4700,3,2,110,"EGP 6,000,000",54545.45,"Madinaty - Cairo , Egypt",Cairo,Madinaty,None,Apartment,Residential,Sale
https://remax.com.eg/property/a-unique-opportunity-for-living-or-investment-with-the-lowest-down-payment-in-madinaty-b14-4689,3,2,115,"EGP 9,449,220",82167.13,"Madinaty - Cairo , Egypt",Cairo,Madinaty,None,Apartment,Residential,None
https://remax.com.eg/property/for-sale-exceptional-apartment-in-new-cairo-fully-finished-b6-g65-143m-4701,3,2,143,"EGP 6,600,000",46153.85,"Madinaty - Cairo , Egypt",Cairo,Madinaty,None,Apartment,Residential,Sale
https://remax.com.eg/property/an-incredible-opportunity-to-own-a-home-with-an-old-reservation-in-مدينة-نور-city-of-light-with-the-lowest-down-payment-4690,2,1,82,"EGP 4,116,910",50206.22,"Noor City - Cairo , Egypt",Cairo,Noor City,None,Apartment,Residential,None
https://remax.com.eg/property/a-premium-apartment-for-sale-in-madinaty-b14-with-the-lowest-down-payment-4691,3,2,116,"EGP 9,929,168",85596.28,"Madinaty - Cairo , Egypt",Cairo,Madinaty,None,Apartment,Residential,Sale
https://remax.com.eg/property/own-your-home-in-privado-the-latest-phase-of-madinaty-at-the-best-price-4705,2,2,100,"EGP 5,311,040",53110.4,"Madinaty - Cairo , Egypt",Cairo,Madinaty,None,Apartment,Residential,None
https://remax.com.eg/property/a-hotel-apartment-for-sale-in-madinaty-b12-one-of-the-most-prestigious-groups-125-feel-free-to-share-more-details-if-youd-like-further-information-or-specifics-4702,3,2,116,"EGP 7,000,000",60344.83,"Madinaty - Cairo , Egypt",Cairo,Madinaty,None,Apartment,Residential,Sale
https://remax.com.eg/property/own-your-home-in-madinaty-b8-in-one-of-the-best-groups-89-if-you-need-more-details-or-specifications-feel-free-to-share-4703,3,3,155,"EGP 7,483,984",48283.77,"Madinaty - Cairo , Egypt",Cairo,Madinaty,None,Apartment,Residential,None
https://remax.com.eg/property/own-a-premium-apartment-in-madinaty-b12-g123-84m-4699,2,1,84,"EGP 5,168,531",61530.13,"Madinaty - Cairo , Egypt",Cairo,Madinaty,None,Apartment,Residential,None
https://remax.com.eg/property/own-a-studio-in-b12-the-latest-phase-of-madinaty-at-the-best-price-located-in-one-of-the-best-groups-121-if-you-need-more-details-or-further-specifications-feel-free-to-provide-them-4706,1,1,55,"EGP 3,500,000",63636.36,"Madinaty - Cairo , Egypt",Cairo,Madinaty,None,Apartment,Residential,None
https://remax.com.eg/property/own-your-home-in-privado-the-latest-phase-of-madinaty-at-the-best-price-4704,2,2,100,"EGP 5,265,930",52659.3,"Madinaty - Cairo , Egypt",Cairo,Madinaty,None,Apartment,Residential,None
https://remax.com.eg/property/luxury-twinhouse-with-pool-in-el-woroud-compound-4683,3,3,350,"EGP 50,000",142.86,"6 October City - Giza , Egypt",Giza,6 October City,None,Apartment,Residential,Rent
https://remax.com.eg/property/own-your-home-in-madinaty-b14-with-the-highest-level-of-distinction-located-in-the-best-group-group-142-this-property-offers-premium-features-and-an-exclusive-lifestyle-for-more-details-and-to-secure-your-dream-home-contact-us-today-4694,3,2,115,"EGP 8,898,390",77377.3,"Madinaty - Cairo , Egypt",Cairo,Madinaty,None,Apartment,Residential,None
https://remax.com.eg/property/for-sale-village-west-compound-dorra-developments-phase-2-townhouse-middle-4684,4,3,223,"EGP 19,751,488",88571.7,"Sheikh Zayed City - Giza , Egypt",Giza,Sheikh Zayed City,None,Apartment,Residential,Sale
https://remax.com.eg/property/book-your-fully-finished-apartment-in-the-first-fully-integrated-smart-city-new-madinaty-city-of-light-feel-free-to-share-more-details-if-youd-like-additional-specifications-or-more-information-4695,3,2,119,"EGP 7,988,380",67129.24,"Noor City - Cairo , Egypt",Cairo,Noor City,None,Apartment,Residential,None
https://remax.com.eg/property/own-a-premium-studio-in-privedo-compound-madinaty-65m-g131-4698,1,1,65,"EGP 3,397,390",52267.54,"Madinaty - Cairo , Egypt",Cairo,Madinaty,None,Apartment,Residential,None
https://remax.com.eg/property/last-chance-to-own-a-studio-with-an-old-reservation-in-نور-سمارت-smart-noor-at-the-lowest-down-payment-and-the-longest-payment-period-4687,1,1,67,"EGP 3,616,880",53983.28,"Noor City - Cairo , Egypt",Cairo,Noor City,None,Apartment,Residential,None
https://remax.com.eg/property/a-luxurious-villa-in-madinaty-available-for-rent-with-hotel-style-furnishings-z-model-4685,4,3,250,"EGP 90,000",360.0,"Madinaty - Cairo , Egypt",Cairo,Madinaty,None,Apartment,Residential,Rent
https://remax.com.eg/property/own-your-residential-unit-in-the-most-prestigious-phases-of-al-rehab-4693,3,3,160,"EGP 7,000,000",43750.0,"New Cairo City - Cairo , Egypt",Cairo,New Cairo City,None,Apartment,Residential,None
https://remax.com.eg/property/first-delivery-in-b14-the-latest-phase-of-madinaty-with-the-lowest-down-payment-4688,3,2,106,"EGP 6,065,980",57226.23,"Madinaty - Cairo , Egypt",Cairo,Madinaty,None,Apartment,Residential,None
https://remax.com.eg/property/receive-your-residential-unit-immediately-in-b15-the-latest-phase-of-madinaty-let-me-know-if-youd-like-more-details-or-specifications-4696,2,2,96,"EGP 4,500,000",46875.0,"Madinaty - Cairo , Egypt",Cairo,Madinaty,None,Apartment,Residential,None
https://remax.com.eg/property/luxury-twinhouse-with-pool-in-el-woroud-compound-4682,3,3,350,"EGP 19,500,000",55714.29,"6 October City - Giza , Egypt",Giza,6 October City,None,Apartment,Residential,Sale
https://remax.com.eg/property/an-incredible-opportunity-for-living-or-investment-in-the-newest-phases-of-madinaty-b14-g141-142m-4697,3,2,142,"EGP 6,008,320",42312.11,"Madinaty - Cairo , Egypt",Cairo,Madinaty,None,Apartment,Residential,None
https://remax.com.eg/property/for-sale-apartment-90m-in-midtown-sky-new-capital-4672,2,1,90,"EGP 2,700,000",30000.0,"New Capital City - Cairo , Egypt",Cairo,New Capital City,None,Apartment,Residential,Rent
https://remax.com.eg/property/for-sale-twin-house-255qm-roof-93-sqm-modon-west-4673,5,5,255,"EGP 3,000,000",11764.71,"6 October City - Giza , Egypt",Giza,6 October City,None,Apartment,Residential,Rent
https://remax.com.eg/property/for-sale-270sqm-apartment-in-nasr-city-4675,4,2,270,"EGP 7,250,000",26851.85,"Nasr City - Cairo , Egypt",Cairo,Nasr City,None,Apartment,Residential,Rent
https://remax.com.eg/property/apartment-for-sale-195-sqm-spring-shorouk-4677,3,2,195,"EGP 5,100,000",26153.85,"Shorouk City - Cairo , Egypt",Cairo,Shorouk City,None,Apartment,Residential,Rent
https://remax.com.eg/property/sale-apartment-158-sqm-with-garden-in-madinaty-4680,3,3,158,"EGP 8,500,000",53797.47,"Madinaty - Cairo , Egypt",Cairo,Madinaty,None,Apartment,Residential,Rent
https://remax.com.eg/property/for-sale-chalet-135-sqm-el-gouna-new-marina-4670,2,2,135,"EGP 27,200,000",201481.48,"Hurghada - Red Sea , Egypt",Red Sea,Hurghada,None,Apartment,Residential,Rent
https://remax.com.eg/property/apartment-115m-for-sale-in-golden-beach-ras-sedr-4676,2,2,115,"EGP 2,500,000",21739.13,"Ras Sedr - South Sainai , Egypt",South Sainai,Ras Sedr,None,Apartment,Residential,Rent
https://remax.com.eg/property/villa-400-sqm-spring-shorouk-ultra-super-lux-4679,4,5,400,"EGP 28,000,000",70000.0,"Shorouk City - Cairo , Egypt",Cairo,Shorouk City,None,Apartment,Residential,Rent
https://remax.com.eg/property/for-sale-47-sqm-shop-springs-mall-shorouk-4678,1,1,47,"EGP 3,500,000",74468.09,"Shorouk City - Cairo , Egypt",Cairo,Shorouk City,None,Apartment,Residential,Rent
https://remax.com.eg/property/furnished-studio-for-rent-in-kenz-compound-4681,1,1,49,"EGP 15,000",306.12,"6 October City - Giza , Egypt",Giza,6 October City,None,Apartment,Residential,Rent
https://remax.com.eg/property/for-sale-apartment-160-sqm-tag-city-4671,3,3,160,"EGP 2,245,000",14031.25,"New Cairo City - Cairo , Egypt",Cairo,New Cairo City,None,Apartment,Residential,Rent
https://remax.com.eg/property/penthouse-for-sale-256m100-terrace-el-merghany-4674,3,3,256,"EGP 10,000,000",39062.5,"Heliopolis - Cairo , Egypt",Cairo,Heliopolis,None,Apartment,Residential,Rent
https://remax.com.eg/property/for-rent-zayed-regency-compound-ofouk-developments-phase-3-studio-4640,1,1,76,"EGP 25,000",328.95,"Sheikh Zayed City - Giza , Egypt",Giza,Sheikh Zayed City,None,Apartment,Residential,Rent
https://remax.com.eg/property/duplex-for-sale-195-sqm-andalous-4667,3,3,195,"EGP 4,200,000",21538.46,"New Cairo City - Cairo , Egypt",Cairo,New Cairo City,None,Apartment,Residential,Rent
https://remax.com.eg/property/apartment-for-sale-175-sqm-al-andalous-4668,3,3,175,"EGP 4,000,000",22857.14,"New Cairo City - Cairo , Egypt",Cairo,New Cairo City,None,Apartment,Residential,Rent
https://remax.com.eg/property/for-rent-kargo-mall-kargo-developments-office-4633,0,0,75,"EGP 48,000",640.0,"Sheikh Zayed City - Giza , Egypt",Giza,Sheikh Zayed City,None,Apartment,Residential,Rent
https://remax.com.eg/property/furnished-studio-with-roof-in-courtyard-marakez-4636,1,1,37,"EGP 25,000",675.68,"Sheikh Zayed City - Giza , Egypt",Giza,Sheikh Zayed City,None,Apartment,Residential,Rent
https://remax.com.eg/property/ready-to-move-townhouse-in-la-rosa-next-to-garden8-4643,5,3,300,"EGP 22,000,000",73333.33,"New Cairo City - Cairo , Egypt",Cairo,New Cairo City,None,Apartment,Residential,Sale
https://remax.com.eg/property/luxury-resale-quattro-in-elreem-residence-4635,3,4,250,"EGP 16,000,000",64000.0,"6 October City - Giza , Egypt",Giza,6 October City,None,Apartment,Residential,Sale
https://remax.com.eg/property/for-sale-apartment-450-sqm-ard-el-golf-4665,4,3,450,"EGP 11,000,000",24444.44,"Heliopolis - Cairo , Egypt",Cairo,Heliopolis,None,Apartment,Residential,Rent
https://remax.com.eg/property/resale-1-bedroom-apartment-in-badya-boulevard-4637,1,1,94,"EGP 5,250,000",55851.06,"Sheikh Zayed City - Giza , Egypt",Giza,Sheikh Zayed City,None,Apartment,Residential,Sale
https://remax.com.eg/property/for-sale-villa-130-sqm-stella-di-mare-el-sokhna-4669,3,2,130,"EGP 9,000,000",69230.77,"Al Ain Al Sokhna - Suez , Egypt",Suez,Al Ain Al Sokhna,None,Apartment,Residential,Rent
https://remax.com.eg/property/for-sale-el-yasmin-compound-standalone-villa-4641,7,7,750,"EGP 26,000,000",34666.67,"6 October City - Giza , Egypt",Giza,6 October City,None,Apartment,Residential,Sale
https://remax.com.eg/property/for-sale-apartment-131-sqm-tag-city-4666,2,2,131,"EGP 1,923,000",14679.39,"New Cairo City - Cairo , Egypt",Cairo,New Cairo City,None,Apartment,Residential,Rent
https://remax.com.eg/property/exclusive-opportunity-to-own-a-luxury-apartment-in-the-best-phases-of-madinaty-b8-g89-126m-4608,3,2,126,"EGP 5,603,120",44469.21,"Madinaty - Cairo , Egypt",Cairo,Madinaty,None,Apartment,Residential,None
https://remax.com.eg/property/own-your-home-in-b2-the-first-phase-of-new-cairo-at-the-best-cash-price-with-the-finest-view-4611,3,3,202,"EGP 11,000,000",54455.45,"Madinaty - Cairo , Egypt",Cairo,Madinaty,None,Apartment,Residential,None
https://remax.com.eg/property/own-a-studio-in-smart-home-noor-at-the-best-price-located-on-the-main-street-4601,1,1,67,"EGP 3,167,450",47275.37,"Noor City - Cairo , Egypt",Cairo,Noor City,None,Apartment,Residential,None
https://remax.com.eg/property/building-for-rent-in-the-courtyard-dorra-4631,0,0,240,"EGP 100,000",416.67,"Sheikh Zayed City - Giza , Egypt",Giza,Sheikh Zayed City,None,Apartment,Commercial,Rent
https://remax.com.eg/property/studio-for-sale-in-the-best-location-in-madinaty-4621,1,1,56,"EGP 3,500,000",62500.0,"Madinaty - Cairo , Egypt",Cairo,Madinaty,None,Apartment,Residential,Sale
https://remax.com.eg/property/for-sale-luxury-apartment-in-madinaty-phase-b15-g150-131m-4624,3,2,131,"EGP 9,201,740",70242.29,"Madinaty - Cairo , Egypt",Cairo,Madinaty,None,Apartment,Residential,Sale
https://remax.com.eg/property/buy-your-home-at-the-best-cash-price-in-the-most-prestigious-phase-of-new-cairo-b8-4610,2,1,102,"EGP 4,800,000",47058.82,"Madinaty - Cairo , Egypt",Cairo,Madinaty,None,Apartment,Residential,Sale
https://remax.com.eg/property/office-for-rent-in-kazan-mall-6th-of-october-4629,1,1,90,"EGP 42,000",466.67,"6 October City - Giza , Egypt",Giza,6 October City,None,Apartment,Residential,Rent
https://remax.com.eg/property/apartment-for-sale-90-m-sidi-bishr-directly-on-the-sea-4626,3,1,90,"EGP 4,600,000",51111.11,"Hay Awal El Montazah - Alexandria , Egypt",Alexandria,Hay Awal El Montazah,None,Apartment,Residential,Rent
https://remax.com.eg/property/own-a-premium-apartment-in-b8-4622,3,2,105,"EGP 4,600,000",43809.52,"Madinaty - Cairo , Egypt",Cairo,Madinaty,None,Apartment,Residential,None
https://remax.com.eg/property/own-your-home-in-b11-the-latest-phase-of-new-cairo-at-the-best-price-4609,2,2,96,"EGP 6,000,000",62500.0,"Madinaty - Cairo , Egypt",Cairo,Madinaty,None,Apartment,Residential,None
https://remax.com.eg/property/duplex-for-rent-in-el-khamayel-phase-2-4630,3,3,260,"EGP 34,000",130.77,"Sheikh Zayed City - Giza , Egypt",Giza,Sheikh Zayed City,None,Apartment,Residential,Rent
https://remax.com.eg/property/own-your-home-in-smart-home-noor-at-the-best-price-featuring-the-largest-and-widest-garden-4597,3,2,123,"EGP 8,132,220",66115.61,"Noor City - Cairo , Egypt",Cairo,Noor City,None,Apartment,Residential,None
https://remax.com.eg/property/own-your-home-in-my-city-at-the-best-price-in-b14-4598,3,2,115,"EGP 10,336,330",89881.13,"Madinaty - Cairo , Egypt",Cairo,Madinaty,None,Apartment,Residential,None
https://remax.com.eg/property/buy-your-home-at-the-lowest-cash-price-in-madinaty-b7-4582,2,2,96,"EGP 4,400,000",45833.33,"Madinaty - Cairo , Egypt",Cairo,Madinaty,None,Apartment,Residential,Sale
https://remax.com.eg/property/own-a-studio-in-b8-the-latest-phase-of-madinaty-at-the-best-price-4593,1,1,64,"EGP 2,194,000",34281.25,"Madinaty - Cairo , Egypt",Cairo,Madinaty,None,Apartment,Residential,None
https://remax.com.eg/property/own-a-studio-in-smart-home-noor-at-the-best-price-located-on-the-main-street-4607,1,1,67,"EGP 3,167,450",47275.37,"Noor City - Cairo , Egypt",Cairo,Noor City,None,Apartment,Residential,None
https://remax.com.eg/property/own-your-home-in-b12-the-latest-phase-of-madinaty-at-the-best-price-4596,3,2,165,"EGP 9,299,000",56357.58,"Madinaty - Cairo , Egypt",Cairo,Madinaty,None,Apartment,Residential,None
https://remax.com.eg/property/own-a-studio-in-smart-home-noor-at-the-best-price-located-on-the-main-street-4599,1,1,67,"EGP 3,167,450",47275.37,"Noor City - Cairo , Egypt",Cairo,Noor City,None,Apartment,Residential,None
https://remax.com.eg/property/own-a-studio-in-b8-the-latest-phase-of-madinaty-at-the-best-price-4583,1,1,61,"EGP 2,528,280",41447.21,"Madinaty - Cairo , Egypt",Cairo,Madinaty,None,Apartment,Residential,None
https://remax.com.eg/property/own-your-stunning-apartment-in-the-best-phases-of-madinaty-b8-group-89-158m-4604,3,3,158,"EGP 7,156,560",45294.68,"Madinaty - Cairo , Egypt",Cairo,Madinaty,None,Apartment,Residential,None
https://remax.com.eg/property/own-your-home-at-the-lowest-cash-price-in-madinaty-b7-4592,3,1,96,"EGP 4,200,000",43750.0,"Madinaty - Cairo , Egypt",Cairo,Madinaty,None,Apartment,Residential,None
https://remax.com.eg/property/own-your-home-in-b3-the-most-prestigious-phase-of-madinaty-at-the-best-cash-price-4595,3,3,135,"EGP 6,000,000",44444.44,"Madinaty - Cairo , Egypt",Cairo,Madinaty,None,Apartment,Residential,None
https://remax.com.eg/property/own-your-home-at-the-lowest-cash-price-in-madinaty-b6-4594,3,2,133,"EGP 6,100,000",45864.66,"Madinaty - Cairo , Egypt",Cairo,Madinaty,None,Apartment,Residential,Sale
https://remax.com.eg/property/own-your-home-in-b8-the-latest-phase-of-madinaty-at-the-best-price-4586,2,2,95,"EGP 10,059,218",105886.51,"Madinaty - Cairo , Egypt",Cairo,Madinaty,None,Apartment,Residential,None
https://remax.com.eg/property/dont-miss-your-chance-to-own-your-dream-apartment-in-madinaty-b11-group-114-second-floor-114m-4578,3,2,114,"EGP 6,000,000",52631.58,"Madinaty - Cairo , Egypt",Cairo,Madinaty,None,Apartment,Residential,None
https://remax.com.eg/property/own-your-home-in-b6-the-first-phase-of-madinaty-at-the-best-cash-price-with-furniture-and-appliances-included-4577,2,2,88,"EGP 5,500,000",62500.0,"Madinaty - Cairo , Egypt",Cairo,Madinaty,None,Apartment,Residential,None
https://remax.com.eg/property/for-rent-legal-lease-in-madinaty-b2-group-24-183m-4589,3,3,183,"EGP 19,000",103.83,"Madinaty - Cairo , Egypt",Cairo,Madinaty,None,Apartment,Residential,Rent
https://remax.com.eg/property/own-your-home-in-b8-one-of-the-most-distinguished-phases-of-madinaty-at-the-best-price-4587,3,3,180,"EGP 8,891,740",49398.56,"Madinaty - Cairo , Egypt",Cairo,Madinaty,None,Apartment,Residential,None
https://remax.com.eg/property/own-your-home-in-privado-the-best-compound-in-madinaty-at-the-best-price-located-in-the-highest-quality-area-l10-4576,2,1,84,"EGP 9,662,600",115030.95,"Madinaty - Cairo , Egypt",Cairo,Madinaty,None,Apartment,Residential,None
https://remax.com.eg/property/own-your-home-in-new-noor-city-at-the-best-price-near-all-essential-services-4584,3,2,119,"EGP 7,988,380",67129.24,"Noor City - Cairo , Egypt",Cairo,Noor City,None,Apartment,Residential,None
https://remax.com.eg/property/own-your-home-in-b11-the-latest-phase-of-madinaty-at-the-best-price-4588,3,2,133,"EGP 6,000,000",45112.78,"Madinaty - Cairo , Egypt",Cairo,Madinaty,None,Apartment,Commercial,None
https://remax.com.eg/property/an-unmissable-opportunity-luxury-apartment-for-sale-in-the-most-prestigious-location-of-new-cairo-b2-group-22-111m-4579,2,1,111,"EGP 5,200,000",46846.85,"Madinaty - Cairo , Egypt",Cairo,Madinaty,None,Apartment,Residential,Sale
https://remax.com.eg/property/a-unique-opportunity-to-own-your-dream-apartment-in-madinaty-for-sale-a-luxurious-apartment-in-b15-group-150-131m-4575,3,2,131,"EGP 6,683,470",51018.85,"Madinaty - Cairo , Egypt",Cairo,Madinaty,None,Apartment,Residential,Sale
https://remax.com.eg/property/own-your-home-in-eden-al-rehab-right-in-front-of-the-club-4574,2,2,102,"EGP 10,381,780",101782.16,"New Cairo City - Cairo , Egypt",Cairo,New Cairo City,None,Apartment,Residential,None
https://remax.com.eg/property/own-your-home-in-b14-the-latest-phase-of-madinaty-at-the-best-price-4585,2,1,78,"EGP 5,038,233",64592.73,"Madinaty - Cairo , Egypt",Cairo,Madinaty,None,Apartment,Residential,None
https://remax.com.eg/property/an-unmissable-opportunity-to-own-a-premium-apartment-in-privado-compound-madinaty-100m-4571,2,1,100,"EGP 5,265,000",52650.0,"Madinaty - Cairo , Egypt",Cairo,Madinaty,None,Apartment,Residential,None
https://remax.com.eg/property/own-your-home-in-b8-the-latest-phase-of-madinaty-at-the-best-price-4580,2,1,78,"EGP 3,700,000",47435.9,"Madinaty - Cairo , Egypt",Cairo,Madinaty,None,Apartment,Residential,None
https://remax.com.eg/property/prime-location-clinic-in-hale-town-mall-palm-hills-4560,0,1,78,"EGP 40,000",512.82,"6 October City - Giza , Egypt",Giza,6 October City,None,Apartment,Residential,Rent
https://remax.com.eg/property/own-your-home-in-b14-the-latest-phase-of-madinaty-at-the-best-price-4581,3,2,140,"EGP 10,459,130",74708.07,"Madinaty - Cairo , Egypt",Cairo,Madinaty,None,Apartment,Residential,None
https://remax.com.eg/property/for-sale-zed-elsheikh-zayed-ora-developments-apartment-4564,2,3,137,"EGP 12,841,000",93729.93,"Sheikh Zayed City - Giza , Egypt",Giza,Sheikh Zayed City,None,Apartment,Residential,Sale
https://remax.com.eg/property/for-sale-janna-zayed-1-compound-apartment-4549,3,2,130,"EGP 6,000,000",46153.85,"Sheikh Zayed City - Giza , Egypt",Giza,Sheikh Zayed City,None,Apartment,Residential,Sale
https://remax.com.eg/property/for-sale-joulz-compound-inertia-developments-phase-2-twin-house-4551,4,3,374,"EGP 20,000,000",53475.94,"6 October City - Giza , Egypt",Giza,6 October City,None,Apartment,Residential,Sale
https://remax.com.eg/property/for-sale-solana-west-compound-ore-developments-phase-1-townhouse-corner-4563,3,3,210,"EGP 31,260,000",148857.14,"Sheikh Zayed City - Giza , Egypt",Giza,Sheikh Zayed City,None,Apartment,Residential,Sale
https://remax.com.eg/property/own-a-premium-ground-floor-apartment-with-the-option-to-customize-your-garden-in-madinaty-b12-group-121-106m-4572,3,2,106,"EGP 5,500,000",51886.79,"Madinaty - Cairo , Egypt",Cairo,Madinaty,None,Apartment,Residential,Sale
https://remax.com.eg/property/for-sale-upville-compound-wadi-el-nile-developments-twin-house-4550,3,3,460,"EGP 18,445,845",40099.66,"6 October City - Giza , Egypt",Giza,6 October City,None,Apartment,Residential,Sale
https://remax.com.eg/property/own-a-premium-studio-in-madinaty-b8-group-89-45m-4573,1,1,45,"EGP 2,201,480",48921.78,"Madinaty - Cairo , Egypt",Cairo,Madinaty,None,Apartment,Residential,None
https://remax.com.eg/property/apartment-145-m-for-sale-in-el-seyouf-near-carrefour-city-light-4554,3,2,145,"EGP 2,900,000",20000.0,"Hay Awal El Montazah - Alexandria , Egypt",Alexandria,Hay Awal El Montazah,None,Apartment,Residential,Rent
https://remax.com.eg/property/prime-location-retail-shop-in-west-gate-mall-4529,0,0,30,"EGP 25,000",833.33,"6 October City - Giza , Egypt",Giza,6 October City,None,Apartment,Residential,Rent
https://remax.com.eg/property/for-sale-zed-elsheikh-zayed-ora-developments-phase-1-apartment-4556,2,2,100,"EGP 7,250,000",72500.0,"Sheikh Zayed City - Giza , Egypt",Giza,Sheikh Zayed City,None,Apartment,Residential,Sale
https://remax.com.eg/property/for-sale-ever-west-compound-cred-developments-clinic-4520,1,0,30,"EGP 3,686,000",122866.67,"6 October City - Giza , Egypt",Giza,6 October City,None,Apartment,Residential,Sale
https://remax.com.eg/property/for-sale-kayan-compound-badreldin-developments-apartment-4555,3,2,120,"EGP 8,510,000",70916.67,"Sheikh Zayed City - Giza , Egypt",Giza,Sheikh Zayed City,None,Apartment,Residential,Sale
https://remax.com.eg/property/apartment-garden-for-rent-fully-furnished-cfc-4542,2,2,140,"EGP 79,000",564.29,"New Cairo City - Cairo , Egypt",Cairo,New Cairo City,None,Apartment,Commercial,Rent
https://remax.com.eg/property/apartment-200-m-for-sale-laurent-sarhank-street-4543,4,1,200,"EGP 5,900,000",29500.0,"Hay Sharq - Alexandria , Egypt",Alexandria,Hay Sharq,None,Apartment,Residential,Rent
https://remax.com.eg/property/retail-shop-for-rent-in-centrada-plaza-4532,0,0,35,"EGP 42,000",1200.0,"Sheikh Zayed City - Giza , Egypt",Giza,Sheikh Zayed City,None,Apartment,Residential,Rent
https://remax.com.eg/property/resale-apartment-in-one33-compound-4538,3,2,161,"EGP 7,000,000",43478.26,"6 October City - Giza , Egypt",Giza,6 October City,None,Apartment,Residential,Sale
https://remax.com.eg/property/for-rent-kargo-mall-kargo-developments-clinic-4521,3,1,85,"EGP 45,000",529.41,"Sheikh Zayed City - Giza , Egypt",Giza,Sheikh Zayed City,None,Apartment,Residential,Rent
https://remax.com.eg/property/i-villa-garden-for-rent-in-mv-giza-plateau-4524,3,3,205,"EGP 40,000",195.12,"6 October City - Giza , Egypt",Giza,6 October City,None,Apartment,Residential,Rent
https://remax.com.eg/property/furnished-standalone-with-pool-in-al-rabwa-4523,3,3,390,"EGP 110,000",282.05,"Sheikh Zayed City - Giza , Egypt",Giza,Sheikh Zayed City,None,Apartment,Residential,Rent
https://remax.com.eg/property/prime-location-office-in-ritzy-mall-sheikh-zayed-4536,0,1,67,"EGP 50,000",746.27,"Sheikh Zayed City - Giza , Egypt",Giza,Sheikh Zayed City,None,Apartment,Residential,Rent
https://remax.com.eg/property/for-those-who-cherish-tranquility-and-exclusivity-own-your-villa-in-smart-home-city-noor-4505,4,4,195,"EGP 16,362,150",83908.46,"Noor City - Cairo , Egypt",Cairo,Noor City,None,Apartment,Residential,Sale
https://remax.com.eg/property/secure-your-home-in-the-prime-stage-of-madinaty-b12-4509,3,2,107,"EGP 5,200,000",48598.13,"Madinaty - Cairo , Egypt",Cairo,Madinaty,None,Apartment,Residential,None
https://remax.com.eg/property/exclusive-apartment-for-sale-in-smart-home-city-noor-premium-group-11-4503,4,3,165,"EGP 9,193,970",55721.03,"Noor City - Cairo , Egypt",Cairo,Noor City,None,Apartment,Residential,Sale
https://remax.com.eg/property/own-a-home-in-the-newest-stage-of-madinaty-b14-4513,3,2,108,"EGP 7,077,940",65536.48,"Madinaty - Cairo , Egypt",Cairo,Madinaty,None,Apartment,Residential,None
https://remax.com.eg/property/own-your-home-in-the-most-exclusive-phase-of-madinaty-b12-4493,2,1,75,"EGP 2,400,000",32000.0,"Madinaty - Cairo , Egypt",Cairo,Madinaty,None,Apartment,Residential,Sale
https://remax.com.eg/property/exclusive-prime-location-retail-at-west-gate-mall-4518,0,0,39,"EGP 28,000",717.95,"6 October City - Giza , Egypt",Giza,6 October City,None,Apartment,Residential,None
https://remax.com.eg/property/ground-shop-51-sqm-in-space-mall-26th-of-july-axis-4516,0,0,51,"EGP 8,000,000",156862.75,"Sheikh Zayed City - Giza , Egypt",Giza,Sheikh Zayed City,None,Apartment,Commercial,None
https://remax.com.eg/property/prime-location-retail-at-west-gate-mall-4519,0,0,34,"EGP 25,000",735.29,"6 October City - Giza , Egypt",Giza,6 October City,None,Apartment,Residential,None
https://remax.com.eg/property/invest-in-smart-home-city-noor-studio-in-a-prime-location-4499,1,1,67,"EGP 2,980,910",44491.19,"Noor City - Cairo , Egypt",Cairo,Noor City,None,Apartment,Residential,None
https://remax.com.eg/property/a-golden-opportunity-for-investment-or-living-in-smart-home-city-noor-4510,2,1,82,"EGP 3,674,720",44813.66,"Noor City - Cairo , Egypt",Cairo,Noor City,None,Apartment,Residential,None
https://remax.com.eg/property/own-your-dream-home-in-b2-early-phases-of-madinaty-at-the-best-cash-price-4495,3,3,211,"EGP 10,000,000",47393.36,"Madinaty - Cairo , Egypt",Cairo,Madinaty,None,Apartment,Residential,None
https://remax.com.eg/property/ground-finished-shop-at-west-gate-mall-4517,0,1,45,"EGP 45,000",1000.0,"6 October City - Giza , Egypt",Giza,6 October City,None,Apartment,Residential,None
https://remax.com.eg/property/for-sale-prime-apartment-in-madinaty-b12-group-124-78m-4467,2,1,78,"EGP 1,800,000",23076.92,"Madinaty - Cairo , Egypt",Cairo,Madinaty,None,Apartment,Residential,Sale
https://remax.com.eg/property/own-a-premium-apartment-in-madinaty-b6-prime-group-63-4502,3,2,124,"EGP 5,850,000",47177.42,"Madinaty - Cairo , Egypt",Cairo,Madinaty,None,Apartment,Residential,None
https://remax.com.eg/property/own-your-home-in-the-most-exclusive-phase-of-madinaty-b12-4488,3,2,106,"EGP 5,500,000",51886.79,"Madinaty - Cairo , Egypt",Cairo,Madinaty,None,Apartment,Residential,Sale
https://remax.com.eg/property/live-in-the-latest-phase-of-madinaty-b14-4476,3,2,115,"EGP 5,025,865",43703.17,"Madinaty - Cairo , Egypt",Cairo,Madinaty,None,Apartment,Residential,None
https://remax.com.eg/property/exclusive-apartment-for-sale-in-smart-home-city-noor-premium-group-11-4485,2,1,98,"EGP 4,982,890",50845.82,"Noor City - Cairo , Egypt",Cairo,Noor City,None,Apartment,Residential,Sale
https://remax.com.eg/property/own-your-home-in-the-newest-phase-of-madinaty-b15-with-a-modern-and-unique-design-4491,3,2,131,"EGP 6,683,470",51018.85,"Madinaty - Cairo , Egypt",Cairo,Madinaty,None,Apartment,Residential,Sale
https://remax.com.eg/property/own-your-home-in-the-newest-and-most-modern-phase-of-madinaty-b15-4490,2,2,100,"EGP 4,650,000",46500.0,"Madinaty - Cairo , Egypt",Cairo,Madinaty,None,Apartment,Residential,Sale
https://remax.com.eg/property/own-a-unique-apartment-in-smart-home-city-noor-4492,3,2,121,"EGP 5,536,140",45753.22,"Noor City - Cairo , Egypt",Cairo,Noor City,None,Apartment,Residential,Sale
https://remax.com.eg/property/a-golden-opportunity-for-investment-or-living-in-smart-home-city-noor-4500,3,2,127,"EGP 5,460,000",42992.13,"Noor City - Cairo , Egypt",Cairo,Noor City,None,Apartment,Residential,None
https://remax.com.eg/property/own-a-stylish-studio-in-privado-compound-madinaty-4486,1,1,63,"EGP 2,888,160",45843.81,"Madinaty - Cairo , Egypt",Cairo,Madinaty,None,Apartment,Residential,None
https://remax.com.eg/property/exclusive-apartment-for-sale-in-smart-home-city-noor-premium-group-11-4487,3,2,122,"EGP 6,104,340",50035.57,"Noor City - Cairo , Egypt",Cairo,Noor City,None,Apartment,Residential,Sale
https://remax.com.eg/property/golden-opportunity-to-own-a-premium-studio-in-madinatys-newest-phase-b14-group-142115m-4468,3,2,115,"EGP 6,904,816",60041.88,"Madinaty - Cairo , Egypt",Cairo,Madinaty,None,Apartment,Residential,Sale
https://remax.com.eg/property/golden-opportunity-to-own-a-premium-studio-in-madinatys-newest-phase-b14-group-14167m-4471,1,1,67,"EGP 3,061,410",45692.69,"Madinaty - Cairo , Egypt",Cairo,Madinaty,None,Apartment,Residential,None
https://remax.com.eg/property/live-in-the-latest-phase-of-madinaty-b14-group-141-109m-4472,3,2,109,"EGP 5,945,761",54548.27,"Madinaty - Cairo , Egypt",Cairo,Madinaty,None,Apartment,Residential,None
https://remax.com.eg/property/for-sale-premium-apartment-in-madinaty-b12-group-125150m-4463,3,2,150,"EGP 9,200,000",61333.33,"Madinaty - Cairo , Egypt",Cairo,Madinaty,None,Apartment,Residential,Sale
https://remax.com.eg/property/apartment-for-sale-in-privado-compound-madinaty-group-132-83m-4461,2,1,83,"EGP 7,377,930",88890.72,"Madinaty - Cairo , Egypt",Cairo,Madinaty,None,Apartment,Residential,Sale
https://remax.com.eg/property/premium-apartment-for-sale-in-b8-group-89-madinaty-127m-4459,3,2,127,"EGP 11,996,350",94459.45,"Madinaty - Cairo , Egypt",Cairo,Madinaty,None,Apartment,Residential,Sale
https://remax.com.eg/property/furnished-studio-for-rent-in-madinaty-b12-group-125-65m-4458,1,1,65,"EGP 20,000",307.69,"Madinaty - Cairo , Egypt",Cairo,Madinaty,None,Apartment,Residential,Rent
https://remax.com.eg/property/for-sale-prime-apartment-in-madinaty-b6-group-64-88m-4464,2,1,88,"EGP 1,836,000",20863.64,"Madinaty - Cairo , Egypt",Cairo,Madinaty,None,Apartment,Residential,Sale
https://remax.com.eg/property/premium-apartment-for-sale-in-smart-city-noor-123m-4460,3,2,123,"EGP 5,731,080",46594.15,"Noor City - Cairo , Egypt",Cairo,Noor City,None,Apartment,Residential,Sale
https://remax.com.eg/property/own-or-invest-in-smart-city-noor-apartment-with-private-garden-122m-4462,3,2,122,"EGP 6,730,180",55165.41,"Noor City - Cairo , Egypt",Cairo,Noor City,None,Apartment,Residential,None
https://remax.com.eg/property/your-chance-to-live-in-madinatys-prime-phase-b12-group-125-71m-4465,2,2,71,"EGP 1,660,000",23380.28,"Madinaty - Cairo , Egypt",Cairo,Madinaty,None,Apartment,Residential,None
https://remax.com.eg/property/great-opportunity-for-cash-sale-or-furnished-rent-in-madinaty-b11-g113-116m-4452,3,2,116,"EGP 9,000,000",77586.21,"Madinaty - Cairo , Egypt",Cairo,Madinaty,None,Apartment,Residential,Rent
https://remax.com.eg/property/premium-apartment-for-sale-in-madinaty-b12-group-124-115m-4470,3,2,115,"EGP 6,479,375",56342.39,"Madinaty - Cairo , Egypt",Cairo,Madinaty,None,Apartment,Residential,Sale
https://remax.com.eg/property/unmissable-opportunity-premium-apartment-for-sale-in-madinaty-b6-g66-135m-4444,2,1,135,"EGP 6,200,000",45925.93,"Madinaty - Cairo , Egypt",Cairo,Madinaty,None,Apartment,Residential,Sale
https://remax.com.eg/property/for-sale-in-madinaty-b11-g-113-70m-4449,2,1,70,"EGP 2,850,054",40715.06,"Madinaty - Cairo , Egypt",Cairo,Madinaty,None,Apartment,Residential,Sale
https://remax.com.eg/property/own-a-premium-studio-in-madinat-privado-63m-4455,1,1,63,"EGP 2,888,160",45843.81,"Madinaty - Cairo , Egypt",Cairo,Madinaty,None,Apartment,Residential,None
https://remax.com.eg/property/for-cash-sale-stunning-apartment-in-madinaty-b3-g34-106m-4451,3,2,106,"EGP 4,700,000",44339.62,"Madinaty - Cairo , Egypt",Cairo,Madinaty,None,Apartment,Residential,Sale
https://remax.com.eg/property/own-a-unique-apartment-in-madinaty-b7-group-73-96m-4457,2,2,96,"EGP 5,000,000",52083.33,"Madinaty - Cairo , Egypt",Cairo,Madinaty,None,Apartment,Residential,None
https://remax.com.eg/property/for-cash-sale-stunning-apartment-in-madinaty-b12-g124-107m-4450,3,2,107,"EGP 4,800,000",44859.81,"Madinaty - Cairo , Egypt",Cairo,Madinaty,None,Apartment,Residential,Sale
https://remax.com.eg/property/an-amazing-opportunity-for-lovers-of-peace-and-excellence-own-a-luxury-villa-in-madinaty-four-seasons-25-type-d3-4446,4,4,290,"EGP 35,065,550",120915.69,"Madinaty - Cairo , Egypt",Cairo,Madinaty,None,Apartment,Residential,None
https://remax.com.eg/property/own-a-premium-apartment-in-madinat-b11-116m-4456,3,2,116,"EGP 5,750,000",49568.97,"Madinaty - Cairo , Egypt",Cairo,Madinaty,None,Apartment,Residential,Sale
https://remax.com.eg/property/an-amazing-opportunity-for-lovers-of-peace-and-excellence-own-a-luxury-villa-in-madinaty-four-seasons-25-type-c3-4445,6,7,319,"EGP 41,020,970",128592.38,"Madinaty - Cairo , Egypt",Cairo,Madinaty,None,Apartment,Residential,None
https://remax.com.eg/property/own-or-invest-in-smart-city-noor-ground-floor-with-garden-122m-49m-4448,3,2,122,"EGP 6,104,340",50035.57,"Noor City - Cairo , Egypt",Cairo,Noor City,None,Apartment,Residential,None
https://remax.com.eg/property/for-sale-premium-apartment-in-madinat-b7-group-64-65m-4453,2,1,65,"EGP 3,600,000",55384.62,"Madinaty - Cairo , Egypt",Cairo,Madinaty,None,Apartment,Residential,Sale
https://remax.com.eg/property/for-sale-exceptional-apartment-in-b15-first-floor-madinaty-131m-4454,3,2,131,"EGP 6,650,000",50763.36,"Madinaty - Cairo , Egypt",Cairo,Madinaty,None,Apartment,Residential,Sale
https://remax.com.eg/property/chalet-for-sale-85-m-in-soly-coast-project-north-coast-4439,2,1,85,"EGP 1,350,000",15882.35,"Qesm Borg El Arab - North Coast , Egypt",North Coast,Qesm Borg El Arab,None,Apartment,Residential,Rent
https://remax.com.eg/property/chalet-for-sale-44-m-in-soly-coast-project-north-coast-4440,1,1,43,"EGP 760,000",17674.42,"Qesm Borg El Arab - North Coast , Egypt",North Coast,Qesm Borg El Arab,None,Apartment,Residential,Rent
https://remax.com.eg/property/for-rent-i-city-october-compound-mountain-view-developments-apartment-4431,3,3,155,"EGP 25,000",161.29,"6 October City - Giza , Egypt",Giza,6 October City,None,Apartment,Residential,Rent
https://remax.com.eg/property/finished-clinic-for-rent-in-hale-town-palm-hills-4437,3,1,78,"EGP 40,000",512.82,"6 October City - Giza , Egypt",Giza,6 October City,None,Apartment,Residential,Rent
https://remax.com.eg/property/for-rent-zed-elsheikh-zayed-ora-developments-apartment-167m-4430,3,2,167,"EGP 35,000",209.58,"Sheikh Zayed City - Giza , Egypt",Giza,Sheikh Zayed City,None,Apartment,Residential,Rent
https://remax.com.eg/property/fantastic-investment-opportunity-in-the-best-phases-of-madinaty-b8-g89-84m-garden-30m-4443,2,1,84,"EGP 4,460,510",53101.31,"Madinaty - Cairo , Egypt",Cairo,Madinaty,None,Apartment,Residential,None
https://remax.com.eg/property/furnished-penthouse-in-dream-land-long-terms-r-4424,2,2,130,"EGP 45,000",346.15,"6 October City - Giza , Egypt",Giza,6 October City,None,Apartment,Residential,Rent
https://remax.com.eg/property/own-or-invest-in-smart-city-noor-ground-floor-with-garden-165m-41m-4447,3,2,165,"EGP 9,193,970",55721.03,"Noor City - Cairo , Egypt",Cairo,Noor City,None,Apartment,Residential,None
https://remax.com.eg/property/for-lovers-of-tranquility-and-excellence-own-your-dream-villa-in-the-finest-location-type-e3-4442,5,5,266,"EGP 35,975,370",135245.75,"Madinaty - Cairo , Egypt",Cairo,Madinaty,None,Apartment,Residential,None
https://remax.com.eg/property/4000-m-land-for-sale-in-burj-al-arab-4441,None,None,None,None,None,None,None,None,None,None,Residential,Sale
https://remax.com.eg/property/furnished-ground-apartment-long-terms-dream-land-4423,2,3,155,"EGP 45,000",290.32,"6 October City - Giza , Egypt",Giza,6 October City,None,Apartment,Residential,Rent
https://remax.com.eg/property/for-rent-west-park-mall-clinic-4429,0,0,122,"EGP 36,000",295.08,"Sheikh Zayed City - Giza , Egypt",Giza,Sheikh Zayed City,None,Apartment,Residential,Rent
https://remax.com.eg/property/ready-to-move-apartment-for-sale-in-badya-4403,1,1,84,"EGP 3,025,000",36011.9,"Sheikh Zayed City - Giza , Egypt",Giza,Sheikh Zayed City,None,Apartment,Residential,Sale
https://remax.com.eg/property/for-sale-sky-ramp-compound-upwyde-developments-apartment-4396,2,2,133,"EGP 8,640,000",64962.41,"Sheikh Zayed City - Giza , Egypt",Giza,Sheikh Zayed City,None,Apartment,Residential,Sale
https://remax.com.eg/property/ground-apartment-with-garden-for-rent-in-el-yasmin-4404,3,2,230,"EGP 25,000",108.7,"6 October City - Giza , Egypt",Giza,6 October City,None,Apartment,Residential,Rent
https://remax.com.eg/property/for-rent-the-polygon-business-park-office-4426,0,0,135,"EGP 135,000",1000.0,"Sheikh Zayed City - Giza , Egypt",Giza,Sheikh Zayed City,None,Apartment,Residential,Rent
https://remax.com.eg/property/apartment-for-sale-in-o-west-prime-location-4402,1,1,71,"EGP 3,550,000",50000.0,"6 October City - Giza , Egypt",Giza,6 October City,None,Apartment,Residential,Sale
https://remax.com.eg/property/for-rent-the-polygon-business-park-office-4428,0,0,135,"EGP 135,000",1000.0,"Sheikh Zayed City - Giza , Egypt",Giza,Sheikh Zayed City,None,Apartment,Residential,Rent
https://remax.com.eg/property/for-sale-village-west-compound-dorra-developments-phase-1-apartment-4397,3,3,175,"EGP 11,031,747",63038.55,"Sheikh Zayed City - Giza , Egypt",Giza,Sheikh Zayed City,None,Apartment,Residential,Sale
https://remax.com.eg/property/apartment-with-garden-for-sale-in-badya-4418,3,3,160,"EGP 8,707,000",54418.75,"Sheikh Zayed City - Giza , Egypt",Giza,Sheikh Zayed City,None,Apartment,Residential,Sale
https://remax.com.eg/property/for-rent-kazan-plaza-mall-clinic-4425,2,1,55,"EGP 22,000",400.0,"Sheikh Zayed City - Giza , Egypt",Giza,Sheikh Zayed City,None,Apartment,Residential,Rent
https://remax.com.eg/property/apartment-with-sea-view-for-sale-117-m-new-alamein-north-edge-4416,2,2,117,"EGP 15,000,000",128205.13,"New Alamein City - North Coast , Egypt",North Coast,New Alamein City,None,Apartment,Residential,Rent
https://remax.com.eg/property/first-use-i-villa-garden-at-mv-october-park-4409,3,3,226,"EGP 45,000",199.12,"6 October City - Giza , Egypt",Giza,6 October City,None,Apartment,Residential,Rent
https://remax.com.eg/property/for-rent-west-park-mall-clinic-4427,0,0,122,"EGP 36,000",295.08,"6 October City - Giza , Egypt",Giza,6 October City,None,Apartment,Residential,Rent
https://remax.com.eg/property/for-sale-el-reem-residence-compound-quatro-villa-4388,4,4,210,"EGP 12,500,000",59523.81,"Sheikh Zayed City - Giza , Egypt",Giza,Sheikh Zayed City,None,Apartment,Residential,Sale
https://remax.com.eg/property/for-sale-joulz-compound-inertia-developments-phase-1-townhouse-middle-4394,4,5,330,"EGP 25,000,000",75757.58,"6 October City - Giza , Egypt",Giza,6 October City,None,Apartment,Residential,Sale
https://remax.com.eg/property/for-sale-village-west-compound-dorra-developments-phase-3-apartment-4399,2,2,123,"EGP 7,841,494",63751.98,"Sheikh Zayed City - Giza , Egypt",Giza,Sheikh Zayed City,None,Apartment,Residential,Sale
https://remax.com.eg/property/for-sale-jeera-compound-iwan-developments-phase-1-standalone-villa-4392,5,5,500,"EGP 56,500,000",113000.0,"Sheikh Zayed City - Giza , Egypt",Giza,Sheikh Zayed City,None,Apartment,Residential,Sale
https://remax.com.eg/property/60-m-shop-for-sale-in-al-baytash-main-4389,1,0,60,"EGP 7,250,000",120833.33,"Hay Al Agami - Alexandria , Egypt",Alexandria,Hay Al Agami,None,Apartment,Commercial,Sale
https://remax.com.eg/property/for-rent-el-reem-residence-compound-twin-house-4379,4,4,215,"EGP 80,000",372.09,"6 October City - Giza , Egypt",Giza,6 October City,None,Apartment,Residential,Rent
https://remax.com.eg/property/for-sale-joulz-compound-inertia-developments-phase-3-apartment-4381,3,3,195,"EGP 10,162,875",52117.31,"6 October City - Giza , Egypt",Giza,6 October City,None,Apartment,Residential,Sale
https://remax.com.eg/property/for-sale-i-city-october-compound-mountain-view-developments-phase-club-park-apartment-4395,2,2,105,"EGP 5,773,360",54984.38,"6 October City - Giza , Egypt",Giza,6 October City,None,Apartment,Residential,Sale
https://remax.com.eg/property/for-sale-zed-elsheikh-zayed-ora-developments-phase-1-apartment-4398,3,3,160,"EGP 11,500,000",71875.0,"Sheikh Zayed City - Giza , Egypt",Giza,Sheikh Zayed City,None,Apartment,Residential,Sale
https://remax.com.eg/property/for-sale-tawny-compound-hyde-park-developments-townhouse-middle-4382,3,4,246,"EGP 16,710,560",67929.11,"6 October City - Giza , Egypt",Giza,6 October City,None,Apartment,Residential,Sale
https://remax.com.eg/property/for-sale-tawny-compound-hyde-park-developments-townhouse-middle-4383,3,4,208,"EGP 17,000,000",81730.77,"6 October City - Giza , Egypt",Giza,6 October City,None,Apartment,Residential,Sale
https://remax.com.eg/property/for-sale-zed-elsheikh-zayed-ora-developments-phase-psr-apartment-4401,2,3,144,"EGP 16,422,000",114041.67,"Sheikh Zayed City - Giza , Egypt",Giza,Sheikh Zayed City,None,Apartment,Residential,Sale
https://remax.com.eg/property/apartment-120-m-for-rent-residential-or-administrative-stanley-steps-from-the-sea-4368,3,1,120,"EGP 18,000",150.0,"Hay Sharq - Alexandria , Egypt",Alexandria,Hay Sharq,None,Apartment,Residential,Rent
https://remax.com.eg/property/licensed-commercial-premises-for-sale-150-m-al-suyuf-4386,3,1,150,"EGP 4,600,000",30666.67,"Hay Awal El Montazah - Alexandria , Egypt",Alexandria,Hay Awal El Montazah,None,Apartment,Commercial,Sale
https://remax.com.eg/property/for-sale-zed-elsheikh-zayed-ora-developments-phase-psr-apartment-4358,2,3,144,"EGP 16,422,000",114041.67,"Sheikh Zayed City - Giza , Egypt",Giza,Sheikh Zayed City,None,Apartment,Residential,Sale
https://remax.com.eg/property/for-sale-el-reem-residence-compound-twin-house-4372,4,4,215,"EGP 20,000,000",93023.26,"Sheikh Zayed City - Giza , Egypt",Giza,Sheikh Zayed City,None,Apartment,Residential,Sale
https://remax.com.eg/property/for-sale-joulz-compound-inertia-developments-phase-1-standalone-villa-4373,4,3,346,"EGP 30,750,000",88872.83,"6 October City - Giza , Egypt",Giza,6 October City,None,Apartment,Residential,Sale
https://remax.com.eg/property/for-rent-the-address-compound-dorra-developments-apartment-4378,3,2,109,"EGP 45,000",412.84,"Sheikh Zayed City - Giza , Egypt",Giza,Sheikh Zayed City,None,Apartment,Residential,Rent
https://remax.com.eg/property/for-sale-sodic-medical-district-sodic-developments-clinic-4375,0,0,70,"EGP 8,800,000",125714.29,"Sheikh Zayed City - Giza , Egypt",Giza,Sheikh Zayed City,None,Apartment,Residential,Sale
https://remax.com.eg/property/apartment-for-sale-145-m-al-armen-street-first-line-from-the-sea-miami-4385,3,1,145,"EGP 3,500,000",24137.93,"Hay Awal El Montazah - Alexandria , Egypt",Alexandria,Hay Awal El Montazah,None,Apartment,Residential,Rent
https://remax.com.eg/property/for-sale-village-west-compound-dorra-developments-phase-1-apartment-4360,3,3,149,"EGP 11,531,000",77389.26,"Sheikh Zayed City - Giza , Egypt",Giza,Sheikh Zayed City,None,Apartment,Residential,Sale
https://remax.com.eg/property/for-sale-joulz-compound-inertia-developments-phase-3-townhouse-middle-4371,3,4,310,"EGP 11,275,000",36370.97,"6 October City - Giza , Egypt",Giza,6 October City,None,Apartment,Residential,Sale
https://remax.com.eg/property/for-rent-zed-elsheikh-zayed-ora-developments-apartment-100m-4376,2,2,100,"EGP 25,000",250.0,"Sheikh Zayed City - Giza , Egypt",Giza,Sheikh Zayed City,None,Apartment,Residential,Rent
https://remax.com.eg/property/for-sale-green-5-compound-mabany-edris-dvelopments-apartment-4365,3,3,205,"EGP 9,200,000",44878.05,"6 October City - Giza , Egypt",Giza,6 October City,None,Apartment,Residential,Sale
https://remax.com.eg/property/350-m-licensed-villa-for-sale-in-abu-youssef-ajami-4362,2,2,350,"EGP 2,300,000",6571.43,"Hay Al Agami - Alexandria , Egypt",Alexandria,Hay Al Agami,None,Apartment,Residential,Sale
https://remax.com.eg/property/for-sale-zed-elsheikh-zayed-ora-developments-phase-3-loft-4352,3,3,195,"EGP 16,083,206",82477.98,"Sheikh Zayed City - Giza , Egypt",Giza,Sheikh Zayed City,None,Apartment,Residential,Sale
https://remax.com.eg/property/for-sale-zed-elsheikh-zayed-ora-developments-phase-2-apartment-4346,3,3,182,"EGP 11,334,000",62274.73,"Sheikh Zayed City - Giza , Egypt",Giza,Sheikh Zayed City,None,Apartment,Residential,Sale
https://remax.com.eg/property/for-sale-zed-elsheikh-zayed-ora-developments-phase-3-apartment-4351,2,3,137,"EGP 11,588,000",84583.94,"Sheikh Zayed City - Giza , Egypt",Giza,Sheikh Zayed City,None,Apartment,Residential,Sale
https://remax.com.eg/property/for-sale-village-west-compound-dorra-developments-phase-1-apartment-4361,3,3,149,"EGP 10,195,284",68424.72,"Sheikh Zayed City - Giza , Egypt",Giza,Sheikh Zayed City,None,Apartment,Residential,Sale
https://remax.com.eg/property/for-sale-zed-elsheikh-zayed-ora-developments-studio-4345,1,1,75,"EGP 9,091,609",121221.45,"Sheikh Zayed City - Giza , Egypt",Giza,Sheikh Zayed City,None,Apartment,Residential,Sale
https://remax.com.eg/property/for-sale-zed-elsheikh-zayed-ora-developments-phase-3-apartment-4347,1,1,76,"EGP 5,408,200",71160.53,"Sheikh Zayed City - Giza , Egypt",Giza,Sheikh Zayed City,None,Apartment,Residential,Sale
https://remax.com.eg/property/for-sale-vye-compound-sodic-developments-apartment-4342,3,2,142,"EGP 13,186,000",92859.15,"Sheikh Zayed City - Giza , Egypt",Giza,Sheikh Zayed City,None,Apartment,Residential,Sale
https://remax.com.eg/property/for-sale-zed-elsheikh-zayed-ora-developments-phase-3-loft-4363,2,3,162,"EGP 14,816,000",91456.79,"Sheikh Zayed City - Giza , Egypt",Giza,Sheikh Zayed City,None,Apartment,Residential,Sale
https://remax.com.eg/property/for-sale-zed-elsheikh-zayed-ora-developments-phase-3-apartmen-4348,2,2,129,"EGP 11,774,000",91271.32,"Sheikh Zayed City - Giza , Egypt",Giza,Sheikh Zayed City,None,Apartment,Residential,Sale
https://remax.com.eg/property/for-sale-village-west-compound-dorra-developments-phase-3-apartment-4344,2,2,123,"EGP 7,841,494",63751.98,"Sheikh Zayed City - Giza , Egypt",Giza,Sheikh Zayed City,None,Apartment,Residential,Sale
https://remax.com.eg/property/for-sale-village-west-compound-dorra-developments-phase-1-apartment-4343,3,3,164,"EGP 12,881,000",78542.68,"Sheikh Zayed City - Giza , Egypt",Giza,Sheikh Zayed City,None,Apartment,Residential,Sale
https://remax.com.eg/property/for-sale-solana-west-compound-ora-developments-penthouse-4337,3,4,216,"EGP 17,803,000",82421.3,"Sheikh Zayed City - Giza , Egypt",Giza,Sheikh Zayed City,None,Apartment,Residential,Sale
https://remax.com.eg/property/for-sale-solana-west-compound-ora-developments-apartment-4338,3,3,178,"EGP 15,800,000",88764.04,"Sheikh Zayed City - Giza , Egypt",Giza,Sheikh Zayed City,None,Apartment,Residential,Sale
https://remax.com.eg/property/for-sale-the-crown-compound-palm-hills-developments-phase-2-standalone-villa-4318,3,4,220,"EGP 21,947,000",99759.09,"6 October City - Giza , Egypt",Giza,6 October City,None,Apartment,Residential,Sale
https://remax.com.eg/property/for-sale-west-hills-compound-inertia-developments-duplex-4322,4,3,285,"EGP 13,500,000",47368.42,"6 October City - Giza , Egypt",Giza,6 October City,None,Apartment,Residential,Sale
https://remax.com.eg/property/for-sale-the-crown-compound-palm-hills-developments-townhouse-middle-4319,3,3,212,"EGP 24,600,000",116037.74,"6 October City - Giza , Egypt",Giza,6 October City,None,Apartment,Residential,Sale
https://remax.com.eg/property/for-sale-upville-compound-wadi-el-nile-developments-duplex-4321,3,3,302,"EGP 11,000,000",36423.84,"6 October City - Giza , Egypt",Giza,6 October City,None,Apartment,Residential,Sale
https://remax.com.eg/property/for-sale-vye-compound-sodic-developments-phase-1-apartment-4341,3,2,143,"EGP 12,501,000",87419.58,"Sheikh Zayed City - Giza , Egypt",Giza,Sheikh Zayed City,None,Apartment,Residential,Sale
https://remax.com.eg/property/for-sale-solana-west-compound-ora-developments-apartment-4339,3,3,178,"EGP 15,123,000",84960.67,"Sheikh Zayed City - Giza , Egypt",Giza,Sheikh Zayed City,None,Apartment,Residential,Sale
https://remax.com.eg/property/for-sale-solana-west-compound-ora-developments-phase-1-townhouse-middle-4340,3,3,210,"EGP 18,182,000",86580.95,"Sheikh Zayed City - Giza , Egypt",Giza,Sheikh Zayed City,None,Apartment,Residential,Sale
https://remax.com.eg/property/for-sale-solana-west-compound-ora-developments-phase-1-duplex-4336,2,3,174,"EGP 14,900,317",85634.01,"Sheikh Zayed City - Giza , Egypt",Giza,Sheikh Zayed City,None,Apartment,Residential,Sale
https://remax.com.eg/property/80-m-commercial-shop-for-sale-in-the-main-saa-square-4326,0,1,80,"EGP 11,000,000",137500.0,"Hay Than El Montazah - Alexandria , Egypt",Alexandria,Hay Than El Montazah,None,Apartment,Commercial,Rent
https://remax.com.eg/property/for-sale-zayed-heights-compound-apartment-4329,3,3,235,"EGP 5,100,000",21702.13,"Sheikh Zayed City - Giza , Egypt",Giza,Sheikh Zayed City,None,Apartment,Residential,Sale
https://remax.com.eg/property/for-sale-owest-compound-orascom-developments-phase-club-residence-apartment-4302,2,2,116,"EGP 7,035,173",60648.04,"6 October City - Giza , Egypt",Giza,6 October City,None,Apartment,Residential,Sale
https://remax.com.eg/property/for-sale-west-leaves-compound-el-attal-developments-apartment-4324,2,2,105,"EGP 6,000,000",57142.86,"6 October City - Giza , Egypt",Giza,6 October City,None,Apartment,Residential,Sale
https://remax.com.eg/property/for-sale-swan-lake-west-compound-hassan-allam-developments-phase-monos-apartment-4310,3,3,199,"EGP 21,000,000",105527.64,"6 October City - Giza , Egypt",Giza,6 October City,None,Apartment,Residential,Sale
https://remax.com.eg/property/for-sale-nyoum-october-compound-arab-developers-holding-phase-1-apartment-4299,2,2,94,"EGP 2,500,000",26595.74,"6 October City - Giza , Egypt",Giza,6 October City,None,Apartment,Residential,Sale
https://remax.com.eg/property/for-sale-west-hills-compound-inertia-developments-duplex-4323,4,3,285,"EGP 13,500,000",47368.42,"6 October City - Giza , Egypt",Giza,6 October City,None,Apartment,Residential,Sale
https://remax.com.eg/property/for-sale-palm-parks-compound-palm-hills-developments-apartment-4303,3,3,170,"EGP 13,765,000",80970.59,"6 October City - Giza , Egypt",Giza,6 October City,None,Apartment,Residential,Sale
https://remax.com.eg/property/for-sale-owest-compound-orascom-developments-phase-tulwa-penthouse-4301,3,5,183,"EGP 14,975,000",81830.6,"6 October City - Giza , Egypt",Giza,6 October City,None,Apartment,Residential,Sale
https://remax.com.eg/property/for-sale-sky-ramp-compound-upwyde-developments-apartment-4312,2,2,129,"EGP 8,629,250",66893.41,"Sheikh Zayed City - Giza , Egypt",Giza,Sheikh Zayed City,None,Apartment,Residential,Sale
https://remax.com.eg/property/for-sale-patio-zayed-compound-lavista-developments-twin-house-4305,3,3,220,"EGP 20,200,000",91818.18,"Sheikh Zayed City - Giza , Egypt",Giza,Sheikh Zayed City,None,Apartment,Residential,Sale
https://remax.com.eg/property/for-sale-keeva-compound-al-ahly-sabbour-developments-phase-1-townhouse-corner-4293,3,4,225,"EGP 11,000,000",48888.89,"6 October City - Giza , Egypt",Giza,6 October City,None,Apartment,Residential,Sale
https://remax.com.eg/property/for-sale-palm-parks-compound-palm-hills-developments-apartment-4304,3,3,170,"EGP 15,000,000",88235.29,"6 October City - Giza , Egypt",Giza,6 October City,None,Apartment,Residential,Sale
https://remax.com.eg/property/for-sale-tawny-compound-hyde-park-developments-townhouse-middle-4317,3,4,246,"EGP 16,710,560",67929.11,"6 October City - Giza , Egypt",Giza,6 October City,None,Apartment,Residential,Sale
https://remax.com.eg/property/for-sale-joulz-compound-inertia-developments-phase-3-townhouse-corner-4289,3,5,302,"EGP 14,606,250",48365.07,"6 October City - Giza , Egypt",Giza,6 October City,None,Apartment,Residential,Sale
https://remax.com.eg/property/for-sale-brix-compound-inertia-developments-apartment-4276,2,3,178,"EGP 10,668,000",59932.58,"6 October City - Giza , Egypt",Giza,6 October City,None,Apartment,Residential,Sale
https://remax.com.eg/property/for-sale-family-land-compound-rehab-october-developments-phase-1-apartment-4280,3,3,185,"EGP 5,500,000",29729.73,"6 October City - Giza , Egypt",Giza,6 October City,None,Apartment,Residential,Sale
https://remax.com.eg/property/apartment-for-sale-in-badya-palm-hills-4267,3,3,175,"EGP 5,400,000",30857.14,"Sheikh Zayed City - Giza , Egypt",Giza,Sheikh Zayed City,None,Apartment,Residential,Sale
https://remax.com.eg/property/for-sale-green-5-compound-mabany-edris-developments-apartment-4281,3,3,205,"EGP 9,200,000",44878.05,"6 October City - Giza , Egypt",Giza,6 October City,None,Apartment,Residential,Sale
https://remax.com.eg/property/for-sale-opera-city-compound-apartment-4300,3,1,131,"EGP 4,800,000",36641.22,"Sheikh Zayed City - Giza , Egypt",Giza,Sheikh Zayed City,None,Apartment,Residential,Sale
https://remax.com.eg/property/for-sale-joulz-compound-inertia-developments-phase-1-apartment-4285,2,3,137,"EGP 8,100,000",59124.09,"6 October City - Giza , Egypt",Giza,6 October City,None,Apartment,Residential,Sale
https://remax.com.eg/property/twin-house-for-rent-at-mountain-view-october-park-4268,4,4,300,"EGP 55,000",183.33,"6 October City - Giza , Egypt",Giza,6 October City,None,Apartment,Residential,Rent
https://remax.com.eg/property/for-sale-el-khamayl-compound-phase-3-penthouse-4284,4,4,260,"EGP 10,770,000",41423.08,"Sheikh Zayed City - Giza , Egypt",Giza,Sheikh Zayed City,None,Apartment,Residential,Sale
https://remax.com.eg/property/for-sale-el-khamayl-compound-phase-3-apartment-4283,3,2,153,"EGP 8,150,000",53267.97,"Sheikh Zayed City - Giza , Egypt",Giza,Sheikh Zayed City,None,Apartment,Residential,Sale
https://remax.com.eg/property/for-sale-cleopatra-square-compound-cleopatra-developments-cleo-villa-4278,3,5,325,"EGP 16,260,000",50030.77,"6 October City - Giza , Egypt",Giza,6 October City,None,Apartment,Residential,Sale
https://remax.com.eg/property/for-sale-kayan-compound-badreldin-developments-phase-3-apartment-4291,3,2,130,"EGP 7,328,453",56372.72,"Sheikh Zayed City - Giza , Egypt",Giza,Sheikh Zayed City,None,Apartment,Residential,Sale
https://remax.com.eg/property/for-sale-axis-compound-iwan-developments-apartment-4273,3,3,188,"EGP 6,763,000",35973.4,"6 October City - Giza , Egypt",Giza,6 October City,None,Apartment,Residential,Sale
https://remax.com.eg/property/for-rent-zayed-regency-compound-apartment-150m-4259,2,3,150,"EGP 45,000",300.0,"Sheikh Zayed City - Giza , Egypt",Giza,Sheikh Zayed City,None,Apartment,Residential,Rent
https://remax.com.eg/property/for-rent-grand-heights-compound-kuwadico-developments-standalone-villa-350m-4262,5,5,350,"EGP 80,000",228.57,"6 October City - Giza , Egypt",Giza,6 October City,None,Apartment,Residential,Rent
https://remax.com.eg/property/for-rent-royal-hills-compound-standalone-villa-1000m-4263,7,7,1000,"EGP 7,000",7.0,"6 October City - Giza , Egypt",Giza,6 October City,None,Apartment,Residential,Rent
https://remax.com.eg/property/for-sale-belle-vie-compound-emaar-developments-standalone-villa-4274,3,5,309,"EGP 48,078,000",155592.23,"Sheikh Zayed City - Giza , Egypt",Giza,Sheikh Zayed City,None,Apartment,Residential,Sale
https://remax.com.eg/property/for-rent-janna-zayed-1-compound-apartment-115m-4261,2,1,115,"EGP 35,000",304.35,"Sheikh Zayed City - Giza , Egypt",Giza,Sheikh Zayed City,None,Apartment,Residential,Rent
https://remax.com.eg/property/for-rent-hadayek-elmohandiseen-compound-doraa-developments-112m-4254,2,2,112,"EGP 27,000",241.07,"Sheikh Zayed City - Giza , Egypt",Giza,Sheikh Zayed City,None,Apartment,Residential,Rent
https://remax.com.eg/property/for-rent-el-khamayl-compound-phase-3-apartment-150m-4253,3,3,150,"EGP 35,000",233.33,"Sheikh Zayed City - Giza , Egypt",Giza,Sheikh Zayed City,None,Apartment,Residential,Rent
https://remax.com.eg/property/for-rent-mina-garden-city-compound-townhouse-middle-227m-4265,3,3,227,"EGP 50,000",220.26,"6 October City - Giza , Egypt",Giza,6 October City,None,Apartment,Residential,Rent
https://remax.com.eg/property/for-rent-el-karma-4-compound-el-karma-developments-twin-house-340m-4264,4,5,340,"EGP 200,000",588.24,"Sheikh Zayed City - Giza , Egypt",Giza,Sheikh Zayed City,None,Apartment,Residential,Rent
https://remax.com.eg/property/for-rent-dar-misr-16-compound-apartment-115m-4252,3,2,115,"EGP 35,000",304.35,"Sheikh Zayed City - Giza , Egypt",Giza,Sheikh Zayed City,None,Apartment,Residential,Rent
https://remax.com.eg/property/for-rent-zayed-regency-compound-apartment-123m-4260,3,3,123,"EGP 50,000",406.5,"Sheikh Zayed City - Giza , Egypt",Giza,Sheikh Zayed City,None,Apartment,Residential,Rent
https://remax.com.eg/property/furnished-studio-for-rent-in-courtyard-sodic-4235,1,1,30,"EGP 23,000",766.67,"Sheikh Zayed City - Giza , Egypt",Giza,Sheikh Zayed City,None,Apartment,Residential,Rent
https://remax.com.eg/property/for-rent-opera-city-compound-apartment-126m-4256,3,1,126,"EGP 30,000",238.1,"Sheikh Zayed City - Giza , Egypt",Giza,Sheikh Zayed City,None,Apartment,Residential,Rent
https://remax.com.eg/property/for-rent-rawdet-zayed-compound-apartment-74m-4258,2,1,74,"EGP 19,000",256.76,"Sheikh Zayed City - Giza , Egypt",Giza,Sheikh Zayed City,None,Apartment,Residential,Rent
https://remax.com.eg/property/great-opportunity-brandy-shop-in-grey-square-mall-4247,0,0,140,"EGP 55,000",392.86,"6 October City - Giza , Egypt",Giza,6 October City,None,Apartment,Commercial,Rent
https://remax.com.eg/property/prime-location-office-in-the-heart-of-palm-hills-4230,0,2,650,"EGP 650,000",1000.0,"6 October City - Giza , Egypt",Giza,6 October City,None,Apartment,Residential,Rent
https://remax.com.eg/property/for-rent-aeon-towers-marakez-developments-studio-56m-4249,1,1,56,"EGP 55,000",982.14,"6 October City - Giza , Egypt",Giza,6 October City,None,Apartment,Residential,Rent
https://remax.com.eg/property/prime-location-shop-in-the-heart-of-palm-hills-4231,0,2,350,"EGP 525,000",1500.0,"6 October City - Giza , Egypt",Giza,6 October City,None,Apartment,Commercial,Rent
https://remax.com.eg/property/prime-location-office-in-the-heart-of-palm-hills-4232,0,2,350,"EGP 350,000",1000.0,"Sheikh Zayed City - Giza , Egypt",Giza,Sheikh Zayed City,None,Apartment,Residential,Rent
https://remax.com.eg/property/for-rent-palm-parks-compound-apartment-239m-4257,3,3,239,"EGP 60,000",251.05,"6 October City - Giza , Egypt",Giza,6 October City,None,Apartment,Residential,Rent
https://remax.com.eg/property/for-rent-zayed-regency-compound-studio-37m-4250,1,1,37,"EGP 18,000",486.49,"Sheikh Zayed City - Giza , Egypt",Giza,Sheikh Zayed City,None,Apartment,Residential,Rent
https://remax.com.eg/property/prime-location-clinic-in-twin-towers-sheikh-zayed-4240,0,2,150,"EGP 125,000",833.33,"Sheikh Zayed City - Giza , Egypt",Giza,Sheikh Zayed City,None,Apartment,Residential,Rent
https://remax.com.eg/property/resale-finished-penthouse-in-kayan-compound-4228,2,1,90,"EGP 5,500,000",61111.11,"Sheikh Zayed City - Giza , Egypt",Giza,Sheikh Zayed City,None,Apartment,Residential,Sale
https://remax.com.eg/property/for-rent-west-gate-mall-gates-developments-shop-4223,0,0,51,"EGP 60,000",1176.47,"6 October City - Giza , Egypt",Giza,6 October City,None,Apartment,Residential,Rent
https://remax.com.eg/property/for-rent-the-polygon-business-park-office-4220,0,0,168,"EGP 168,000",1000.0,"Sheikh Zayed City - Giza , Egypt",Giza,Sheikh Zayed City,None,Apartment,Residential,Rent
https://remax.com.eg/property/for-rent-sodic-medical-district-sodic-developments-clinic-4215,0,0,57,"EGP 28,000",491.23,"Sheikh Zayed City - Giza , Egypt",Giza,Sheikh Zayed City,None,Apartment,Residential,Rent
https://remax.com.eg/property/for-rent-west-gate-mall-gates-developments-shop-4224,0,0,57,"EGP 45,000",789.47,"6 October City - Giza , Egypt",Giza,6 October City,None,Apartment,Residential,Rent
https://remax.com.eg/property/for-rent-walk-of-cairo-sodic-developments-shop-4222,0,0,100,"EGP 80,000",800.0,"Sheikh Zayed City - Giza , Egypt",Giza,Sheikh Zayed City,None,Apartment,Residential,Rent
https://remax.com.eg/property/for-rent-the-courtyard-business-park-dorra-group-developments-office-4218,5,2,237,"EGP 150,000",632.91,"Sheikh Zayed City - Giza , Egypt",Giza,Sheikh Zayed City,None,Apartment,Residential,Rent
https://remax.com.eg/property/penthouse-for-sale-in-garden-hills-4206,3,2,200,"EGP 5,000,000",25000.0,"6 October City - Giza , Egypt",Giza,6 October City,None,Apartment,Residential,Sale
https://remax.com.eg/property/for-rent-the-portal-sodic-developments-office-4226,0,0,341,"EGP 250,000",733.14,"Sheikh Zayed City - Giza , Egypt",Giza,Sheikh Zayed City,None,Apartment,Residential,Rent
https://remax.com.eg/property/for-rent-the-polygon-business-park-office-4219,0,0,78,"EGP 78,000",1000.0,"Sheikh Zayed City - Giza , Egypt",Giza,Sheikh Zayed City,None,Apartment,Residential,Rent
https://remax.com.eg/property/for-rent-west-gate-mall-gates-developments-shop-4225,0,0,67,"EGP 60,000",895.52,"6 October City - Giza , Egypt",Giza,6 October City,None,Apartment,Residential,Rent
https://remax.com.eg/property/for-rent-walk-of-cairo-sodic-developments-shop-4221,0,0,96,"EGP 150,000",1562.5,"Sheikh Zayed City - Giza , Egypt",Giza,Sheikh Zayed City,None,Apartment,Residential,Rent
https://remax.com.eg/property/for-rent-sodic-west-medical-district-sodic-developments-clinic-4214,0,0,55,"EGP 28,000",509.09,"Sheikh Zayed City - Giza , Egypt",Giza,Sheikh Zayed City,None,Apartment,Residential,Rent
https://remax.com.eg/property/for-sale-walk-of-cairo-sodic-developments-shop-4200,0,0,100,"EGP 18,000,000",180000.0,"6 October City - Giza , Egypt",Giza,6 October City,None,Apartment,Residential,Sale
https://remax.com.eg/property/for-rent-hale-town-palm-hills-developments-clinic-4210,0,0,52,"EGP 29,000",557.69,"Sheikh Zayed City - Giza , Egypt",Giza,Sheikh Zayed City,None,Apartment,Residential,Rent
https://remax.com.eg/property/licensed-apartment-155-m-for-sale-in-mandara-4209,3,1,155,"EGP 3,000,000",19354.84,"Hay Than El Montazah - Alexandria , Egypt",Alexandria,Hay Than El Montazah,None,Apartment,Residential,Sale
https://remax.com.eg/property/for-rent-sodic-medical-district-sodic-developments-clinic-4213,0,0,70,"EGP 35,000",500.0,"Sheikh Zayed City - Giza , Egypt",Giza,Sheikh Zayed City,None,Apartment,Residential,Rent
https://remax.com.eg/property/for-rent-kazan-mall-clinic-4212,0,0,55,"EGP 22,000",400.0,"Sheikh Zayed City - Giza , Egypt",Giza,Sheikh Zayed City,None,Apartment,Residential,Rent
https://remax.com.eg/property/for-sale-the-portal-sodic-developments-office-4199,0,0,133,"EGP 19,500,000",146616.54,"Sheikh Zayed City - Giza , Egypt",Giza,Sheikh Zayed City,None,Apartment,Residential,Sale
https://remax.com.eg/property/for-sale-west-gate-mall-gates-developments-shop-4202,0,0,67,"EGP 14,350,000",214179.1,"6 October City - Giza , Egypt",Giza,6 October City,None,Apartment,Residential,Sale
https://remax.com.eg/property/for-sale-prive-mall-gates-developments-shop-4190,0,0,83,"EGP 16,343,500",196909.64,"Sheikh Zayed City - Giza , Egypt",Giza,Sheikh Zayed City,None,Apartment,Residential,Sale
https://remax.com.eg/property/for-rent-kargo-mall-kargo-developments-office-4211,0,0,53,"EGP 32,000",603.77,"Sheikh Zayed City - Giza , Egypt",Giza,Sheikh Zayed City,None,Apartment,Residential,Rent
https://remax.com.eg/property/for-sale-west-gate-mall-gates-developments-shop-4201,0,0,57,"EGP 12,815,000",224824.56,"6 October City - Giza , Egypt",Giza,6 October City,None,Apartment,Residential,Sale
https://remax.com.eg/property/for-rent-downtown-mall-clinic-4208,0,0,60,"EGP 32,000",533.33,"Sheikh Zayed City - Giza , Egypt",Giza,Sheikh Zayed City,None,Apartment,Residential,Rent
https://remax.com.eg/property/for-rent-beverly-hills-sodic-developments-office-4207,3,2,110,"EGP 40,000",363.64,"Sheikh Zayed City - Giza , Egypt",Giza,Sheikh Zayed City,None,Apartment,Residential,Rent
https://remax.com.eg/property/for-sale-the-polygon-business-park-office-4197,0,0,135,"EGP 16,200,000",120000.0,"Sheikh Zayed City - Giza , Egypt",Giza,Sheikh Zayed City,None,Apartment,Residential,Sale
https://remax.com.eg/property/for-sale-360-health-medical-centre-west-way-developments-phase-1-clinic-4184,0,0,26,"EGP 2,637,800",101453.85,"Sheikh Zayed City - Giza , Egypt",Giza,Sheikh Zayed City,None,Apartment,Residential,Sale
https://remax.com.eg/property/for-sale-terrace-hdp-developments-clinic-4193,0,0,44,"EGP 5,414,060",123046.82,"Sheikh Zayed City - Giza , Egypt",Giza,Sheikh Zayed City,None,Apartment,Residential,Sale
https://remax.com.eg/property/for-sale-the-polygon-business-park-office-4196,0,0,168,"EGP 20,160,000",120000.0,"Sheikh Zayed City - Giza , Egypt",Giza,Sheikh Zayed City,None,Apartment,Residential,Sale
https://remax.com.eg/property/for-sale-sky-ramp-upwyde-developments-office-4191,0,0,37,"EGP 5,597,320",151278.92,"Sheikh Zayed City - Giza , Egypt",Giza,Sheikh Zayed City,None,Apartment,Residential,Sale
https://remax.com.eg/property/for-sale-dejoya-plaza-taj-misr-developments-shop-4186,0,0,31,"EGP 13,330,625",430020.16,"Sheikh Zayed City - Giza , Egypt",Giza,Sheikh Zayed City,None,Apartment,Residential,Sale
https://remax.com.eg/property/for-sale-the-polygon-business-park-building-x-office-4198,0,0,129,"EGP 21,000,000",162790.7,"Sheikh Zayed City - Giza , Egypt",Giza,Sheikh Zayed City,None,Apartment,Residential,Sale
https://remax.com.eg/property/for-sale-ever-west-cred-developments-clinic-4187,0,0,36,"EGP 5,331,368",148093.56,"6 October City - Giza , Egypt",Giza,6 October City,None,Apartment,Residential,Sale
https://remax.com.eg/property/for-sale-karma-4-mall-badr-eldin-developments-office-4188,0,0,40,"EGP 3,350,000",83750.0,"Sheikh Zayed City - Giza , Egypt",Giza,Sheikh Zayed City,None,Apartment,Residential,Sale
https://remax.com.eg/property/for-sale-space-mall-gates-developments-office-4192,0,0,50,"EGP 5,176,400",103528.0,"Sheikh Zayed City - Giza , Egypt",Giza,Sheikh Zayed City,None,Apartment,Residential,Sale
https://remax.com.eg/property/for-sale-the-courtyard-business-park-dorra-group-developments-office-4194,5,2,237,"EGP 21,000,000",88607.59,"Sheikh Zayed City - Giza , Egypt",Giza,Sheikh Zayed City,None,Apartment,Residential,Sale
https://remax.com.eg/property/for-sale-the-polygon-business-park-office-4195,0,0,78,"EGP 9,360,000",120000.0,"Sheikh Zayed City - Giza , Egypt",Giza,Sheikh Zayed City,None,Apartment,Residential,Sale
https://remax.com.eg/property/prime-location-ground-shop-in-west-gate-october-4152,0,0,120,"EGP 100,000",833.33,"6 October City - Giza , Egypt",Giza,6 October City,None,Apartment,Commercial,Rent
https://remax.com.eg/property/apartment-for-sale-160-m-in-bianchi-branching-from-al-baytash-al-ajami-4176,3,2,160,"EGP 1,500,000",9375.0,"Hay Al Agami - Alexandria , Egypt",Alexandria,Hay Al Agami,None,Apartment,Residential,Rent
https://remax.com.eg/property/apartment-for-rent-kitchen-and-acs-in-six-west-4177,3,3,165,"EGP 45,000",272.73,"Sheikh Zayed City - Giza , Egypt",Giza,Sheikh Zayed City,None,Apartment,Residential,Rent
https://remax.com.eg/property/ready-to-move-apartment-for-sale-in-badya-4167,2,3,147,"EGP 4,600,000",31292.52,"Sheikh Zayed City - Giza , Egypt",Giza,Sheikh Zayed City,None,Apartment,Residential,Sale
https://remax.com.eg/property/apartment-with-installments-palm-parks-palm-hills-4181,2,1,90,"EGP 7,000,000",77777.78,"6 October City - Giza , Egypt",Giza,6 October City,None,Apartment,Residential,Sale
https://remax.com.eg/property/exclusive-prime-location-shop-in-centrada-plaza-4149,0,0,44,"EGP 53,000",1204.55,"6 October City - Giza , Egypt",Giza,6 October City,None,Apartment,Residential,Rent
https://remax.com.eg/property/ground-apartment-for-sale-in-village-west-4178,2,2,123,"EGP 7,500,000",60975.61,"Sheikh Zayed City - Giza , Egypt",Giza,Sheikh Zayed City,None,Apartment,Residential,Sale
https://remax.com.eg/property/apartment-100-m-for-sale-3-numbers-from-iskandar-ibrahim-street-miami-4159,2,1,100,"EGP 1,800,000",18000.0,"Hay Awal El Montazah - Alexandria , Egypt",Alexandria,Hay Awal El Montazah,None,Apartment,Residential,Rent
https://remax.com.eg/property/for-sale-the-crown-compound-palm-hills-developments-standalone-villa-4162,3,5,225,"EGP 24,359,000",108262.22,"6 October City - Giza , Egypt",Giza,6 October City,None,Apartment,Residential,Sale
https://remax.com.eg/property/exclusive-finished-shop-in-west-gate-mall-4150,0,0,40,"EGP 30,000",750.0,"6 October City - Giza , Egypt",Giza,6 October City,None,Apartment,Commercial,Rent
https://remax.com.eg/property/commercial-shop-for-rent-in-west-gate-mall-october-4151,0,0,36,"EGP 22,000",611.11,"6 October City - Giza , Egypt",Giza,6 October City,None,Apartment,Commercial,Rent
https://remax.com.eg/property/apartment-for-sale-185-m-ibrahimia-lagetieh-street-4171,3,1,185,"EGP 4,200,000",22702.7,"Hay Wasat - Alexandria , Egypt",Alexandria,Hay Wasat,None,Apartment,Residential,Sale
https://remax.com.eg/property/fully-furnished-studio-for-rent-in-nyoum-compound-4133,1,1,60,"EGP 13,000",216.67,"6 October City - Giza , Egypt",Giza,6 October City,None,Apartment,Residential,Rent
https://remax.com.eg/property/apartment-for-rent-in-the-address-compound-4145,2,1,105,"EGP 25,000",238.1,"Sheikh Zayed City - Giza , Egypt",Giza,Sheikh Zayed City,None,Apartment,Residential,Rent
https://remax.com.eg/property/for-sale-palm-parks-compound-palm-hills-developments-phase-extension-apartment-4109,2,1,92,"EGP 7,391,200",80339.13,"6 October City - Giza , Egypt",Giza,6 October City,None,Apartment,Residential,Sale
https://remax.com.eg/property/apartment-for-sale-145-m-iskandar-ibrahim-main-floor-with-a-clear-sea-view-4131,3,2,145,"EGP 4,600,000",31724.14,"Hay Awal El Montazah - Alexandria , Egypt",Alexandria,Hay Awal El Montazah,None,Apartment,Residential,Rent
https://remax.com.eg/property/apartment-140-m-for-sale-maamoura-beach-4140,2,1,140,"EGP 7,500,000",53571.43,"Hay Than El Montazah - Alexandria , Egypt",Alexandria,Hay Than El Montazah,None,Apartment,Residential,Sale
https://remax.com.eg/property/apartment-150-m-for-sale-al-mandara-al-nabawy-al-mohandes-street-4118,3,2,150,"EGP 2,100,000",14000.0,"Hay Than El Montazah - Alexandria , Egypt",Alexandria,Hay Than El Montazah,None,Apartment,Residential,Rent
https://remax.com.eg/property/finished-apartment-for-sale-in-the-4th-touristic-4153,4,4,300,"EGP 8,600,000",28666.67,"6 October City - Giza , Egypt",Giza,6 October City,None,Apartment,Residential,Sale
https://remax.com.eg/property/for-sale-icity-october-compound-mountain-view-developments-i-villa-4125,3,3,210,"EGP 8,400,000",40000.0,"6 October City - Giza , Egypt",Giza,6 October City,None,Apartment,Residential,Sale
https://remax.com.eg/property/apartment-for-sale-160-m-second-number-from-al-eisawi-main-road-4127,3,2,160,"EGP 2,600,000",16250.0,"Hay Awal El Montazah - Alexandria , Egypt",Alexandria,Hay Awal El Montazah,None,Apartment,Residential,Sale
https://remax.com.eg/property/apartment-150-m-for-sale-in-mandara-gamal-abdel-nasser-directly-4139,3,1,150,"EGP 4,500,000",30000.0,"Hay Than El Montazah - Alexandria , Egypt",Alexandria,Hay Than El Montazah,None,Apartment,Residential,Sale
https://remax.com.eg/property/ground-shop-for-rent-at-west-gate-mal-4142,0,0,161,"EGP 100,000",621.12,"6 October City - Giza , Egypt",Giza,6 October City,None,Apartment,Commercial,Rent
https://remax.com.eg/property/apartment-for-sale-100-m-directly-on-the-jehan-roundabout-4122,2,1,100,"EGP 2,000,000",20000.0,"Hay Awal El Montazah - Alexandria , Egypt",Alexandria,Hay Awal El Montazah,None,Apartment,Commercial,Sale
https://remax.com.eg/property/for-sale-promenade-compound-al-waly-urban-development-apartment-4107,3,3,145,"EGP 5,637,500",38879.31,"6 October City - Giza , Egypt",Giza,6 October City,None,Apartment,Residential,Sale
https://remax.com.eg/property/for-sale-royal-meadows-compound-arco-developments-twin-house-4099,3,4,215,"EGP 17,000,000",79069.77,"Sheikh Zayed City - Giza , Egypt",Giza,Sheikh Zayed City,None,Apartment,Residential,Sale
https://remax.com.eg/property/for-sale-owest-compound-orascom-developments-phase-core-apartment-4111,1,1,77,"EGP 5,000,000",64935.06,"6 October City - Giza , Egypt",Giza,6 October City,None,Apartment,Residential,Sale
https://remax.com.eg/property/for-sale-palm-parks-compound-palm-hills-developments-penthouse-4110,3,4,280,"EGP 30,750,000",109821.43,"6 October City - Giza , Egypt",Giza,6 October City,None,Apartment,Residential,Sale
https://remax.com.eg/property/for-sale-solana-west-compound-ora-developments-phase-2-penthouse-4090,3,4,195,"EGP 19,153,000",98220.51,"Sheikh Zayed City - Giza , Egypt",Giza,Sheikh Zayed City,None,Apartment,Residential,Sale
https://remax.com.eg/property/for-sale-opera-city-compound-hdp-developments-apartment-4113,3,1,122,"EGP 3,300,000",27049.18,"Sheikh Zayed City - Giza , Egypt",Giza,Sheikh Zayed City,None,Apartment,Residential,Sale
https://remax.com.eg/property/for-sale-october-park-compound-mountain-view-developments-townhouse-middle-4115,3,4,210,"EGP 17,648,490",84040.43,"6 October City - Giza , Egypt",Giza,6 October City,None,Apartment,Residential,Sale
https://remax.com.eg/property/for-sale-rawdet-zayed-compound-apartment-4100,2,1,70,"EGP 3,075,000",43928.57,"Sheikh Zayed City - Giza , Egypt",Giza,Sheikh Zayed City,None,Apartment,Residential,Sale
https://remax.com.eg/property/for-sale-promenade-compound-al-waly-urban-developments-penthouse-4102,4,3,240,"EGP 8,000,000",33333.33,"6 October City - Giza , Egypt",Giza,6 October City,None,Apartment,Residential,Sale
https://remax.com.eg/property/for-sale-solana-west-compound-ora-developments-duplex-4091,2,3,174,"EGP 14,399,000",82752.87,"Sheikh Zayed City - Giza , Egypt",Giza,Sheikh Zayed City,None,Apartment,Residential,Sale
https://remax.com.eg/property/for-sale-owest-compound-orascom-developments-phase-core-apartment-4112,1,1,77,"EGP 5,000,000",64935.06,"6 October City - Giza , Egypt",Giza,6 October City,None,Apartment,Residential,Sale
https://remax.com.eg/property/for-sale-october-plaza-compound-sodic-developments-apartment-4114,3,3,225,"EGP 11,250,000",50000.0,"6 October City - Giza , Egypt",Giza,6 October City,None,Apartment,Residential,Sale
https://remax.com.eg/property/for-sale-marakesh-compound-beyanki-developments-standalone-villa-4096,4,4,358,"EGP 18,000,000",50279.33,"Sheikh Zayed City - Giza , Egypt",Giza,Sheikh Zayed City,None,Apartment,Residential,Sale
https://remax.com.eg/property/for-sale-sun-capital-compound-arabia-holding-developments-apartment-4081,2,2,108,"EGP 3,400,000",31481.48,"6 October City - Giza , Egypt",Giza,6 October City,None,Apartment,Residential,Sale
https://remax.com.eg/property/for-sale-sama-zayed-compound-twin-house-4098,4,4,300,"EGP 27,675,000",92250.0,"Sheikh Zayed City - Giza , Egypt",Giza,Sheikh Zayed City,None,Apartment,Residential,Sale
https://remax.com.eg/property/for-sale-kayan-compound-badreldin-developments-phase-2-townhouse-middle-4093,4,4,200,"EGP 11,215,000",56075.0,"Sheikh Zayed City - Giza , Egypt",Giza,Sheikh Zayed City,None,Apartment,Residential,Sale
https://remax.com.eg/property/for-sale-solana-west-compound-ora-developments-phase-1-standalone-villa-4092,3,4,240,"EGP 29,000,000",120833.33,"Sheikh Zayed City - Giza , Egypt",Giza,Sheikh Zayed City,None,Apartment,Residential,Sale
https://remax.com.eg/property/for-sale-joulz-compound-inertia-developments-phase-3-townhouse-middle-4088,3,5,310,"EGP 14,353,000",46300.0,"6 October City - Giza , Egypt",Giza,6 October City,None,Apartment,Residential,Sale
https://remax.com.eg/property/for-sale-italian-square-compound-mousa-coast-developments-apartment-4075,2,1,85,"EGP 2,050,000",24117.65,"6 October City - Giza , Egypt",Giza,6 October City,None,Apartment,Residential,Sale
https://remax.com.eg/property/for-sale-i-city-october-compound-mountain-view-developments-phase-lagoon-apartment-4071,3,3,175,"EGP 10,121,000",57834.29,"Sheikh Zayed City - Giza , Egypt",Giza,Sheikh Zayed City,None,Apartment,Residential,Sale
https://remax.com.eg/property/for-sale-i-city-october-compound-mountain-view-developments-phase-lagoon-apartment-4072,3,3,185,"EGP 10,529,000",56913.51,"Sheikh Zayed City - Giza , Egypt",Giza,Sheikh Zayed City,None,Apartment,Residential,Sale
https://remax.com.eg/property/for-sale-i-city-october-compound-mountain-view-developments-phase-mountain-park-i-villa-roof-4074,3,3,190,"EGP 8,902,458",46855.04,"Sheikh Zayed City - Giza , Egypt",Giza,Sheikh Zayed City,None,Apartment,Residential,Sale
https://remax.com.eg/property/for-sale-joulz-compound-inertia-developments-phase-1-apartment-4086,3,3,204,"EGP 11,685,000",57279.41,"6 October City - Giza , Egypt",Giza,6 October City,None,Apartment,Residential,Sale
https://remax.com.eg/property/for-sale-sixth-tourism-area-duplex-4097,4,5,450,"EGP 13,325,000",29611.11,"6 October City - Giza , Egypt",Giza,6 October City,None,Apartment,Residential,Sale
https://remax.com.eg/property/for-sale-village-west-compound-dorra-developments-phase-3-apartment-4077,3,3,149,"EGP 10,048,000",67436.24,"Sheikh Zayed City - Giza , Egypt",Giza,Sheikh Zayed City,None,Apartment,Residential,Sale
https://remax.com.eg/property/for-sale-i-city-october-compound-mountain-view-developments-phase-club-park-apartment-4068,2,2,125,"EGP 6,500,000",52000.0,"Sheikh Zayed City - Giza , Egypt",Giza,Sheikh Zayed City,None,Apartment,Residential,Sale
https://remax.com.eg/property/for-sale-i-city-october-compound-mountain-view-developments-phase-lagoon-beach-park-i-villa-roof-4070,3,3,205,"EGP 9,022,564",44012.51,"Sheikh Zayed City - Giza , Egypt",Giza,Sheikh Zayed City,None,Apartment,Residential,Sale
https://remax.com.eg/property/for-sale-village-west-compound-dorra-developments-phase-1-apartment-4078,3,3,164,"EGP 11,365,200",69300.0,"Sheikh Zayed City - Giza , Egypt",Giza,Sheikh Zayed City,None,Apartment,Residential,Sale
https://remax.com.eg/property/for-sale-upville-compound-wadi-el-nile-developments-phase-1-twin-house-4079,3,4,383,"EGP 13,500,000",35248.04,"6 October City - Giza , Egypt",Giza,6 October City,None,Apartment,Residential,Sale
https://remax.com.eg/property/for-sale-garden-lakes-compound-hyde-park-developments-phase-lakeside-townhouse-corner-4054,3,4,215,"EGP 22,017,000",102404.65,"Sheikh Zayed City - Giza , Egypt",Giza,Sheikh Zayed City,None,Apartment,Residential,Sale
https://remax.com.eg/property/for-sale-garden-lakes-compound-hyde-park-developments-phase-water-side-apartment-4064,3,3,145,"EGP 12,190,000",84068.97,"Sheikh Zayed City - Giza , Egypt",Giza,Sheikh Zayed City,None,Apartment,Residential,Sale
https://remax.com.eg/property/for-sale-the-second-tourist-apartment-4080,3,3,250,"EGP 5,200,000",20800.0,"6 October City - Giza , Egypt",Giza,6 October City,None,Apartment,Residential,Sale
https://remax.com.eg/property/for-sale-green-4-compound-mabany-edris-developments-twin-house-4065,4,5,252,"EGP 13,000,000",51587.3,"Sheikh Zayed City - Giza , Egypt",Giza,Sheikh Zayed City,None,Apartment,Residential,Sale
https://remax.com.eg/property/for-sale-green-5-compound-mabany-edris-dvelopments-apartment-4066,3,3,204,"EGP 9,000,000",44117.65,"Sheikh Zayed City - Giza , Egypt",Giza,Sheikh Zayed City,None,Apartment,Residential,Sale
https://remax.com.eg/property/for-sale-i-city-october-compound-mountain-view-developments-phase-club-park-apartment-4069,3,2,130,"EGP 7,175,500",55196.15,"Sheikh Zayed City - Giza , Egypt",Giza,Sheikh Zayed City,None,Apartment,Residential,Sale
https://remax.com.eg/property/for-sale-vye-compound-sodic-developments-duplex-4052,3,3,305,"EGP 15,917,000",52186.89,"Sheikh Zayed City - Giza , Egypt",Giza,Sheikh Zayed City,None,Apartment,Residential,Sale
https://remax.com.eg/property/for-sale-village-west-compound-dorra-developments-phase-2-apartment-4056,2,2,123,"EGP 7,136,000",58016.26,"Sheikh Zayed City - Giza , Egypt",Giza,Sheikh Zayed City,None,Apartment,Residential,Sale
https://remax.com.eg/property/for-sale-west-hills-compound-inertia-developments-penthouse-4046,4,5,360,"EGP 15,000,000",41666.67,"6 October City - Giza , Egypt",Giza,6 October City,None,Apartment,Residential,Sale
https://remax.com.eg/property/for-sale-el-yasmin-green-land-compound-standalone-villa-4048,5,6,500,"EGP 32,000,000",64000.0,"6 October City - Giza , Egypt",Giza,6 October City,None,Apartment,Residential,Sale
https://remax.com.eg/property/for-sale-el-khamayl-compound-phase-3a-apartment-4037,3,2,170,"EGP 7,500,000",44117.65,"Sheikh Zayed City - Giza , Egypt",Giza,Sheikh Zayed City,None,Apartment,Residential,Sale
https://remax.com.eg/property/for-sale-el-yasmin-compound-standalone-villa-4047,7,7,700,"EGP 30,000,000",42857.14,"6 October City - Giza , Egypt",Giza,6 October City,None,Apartment,Residential,Sale
https://remax.com.eg/property/for-sale-el-yasmin-compound-twin-house-4045,3,4,350,"EGP 15,500,000",44285.71,"6 October City - Giza , Egypt",Giza,6 October City,None,Apartment,Residential,Sale
https://remax.com.eg/property/for-sale-westown-compound-sodic-developments-apartment-4044,3,3,198,"EGP 17,000,000",85858.59,"Sheikh Zayed City - Giza , Egypt",Giza,Sheikh Zayed City,None,Apartment,Residential,Sale
https://remax.com.eg/property/for-sale-naia-west-compound-apartment-135m-4059,2,3,135,"EGP 8,453,450",62618.15,"Sheikh Zayed City - Giza , Egypt",Giza,Sheikh Zayed City,None,Apartment,Residential,Sale
https://remax.com.eg/property/for-sale-grand-heights-compound-kuwadico-developments-townhouse-284m-4061,4,4,284,"EGP 15,000,000",52816.9,"6 October City - Giza , Egypt",Giza,6 October City,None,Apartment,Residential,Sale
https://remax.com.eg/property/for-sale-grand-heights-compound-kuwadico-developments-standalone-villa-410m-4060,5,7,410,"EGP 24,000,000",58536.59,"6 October City - Giza , Egypt",Giza,6 October City,None,Apartment,Residential,Sale
https://remax.com.eg/property/for-sale-forty-west-compound-sodic-developments-penthouse-4051,2,3,300,"EGP 750,000",2500.0,"Sheikh Zayed City - Giza , Egypt",Giza,Sheikh Zayed City,None,Apartment,Residential,Sale
https://remax.com.eg/property/for-sale-ever-green-compound-pyramids-developments-twin-house-4050,4,3,250,"EGP 16,500,000",66000.0,"Sheikh Zayed City - Giza , Egypt",Giza,Sheikh Zayed City,None,Apartment,Residential,Sale
https://remax.com.eg/property/for-sale-zayed-dunes-compound-townhouse-corner-4036,4,4,235,"EGP 18,500,000",78723.4,"Sheikh Zayed City - Giza , Egypt",Giza,Sheikh Zayed City,None,Apartment,Residential,Sale
https://remax.com.eg/property/for-sale-el-khamayl-compound-twin-house-4040,6,3,349,"EGP 25,000,000",71633.24,"Sheikh Zayed City - Giza , Egypt",Giza,Sheikh Zayed City,None,Apartment,Residential,Sale
https://remax.com.eg/property/for-sale-el-khamayl-compound-twin-house-4038,5,5,306,"EGP 20,500,000",66993.46,"Sheikh Zayed City - Giza , Egypt",Giza,Sheikh Zayed City,None,Apartment,Residential,Sale
https://remax.com.eg/property/for-sale-el-khamayl-compound-phase-3-apartment-4032,3,3,181,"EGP 4,350,000",24033.15,"Sheikh Zayed City - Giza , Egypt",Giza,Sheikh Zayed City,None,Apartment,Residential,Sale
https://remax.com.eg/property/for-sale-zayed-dunes-compound-ofouk-developments-apartment-4033,2,2,146,"EGP 7,500,000",51369.86,"Sheikh Zayed City - Giza , Egypt",Giza,Sheikh Zayed City,None,Apartment,Residential,Sale
https://remax.com.eg/property/for-sale-el-khamayl-compound-phase-2-apartment-4034,3,2,172,"EGP 5,637,500",32776.16,"Sheikh Zayed City - Giza , Egypt",Giza,Sheikh Zayed City,None,Apartment,Residential,Sale
https://remax.com.eg/property/apartment-for-sale-150-m-iskandar-ibrahim-main-road-steps-from-the-sea-4028,3,1,180,"EGP 3,800,000",21111.11,"Hay Awal El Montazah - Alexandria , Egypt",Alexandria,Hay Awal El Montazah,None,Apartment,Residential,Sale
https://remax.com.eg/property/for-sale-el-nada-compound-twin-house-4043,4,4,315,"EGP 28,700,000",91111.11,"Sheikh Zayed City - Giza , Egypt",Giza,Sheikh Zayed City,None,Apartment,Residential,Sale
https://remax.com.eg/property/for-sale-el-khamayl-compound-phase-2-apartment-4035,3,2,171,"EGP 5,637,500",32967.84,"Sheikh Zayed City - Giza , Egypt",Giza,Sheikh Zayed City,None,Apartment,Residential,Sale
https://remax.com.eg/property/for-sale-zayed-heights-compound-duplex-4029,4,4,350,"EGP 9,000,000",25714.29,"6 October City - Giza , Egypt",Giza,6 October City,None,Apartment,Residential,Sale
https://remax.com.eg/property/for-sale-el-khamayl-compound-twin-house-4039,6,5,306,"EGP 20,500,000",66993.46,"Sheikh Zayed City - Giza , Egypt",Giza,Sheikh Zayed City,None,Apartment,Residential,Sale
https://remax.com.eg/property/for-sale-westown-compound-sodic-developments-apartment-4042,3,3,250,"EGP 17,425,000",69700.0,"Sheikh Zayed City - Giza , Egypt",Giza,Sheikh Zayed City,None,Apartment,Residential,Sale
https://remax.com.eg/property/for-sale-zayed-regency-compound-ofuk-developments-apartment-4025,3,3,245,"EGP 13,000,000",53061.22,"Sheikh Zayed City - Giza , Egypt",Giza,Sheikh Zayed City,None,Apartment,Residential,Sale
https://remax.com.eg/property/for-sale-zed-elsheikh-zayed-ora-developments-phase-2-apartment-4014,2,2,102,"EGP 8,500,000",83333.33,"Sheikh Zayed City - Giza , Egypt",Giza,Sheikh Zayed City,None,Apartment,Residential,Sale
https://remax.com.eg/property/for-sale-beverly-hills-compound-sodic-developments-phase-1-apartment-4016,3,3,231,"EGP 12,000,000",51948.05,"Sheikh Zayed City - Giza , Egypt",Giza,Sheikh Zayed City,None,Apartment,Residential,Sale
https://remax.com.eg/property/for-sale-zayed-regency-compound-ofouk-developments-penthouse-4024,3,2,235,"EGP 13,000,000",55319.15,"Sheikh Zayed City - Giza , Egypt",Giza,Sheikh Zayed City,None,Apartment,Residential,Sale
https://remax.com.eg/property/for-sale-zayed-regency-compound-ofouk-developments-penthouse-4021,2,2,207,"EGP 7,612,500",36775.36,"Sheikh Zayed City - Giza , Egypt",Giza,Sheikh Zayed City,None,Apartment,Residential,Sale
https://remax.com.eg/property/for-sale-zed-elsheikh-zayed-ora-developments-apartment-4017,2,2,144,"EGP 15,915,000",110520.83,"Sheikh Zayed City - Giza , Egypt",Giza,Sheikh Zayed City,None,Apartment,Residential,Sale
https://remax.com.eg/property/for-sale-zed-elsheikh-zayed-ora-developments-phase-1-loft-4006,2,3,184,"EGP 20,500,000",111413.04,"Sheikh Zayed City - Giza , Egypt",Giza,Sheikh Zayed City,None,Apartment,Residential,Sale
https://remax.com.eg/property/for-sale-zayed-regency-compound-ofouk-developments-apartment-4018,3,3,162,"EGP 7,500,000",46296.3,"Sheikh Zayed City - Giza , Egypt",Giza,Sheikh Zayed City,None,Apartment,Residential,Sale
https://remax.com.eg/property/for-sale-atrio-compound-iwan-developments-twin-house-4003,4,4,246,"EGP 19,000,000",77235.77,"Sheikh Zayed City - Giza , Egypt",Giza,Sheikh Zayed City,None,Apartment,Residential,Sale
https://remax.com.eg/property/for-sale-zed-elsheikh-zayed-ora-developments-phase-2-studio-4015,1,1,56,"EGP 6,012,000",107357.14,"Sheikh Zayed City - Giza , Egypt",Giza,Sheikh Zayed City,None,Apartment,Residential,Sale
https://remax.com.eg/property/for-sale-zayed-regency-compound-ofouk-developments-apartment-4019,3,3,265,"EGP 9,660,000",36452.83,"Sheikh Zayed City - Giza , Egypt",Giza,Sheikh Zayed City,None,Apartment,Residential,Sale
https://remax.com.eg/property/for-sale-continental-gardens-compound-penthouse-4023,4,3,254,"EGP 10,762,500",42372.05,"Sheikh Zayed City - Giza , Egypt",Giza,Sheikh Zayed City,None,Apartment,Residential,Sale
https://remax.com.eg/property/for-sale-zed-elsheikh-zayed-ora-developments-phase-2-studio-eighth-floor-4002,1,1,57,"EGP 6,251,000",109666.67,"Sheikh Zayed City - Giza , Egypt",Giza,Sheikh Zayed City,None,Apartment,Residential,Sale
https://remax.com.eg/property/for-sale-aeon-compound-marakez-developments-apartment-3995,3,4,250,"EGP 20,200,000",80800.0,"Sheikh Zayed City - Giza , Egypt",Giza,Sheikh Zayed City,None,Apartment,Residential,Sale
https://remax.com.eg/property/for-rent-finished-commercial-downtown-mall-zayed-3972,3,1,100,"EGP 50,000",500.0,"Sheikh Zayed City - Giza , Egypt",Giza,Sheikh Zayed City,None,Apartment,Commercial,Rent
https://remax.com.eg/property/for-sale-beverly-hills-compound-sodic-developments-phase-2-apartment-4011,3,3,220,"EGP 11,110,000",50500.0,"Sheikh Zayed City - Giza , Egypt",Giza,Sheikh Zayed City,None,Apartment,Residential,Sale
https://remax.com.eg/property/apartment-for-sale-250m-with-50m-terrace-smouha-3977,4,3,250,"EGP 8,250,000",33000.0,"Hay Sharq - Alexandria , Egypt",Alexandria,Hay Sharq,None,Apartment,Residential,Sale
https://remax.com.eg/property/garage-for-sale-120-m2-area-one-piece-sidi-bishr-gamal-abdel-nasser-3993,0,1,120,"EGP 1,300,000",10833.33,"Hay Awal El Montazah - Alexandria , Egypt",Alexandria,Hay Awal El Montazah,None,Apartment,Commercial,Rent
https://remax.com.eg/property/apartment-for-sale-130-m-in-dejoya-residence-compound-sheikh-zayed-area-4001,3,3,130,"EGP 3,900,000",30000.0,"New Capital City - Cairo , Egypt",Cairo,New Capital City,None,Apartment,Residential,Rent
https://remax.com.eg/property/for-sale-zed-elsheikh-zayed-ora-developments-apartment-4007,3,3,164,"EGP 16,132,000",98365.85,"Sheikh Zayed City - Giza , Egypt",Giza,Sheikh Zayed City,None,Apartment,Residential,Sale
https://remax.com.eg/property/for-sale-zed-elsheikh-zayed-ora-developments-phase-2-apartment-4008,1,1,71,"EGP 6,492,000",91436.62,"Sheikh Zayed City - Giza , Egypt",Giza,Sheikh Zayed City,None,Apartment,Residential,Sale
https://remax.com.eg/property/for-sale-zed-elsheikh-zayed-ora-developments-apartment-4009,3,3,211,"EGP 16,500,000",78199.05,"Sheikh Zayed City - Giza , Egypt",Giza,Sheikh Zayed City,None,Apartment,Residential,Sale
https://remax.com.eg/property/for-sale-zed-elshiekh-zayed-ore-developments-apartment-3996,1,1,88,"EGP 6,872,000",78090.91,"Sheikh Zayed City - Giza , Egypt",Giza,Sheikh Zayed City,None,Apartment,Residential,Sale
https://remax.com.eg/property/for-sale-el-murooj-compound-dar-al-maghraby-development-duplex-3998,3,3,260,"EGP 9,500,000",36538.46,"6 October City - Giza , Egypt",Giza,6 October City,None,Apartment,Residential,Sale
https://remax.com.eg/property/fully-furnished-villa-for-sale-in-utopia-3966,3,3,250,"EGP 14,500,000",58000.0,"6 October City - Giza , Egypt",Giza,6 October City,None,Apartment,Residential,Sale
https://remax.com.eg/property/upville-compound-duplex-3949,3,3,302,"EGP 10,500,000",34768.21,"6 October City - Giza , Egypt",Giza,6 October City,None,Apartment,Residential,Sale
https://remax.com.eg/property/aeon-towers-studio-3955,1,1,56,"EGP 50,000",892.86,"6 October City - Giza , Egypt",Giza,6 October City,None,Apartment,Residential,Rent
https://remax.com.eg/property/office-for-rent-in-the-heart-of-sheikh-zayed-kargo-mall-3973,0,0,76,"EGP 50,000",657.89,"Sheikh Zayed City - Giza , Egypt",Giza,Sheikh Zayed City,None,Apartment,Residential,Rent
https://remax.com.eg/property/swan-lake-west-compound-apartment-3951,3,3,199,"EGP 21,000,000",105527.64,"6 October City - Giza , Egypt",Giza,6 October City,None,Apartment,Residential,Sale
https://remax.com.eg/property/el-karma-4-compound-twin-house-3943,5,5,340,"EGP 200,000",588.24,"Sheikh Zayed City - Giza , Egypt",Giza,Sheikh Zayed City,None,Apartment,Residential,Rent
https://remax.com.eg/property/apartment-for-sale-138-m-al-kukh-street-branching-off-from-gamal-abdel-nasser-al-asafir-3368,3,2,138,"EGP 2,500,000",18115.94,"Hay Than El Montazah - Alexandria , Egypt",Alexandria,Hay Than El Montazah,None,Apartment,Residential,Rent
https://remax.com.eg/property/shop-for-rent-100m-memphis-street-branching-off-from-agetia-2831,1,1,100,"EGP 35,000",350.0,"Hay Wasat - Alexandria , Egypt",Alexandria,Hay Wasat,None,Apartment,Commercial,Rent
https://remax.com.eg/property/office-or-clinic-for-rent-in-capital-business-park-3965,1,0,62,"EGP 75,000",1209.68,"Sheikh Zayed City - Giza , Egypt",Giza,Sheikh Zayed City,None,Apartment,Residential,Rent
https://remax.com.eg/property/chalet-175-m-silver-sands-ora-project-on-the-north-coast-3967,2,2,175,"EGP 31,000,000",177142.86,"Qesm Marsa Matrouh - North Coast , Egypt",North Coast,Qesm Marsa Matrouh,None,Apartment,Residential,Rent
https://remax.com.eg/property/shop-for-rent-in-ritzy-mall-sheikh-zayed-3957,0,0,49,"EGP 40,000",816.33,"Sheikh Zayed City - Giza , Egypt",Giza,Sheikh Zayed City,None,Apartment,Residential,Rent
https://remax.com.eg/property/shop-for-rent-in-a-plaza-mall-sheikh-zayed-3975,0,0,42,"EGP 26,000",619.05,"6 October City - Giza , Egypt",Giza,6 October City,None,Apartment,Residential,Rent
https://remax.com.eg/property/exclusive-apartment-in-zed-west-under-market-price-3912,2,2,135,"EGP 8,700,000",64444.44,"Sheikh Zayed City - Giza , Egypt",Giza,Sheikh Zayed City,None,Apartment,Residential,Sale
https://remax.com.eg/property/i-city-october-compound-i-villa-garden-3903,3,3,240,"EGP 10,000,000",41666.67,"6 October City - Giza , Egypt",Giza,6 October City,None,Apartment,Residential,Sale
https://remax.com.eg/property/prime-location-finished-town-house-in-al-patio-6-3908,3,3,210,"EGP 14,000,000",66666.67,"6 October City - Giza , Egypt",Giza,6 October City,None,Apartment,Residential,Sale
https://remax.com.eg/property/fully-furnished-studio-for-rent-in-nyoum-3890,1,1,60,"EGP 15,000",250.0,"6 October City - Giza , Egypt",Giza,6 October City,None,Apartment,Residential,Rent
https://remax.com.eg/property/apartment-130-m-for-sale-in-lamir-compound-in-ajami-full-sea-view-3932,3,2,130,"EGP 1,350,000",10384.62,"Hay Al Agami - Alexandria , Egypt",Alexandria,Hay Al Agami,None,Apartment,Residential,Sale
https://remax.com.eg/property/apartment-175-m-for-rent-directly-after-el-mansheya-court-3899,5,1,175,"EGP 6,500",37.14,"Hay Awal El Montazah - Alexandria , Egypt",Alexandria,Hay Awal El Montazah,None,Apartment,Residential,Rent
https://remax.com.eg/property/villa-for-sale-in-dreamland-6th-of-october-3917,4,5,408,"EGP 11,500,000",28186.27,"- , Egypt",None,None,None,Apartment,Residential,Sale
https://remax.com.eg/property/ultra-super-nice-villa-for-great-people-only-3897,8,6,1200,"EGP 45,000,000",37500.0,"New Cairo City - Cairo , Egypt",Cairo,New Cairo City,None,Apartment,Residential,None
https://remax.com.eg/property/test-listing-3911,4,3,33,"AED 23,455,223",710764.33,"New Sohag City - Sohag , Egypt",Sohag,New Sohag City,None,Apartment,Residential,None
https://remax.com.eg/property/fully-furnished-apartment-for-rent-in-zed-towers-3915,2,2,105,"EGP 50,000",476.19,"Sheikh Zayed City - Giza , Egypt",Giza,Sheikh Zayed City,None,Apartment,Residential,Rent
https://remax.com.eg/property/zed-elshiekh-zayed-apartment-3905,1,1,88,"EGP 6,871,303",78082.99,"Sheikh Zayed City - Giza , Egypt",Giza,Sheikh Zayed City,None,Apartment,Residential,Sale
https://remax.com.eg/property/el-nada-compound-twin-house-3904,4,6,315,"EGP 28,700,000",91111.11,"Imbaba - Giza , Egypt",Giza,Imbaba,None,Apartment,Residential,Sale
https://remax.com.eg/property/el-khamayl-compound-apartment-3866,3,3,170,"EGP 4,700,000",27647.06,"6 October City - Giza , Egypt",Giza,6 October City,None,Apartment,Residential,Sale
https://remax.com.eg/property/apartment-for-sale-600-m-in-san-stefano-area-directly-on-the-sea-brand-building-3571,6,6,600,"EGP 34,000,000",56666.67,"Hay Sharq - Alexandria , Egypt",Alexandria,Hay Sharq,None,Apartment,Residential,Sale
https://remax.com.eg/property/apartment-for-sale-in-dorra-village-west-3889,3,3,149,"EGP 11,825,836",79368.03,"Sheikh Zayed City - Giza , Egypt",Giza,Sheikh Zayed City,None,Apartment,Residential,Sale
https://remax.com.eg/property/el-khamayl-compound-apartment-3862,3,2,143,"EGP 4,500,000",31468.53,"6 October City - Giza , Egypt",Giza,6 October City,None,Apartment,Residential,Sale
https://remax.com.eg/property/el-khamayl-compound-apartment-3863,3,2,143,"EGP 4,300,000",30069.93,"6 October City - Giza , Egypt",Giza,6 October City,None,Apartment,Residential,Sale
https://remax.com.eg/property/apartment-for-sale-7th-district-beit-al-watan-settlement-3870,3,3,220,"EGP 1,990,000",9045.45,"New Cairo City - Cairo , Egypt",Cairo,New Cairo City,None,Apartment,Residential,Sale
https://remax.com.eg/property/el-khamayl-compound-apartment-3867,3,3,170,"EGP 4,500,000",26470.59,"6 October City - Giza , Egypt",Giza,6 October City,None,Apartment,Residential,Sale
https://remax.com.eg/property/village-west-compound-apartment-3861,3,2,175,"EGP 11,574,040",66137.37,"Sheikh Zayed City - Giza , Egypt",Giza,Sheikh Zayed City,None,Apartment,Residential,Sale
https://remax.com.eg/property/el-khamayl-compound-apartment-3864,3,2,143,"EGP 4,250,000",29720.28,"6 October City - Giza , Egypt",Giza,6 October City,None,Apartment,Residential,Sale
https://remax.com.eg/property/el-khamayl-compound-duplex-3868,3,3,210,"EGP 9,000,000",42857.14,"6 October City - Giza , Egypt",Giza,6 October City,None,Apartment,Residential,Sale
https://remax.com.eg/property/clinic-in-sodic-medical-center-with-installments-3847,1,1,83,"EGP 13,253,000",159674.7,"Sheikh Zayed City - Giza , Egypt",Giza,Sheikh Zayed City,None,Apartment,Residential,None
https://remax.com.eg/property/luxury-apartment-250-sqm-with-a-wonderful-view-3871,3,2,250,"EGP 9,000,000",36000.0,"Zamalek - Cairo , Egypt",Cairo,Zamalek,None,Apartment,Commercial,None
https://remax.com.eg/property/lake-house-in-mountain-view-kingsway-6-october-3770,4,4,280,"EGP 22,000,000",78571.43,"6 October City - Giza , Egypt",Giza,6 October City,None,Apartment,Residential,None
https://remax.com.eg/property/standalone-villa-for-sale-in-marakkesh-shurra-3734,4,4,330,"EGP 16,500,000",50000.0,"Sheikh Zayed City - Giza , Egypt",Giza,Sheikh Zayed City,None,Apartment,Residential,Sale
https://remax.com.eg/property/land-for-sale-2200-m-in-the-north-coast-3563,0,0,2200,"EGP 5,500,000",2500.0,"Qesm Borg El Arab - North Coast , Egypt",North Coast,Qesm Borg El Arab,None,Apartment,Residential,Sale
https://remax.com.eg/property/twin-house-for-sale-a-3-storey-villa-in-a-compound-in-king-mariout-steps-from-the-lake-2763,3,3,310,"EGP 4,800,000",15483.87,"Hay Al Amereyah - Alexandria , Egypt",Alexandria,Hay Al Amereyah,None,Apartment,Residential,Rent
https://remax.com.eg/property/resale-standalone-type-n-in-badya-palm-hills-3844,3,3,255,"EGP 15,180,000",59529.41,"Sheikh Zayed City - Giza , Egypt",Giza,Sheikh Zayed City,None,Apartment,Residential,Sale
https://remax.com.eg/property/cali-coast-north-coast-penthouse-3726,2,3,145,"EGP 7,417,343",51154.09,"Ras Al Hekma - North Coast , Egypt",North Coast,Ras Al Hekma,None,Apartment,Residential,Sale
https://remax.com.eg/property/for-rent-fully-furnished-penthouse-hyde-park-5th-settlement-3700,3,2,200,"EGP 55,000",275.0,"New Cairo City - Cairo , Egypt",Cairo,New Cairo City,None,Apartment,Residential,Rent
https://remax.com.eg/property/apartment-120-m-for-sale-in-laurent-sea-view-with-side-view-3757,2,2,120,"EGP 3,500,000",29166.67,"Hay Sharq - Alexandria , Egypt",Alexandria,Hay Sharq,None,Apartment,Residential,Rent
https://remax.com.eg/property/beautifully-finished-and-furnished-apartment-in-the-heart-of-heliopolis-3794,4,4,354,"EGP 12,000,000",33898.31,"Heliopolis - Cairo , Egypt",Cairo,Heliopolis,None,Apartment,Residential,None
https://remax.com.eg/property/cali-coast-north-coast-duplex-3722,2,2,108,"EGP 10,165,614",94126.06,"Ras Al Hekma - North Coast , Egypt",North Coast,Ras Al Hekma,None,Apartment,Residential,Sale
https://remax.com.eg/property/fully-finished-office-in-the-portal-sodic-3846,5,1,145,"EGP 28,355,000",195551.72,"Sheikh Zayed City - Giza , Egypt",Giza,Sheikh Zayed City,None,Apartment,Residential,None
https://remax.com.eg/property/corner-townhouse-in-mountain-view-kingsway-3759,3,3,185,"EGP 13,500,000",72972.97,"6 October City - Giza , Egypt",Giza,6 October City,None,Apartment,Residential,None
https://remax.com.eg/property/resale-corner-town-house-in-badya-zoe-phase-3671,4,3,187,"EGP 12,151,845",64983.13,"Sheikh Zayed City - Giza , Egypt",Giza,Sheikh Zayed City,None,Apartment,Residential,Sale
https://remax.com.eg/property/zed-elsheikh-zayed-apartment-3609,3,3,197,"EGP 15,037,126",76330.59,"Sheikh Zayed City - Giza , Egypt",Giza,Sheikh Zayed City,None,Apartment,Residential,Sale
https://remax.com.eg/property/village-west-compound-penthouse-3607,3,3,243,"EGP 17,848,577",73450.93,"Sheikh Zayed City - Giza , Egypt",Giza,Sheikh Zayed City,None,Apartment,Residential,Sale
https://remax.com.eg/property/village-west-compound-apartment-3598,3,3,164,"EGP 9,840,000",60000.0,"Sheikh Zayed City - Giza , Egypt",Giza,Sheikh Zayed City,None,Apartment,Residential,Sale
https://remax.com.eg/property/zed-elsheikh-zayed-apartment-3608,2,2,135,"EGP 10,000,000",74074.07,"Sheikh Zayed City - Giza , Egypt",Giza,Sheikh Zayed City,None,Apartment,Residential,Sale
https://remax.com.eg/property/apartment-150-m-al-seyouf-steps-from-mostafa-kamel-main-street-3699,3,2,150,"EGP 1,750,000",11666.67,"Hay Awal El Montazah - Alexandria , Egypt",Alexandria,Hay Awal El Montazah,None,Apartment,Residential,Rent
https://remax.com.eg/property/zed-elsheikh-zayed-loft-3613,3,4,199,"EGP 15,698,377",78886.32,"Sheikh Zayed City - Giza , Egypt",Giza,Sheikh Zayed City,None,Apartment,Residential,Sale
https://remax.com.eg/property/vye-compound-apartment-3599,3,2,143,"EGP 12,500,000",87412.59,"Sheikh Zayed City - Giza , Egypt",Giza,Sheikh Zayed City,None,Apartment,Residential,Sale
https://remax.com.eg/property/terrace-compound-apartment-3596,2,3,194,"EGP 5,548,859",28602.37,"Sheikh Zayed City - Giza , Egypt",Giza,Sheikh Zayed City,None,Apartment,Residential,Sale
https://remax.com.eg/property/ground-apartment-for-long-terms-rent-hay-elashgar-3669,2,1,105,"EGP 12,000",114.29,"6 October City - Giza , Egypt",Giza,6 October City,None,Apartment,Residential,Rent
https://remax.com.eg/property/zed-elsheikh-zayed-apartment-3611,1,2,74,"EGP 2,418,056",32676.43,"Sheikh Zayed City - Giza , Egypt",Giza,Sheikh Zayed City,None,Apartment,Residential,Sale
https://remax.com.eg/property/sky-ramp-compound-apartment-3594,3,3,159,"EGP 9,098,197",57221.36,"Sheikh Zayed City - Giza , Egypt",Giza,Sheikh Zayed City,None,Apartment,Residential,Sale
https://remax.com.eg/property/el-khamayl-compound-apartment-3616,3,2,143,"EGP 4,500,000",31468.53,"Sheikh Zayed City - Giza , Egypt",Giza,Sheikh Zayed City,None,Apartment,Residential,Sale
https://remax.com.eg/property/sky-ramp-compound-apartment-3590,2,2,129,"EGP 842,000",6527.13,"Sheikh Zayed City - Giza , Egypt",Giza,Sheikh Zayed City,None,Apartment,Residential,Sale
https://remax.com.eg/property/kayan-compound-apartment-3605,3,3,130,"EGP 5,968,000",45907.69,"Sheikh Zayed City - Giza , Egypt",Giza,Sheikh Zayed City,None,Apartment,Residential,Sale
https://remax.com.eg/property/marville-compound-apartment-3600,3,3,189,"EGP 14,255,700",75426.98,"Sheikh Zayed City - Giza , Egypt",Giza,Sheikh Zayed City,None,Apartment,Residential,Sale
https://remax.com.eg/property/el-yasmin-compound-standalone-villa-3581,5,7,503,"EGP 23,500,000",46719.68,"Sheikh Zayed City - Giza , Egypt",Giza,Sheikh Zayed City,None,Apartment,Residential,Sale
https://remax.com.eg/property/sky-ramp-compound-apartment-3593,2,2,133,"EGP 8,640,000",64962.41,"Sheikh Zayed City - Giza , Egypt",Giza,Sheikh Zayed City,None,Apartment,Residential,Sale
https://remax.com.eg/property/kayan-compound-townhouse-middle-3587,4,3,200,"EGP 11,215,000",56075.0,"Sheikh Zayed City - Giza , Egypt",Giza,Sheikh Zayed City,None,Apartment,Residential,Sale
https://remax.com.eg/property/hadayek-elmohandiseen-compound-apartment-3585,2,1,100,"EGP 4,200,000",42000.0,"Sheikh Zayed City - Giza , Egypt",Giza,Sheikh Zayed City,None,Apartment,Residential,Sale
https://remax.com.eg/property/marville-compound-apartment-3602,3,3,189,"EGP 14,255,700",75426.98,"Sheikh Zayed City - Giza , Egypt",Giza,Sheikh Zayed City,None,Apartment,Residential,Sale
https://remax.com.eg/property/kayan-compound-apartment-3589,3,3,130,"EGP 732,453",5634.25,"Sheikh Zayed City - Giza , Egypt",Giza,Sheikh Zayed City,None,Apartment,Residential,Sale
https://remax.com.eg/property/grand-heights-compound-standalone-villa-3583,5,7,711,"EGP 24,000,000",33755.27,"6 October City - Giza , Egypt",Giza,6 October City,None,Apartment,Residential,Sale
https://remax.com.eg/property/badya-compound-standalone-villa-3579,3,4,268,"EGP 19,222,850",71727.05,"Sheikh Zayed City - Giza , Egypt",Giza,Sheikh Zayed City,None,Apartment,Residential,Sale
https://remax.com.eg/property/badya-compound-standalone-villa-3578,3,3,392,"EGP 13,136,571",33511.66,"Sheikh Zayed City - Giza , Egypt",Giza,Sheikh Zayed City,None,Apartment,Residential,Sale
https://remax.com.eg/property/palm-parks-compound-apartment-3540,3,3,239,"EGP 60,000",251.05,"6 October City - Giza , Egypt",Giza,6 October City,None,Apartment,Residential,Rent
https://remax.com.eg/property/el-khamayl-compound-apartment-3530,3,3,150,"EGP 32,000",213.33,"Sheikh Zayed City - Giza , Egypt",Giza,Sheikh Zayed City,None,Apartment,Residential,Rent
https://remax.com.eg/property/janna-zayed-2-compound-apartment-3537,3,2,130,"EGP 13,000",100.0,"Sheikh Zayed City - Giza , Egypt",Giza,Sheikh Zayed City,None,Apartment,Residential,Rent
https://remax.com.eg/property/aeon-towers-apartment-3577,3,4,250,"EGP 17,000,000",68000.0,"6 October City - Giza , Egypt",Giza,6 October City,None,Apartment,Residential,Sale
https://remax.com.eg/property/el-khamayl-compound-apartment-3614,2,2,141,"EGP 4,100,000",29078.01,"Sheikh Zayed City - Giza , Egypt",Giza,Sheikh Zayed City,None,Apartment,Residential,Sale
https://remax.com.eg/property/new-giza-compound-standalone-villa-3534,5,6,340,"EGP 120,000",352.94,"6 October City - Giza , Egypt",Giza,6 October City,None,Apartment,Residential,Rent
https://remax.com.eg/property/the-address-compound-apartment-3546,2,2,109,"EGP 60,000",550.46,"Sheikh Zayed City - Giza , Egypt",Giza,Sheikh Zayed City,None,Apartment,Residential,Rent
https://remax.com.eg/property/hadayek-elmohandiseen-compound-apartment-3533,2,2,112,"EGP 27,000",241.07,"Sheikh Zayed City - Giza , Egypt",Giza,Sheikh Zayed City,None,Apartment,Residential,Rent
https://remax.com.eg/property/aeon-towers-compound-apartment-3576,1,2,120,"EGP 12,332,560",102771.33,"6 October City - Giza , Egypt",Giza,6 October City,None,Apartment,Residential,Sale
https://remax.com.eg/property/janna-october-compound-apartment-3535,3,3,130,"EGP 13,500",103.85,"6 October City - Giza , Egypt",Giza,6 October City,None,Apartment,Residential,Rent
https://remax.com.eg/property/apartment-for-sale-in-jannet-october-2863,3,3,151,"EGP 4,000,000",26490.07,"6 October City - Giza , Egypt",Giza,6 October City,None,Apartment,Residential,Sale
https://remax.com.eg/property/zayed-regency-compound-apartment-3550,4,2,244,"EGP 35,000",143.44,"Sheikh Zayed City - Giza , Egypt",Giza,Sheikh Zayed City,None,Apartment,Residential,Rent
https://remax.com.eg/property/el-khamayl-compound-apartment-3558,3,3,182,"EGP 18,000",98.9,"Sheikh Zayed City - Giza , Egypt",Giza,Sheikh Zayed City,None,Apartment,Residential,Rent
https://remax.com.eg/property/zayed-dunes-compound-penthouse-3549,3,3,200,"EGP 40,000",200.0,"Sheikh Zayed City - Giza , Egypt",Giza,Sheikh Zayed City,None,Apartment,Residential,Rent
https://remax.com.eg/property/zayed-regency-compound-apartment-3552,2,3,137,"EGP 40,000",291.97,"Sheikh Zayed City - Giza , Egypt",Giza,Sheikh Zayed City,None,Apartment,Residential,Rent
https://remax.com.eg/property/etapa-compound-apartment-3559,3,3,200,"EGP 40,000",200.0,"Sheikh Zayed City - Giza , Egypt",Giza,Sheikh Zayed City,None,Apartment,Residential,Rent
https://remax.com.eg/property/6-of-october-office-3625,0,0,125,"EGP 25,000",200.0,"6 October City - Giza , Egypt",Giza,6 October City,None,Apartment,Residential,Rent
https://remax.com.eg/property/zed-elsheikh-zayed-apartment-3557,3,3,184,"EGP 50,000",271.74,"Sheikh Zayed City - Giza , Egypt",Giza,Sheikh Zayed City,None,Apartment,Residential,Rent
https://remax.com.eg/property/walk-of-cairo-shop-3626,0,0,101,"EGP 80,000",792.08,"6 October City - Giza , Egypt",Giza,6 October City,None,Apartment,Residential,Rent
https://remax.com.eg/property/royal-hills-compound-standalone-villa-3544,7,8,320,"USD 7,000",21.88,"6 October City - Giza , Egypt",Giza,6 October City,None,Apartment,Residential,Rent
https://remax.com.eg/property/standalone-villa-very-prime-location-in-jedar-3623,4,4,310,"EGP 22,500,000",72580.65,"6 October City - Giza , Egypt",Giza,6 October City,None,Apartment,Residential,None
https://remax.com.eg/property/zayed-regency-compound-townhouse-corner-3555,3,3,312,"EGP 50,000",160.26,"Sheikh Zayed City - Giza , Egypt",Giza,Sheikh Zayed City,None,Apartment,Residential,Rent
https://remax.com.eg/property/rawdet-zayed-compound-apartment-3542,2,1,74,"EGP 19,000",256.76,"Sheikh Zayed City - Giza , Egypt",Giza,Sheikh Zayed City,None,Apartment,Residential,Rent
https://remax.com.eg/property/walk-of-cairo-shop-3619,0,0,100,"EGP 17,828,577",178285.77,"6 October City - Giza , Egypt",Giza,6 October City,None,Apartment,Residential,Sale
https://remax.com.eg/property/the-courtyard-business-park-office-3610,0,0,237,"EGP 21,000,000",88607.59,"Sheikh Zayed City - Giza , Egypt",Giza,Sheikh Zayed City,None,Apartment,Residential,Sale
https://remax.com.eg/property/sodic-medical-district-clinic-3606,0,0,55,"EGP 7,000,000",127272.73,"Sheikh Zayed City - Giza , Egypt",Giza,Sheikh Zayed City,None,Apartment,Residential,Sale
https://remax.com.eg/property/the-gate-plaza-clinic-3601,0,0,180,"EGP 160,000",888.89,"Sheikh Zayed City - Giza , Egypt",Giza,Sheikh Zayed City,None,Apartment,Residential,Rent
https://remax.com.eg/property/prive-mall-shop-3617,0,0,83,"EGP 18,653,975",224746.69,"6 October City - Giza , Egypt",Giza,6 October City,None,Apartment,Residential,Sale
https://remax.com.eg/property/west-park-mall-clinic-3597,0,0,122,"EGP 36,000",295.08,"6 October City - Giza , Egypt",Giza,6 October City,None,Apartment,Residential,Rent
https://remax.com.eg/property/sodic-medical-district-clinic-3622,0,0,55,"EGP 28,000",509.09,"Sheikh Zayed City - Giza , Egypt",Giza,Sheikh Zayed City,None,Apartment,Residential,Sale
https://remax.com.eg/property/karma-4-mall-office-3615,0,0,40,"EGP 3,331,250",83281.25,"Sheikh Zayed City - Giza , Egypt",Giza,Sheikh Zayed City,None,Apartment,Residential,Sale
https://remax.com.eg/property/prive-mall-shop-3624,0,0,65,"EGP 6,960,775",107088.85,"6 October City - Giza , Egypt",Giza,6 October City,None,Apartment,Residential,Sale
https://remax.com.eg/property/walk-of-cairo-shop-3620,0,0,98,"EGP 80,000",816.33,"6 October City - Giza , Egypt",Giza,6 October City,None,Apartment,Residential,Rent
https://remax.com.eg/property/five-fifty-five-shop-3612,0,0,78,"EGP 16,149,413",207043.76,"Sheikh Zayed City - Giza , Egypt",Giza,Sheikh Zayed City,None,Apartment,Residential,Sale
https://remax.com.eg/property/kargo-mall-office-3621,0,0,53,"EGP 34,000",641.51,"Sheikh Zayed City - Giza , Egypt",Giza,Sheikh Zayed City,None,Apartment,Residential,Rent
https://remax.com.eg/property/dejoya-plaza-shop-3584,0,0,31,"EGP 14,189,750",457733.87,"Sheikh Zayed City - Giza , Egypt",Giza,Sheikh Zayed City,None,Apartment,Residential,Sale
https://remax.com.eg/property/janna-zayed-1-compound-apartment-3536,3,3,140,"EGP 45,000",321.43,"Sheikh Zayed City - Giza , Egypt",Giza,Sheikh Zayed City,None,Apartment,Residential,Rent
https://remax.com.eg/property/el-murooj-compound-2903,3,3,260,"EGP 9,500,000",36538.46,"Sheikh Zayed City - Giza , Egypt",Giza,Sheikh Zayed City,None,Apartment,Residential,Sale
https://remax.com.eg/property/kargo-mall-office-3595,0,0,75,"EGP 50,000",666.67,"Sheikh Zayed City - Giza , Egypt",Giza,Sheikh Zayed City,None,Apartment,Residential,Rent
https://remax.com.eg/property/duplex-for-sale-in-west-leaves-compound-6th-of-october-3574,4,5,285,"EGP 12,000,000",42105.26,"6 October City - Giza , Egypt",Giza,6 October City,None,Apartment,Residential,Sale
https://remax.com.eg/property/administrative-headquarters-for-rent-100-m-kafr-abdo-saint-jenny-street-2666,3,1,100,"EGP 27,500",275.0,"Hay Sharq - Alexandria , Egypt",Alexandria,Hay Sharq,None,Apartment,Residential,Rent
https://remax.com.eg/property/walk-of-cairo-shop-3588,0,0,96,"EGP 150,000",1562.5,"6 October City - Giza , Egypt",Giza,6 October City,None,Apartment,Residential,Rent
https://remax.com.eg/property/zayed-regency-compound-apartment-3554,2,2,137,"EGP 22,000",160.58,"Sheikh Zayed City - Giza , Egypt",Giza,Sheikh Zayed City,None,Apartment,Residential,Rent
https://remax.com.eg/property/kazan-plaza-mall-clinic-3592,0,0,55,"EGP 25,000",454.55,"6 October City - Giza , Egypt",Giza,6 October City,None,Apartment,Residential,Rent
https://remax.com.eg/property/360-health-medical-centre-clinic-3586,0,0,26,"EGP 2,637,850",101455.77,"6 October City - Giza , Egypt",Giza,6 October City,None,Apartment,Residential,Sale
https://remax.com.eg/property/arkan-sheikh-zayed-clinic-3580,0,1,63,"EGP 10,250,000",162698.41,"Sheikh Zayed City - Giza , Egypt",Giza,Sheikh Zayed City,None,Apartment,Residential,Sale
https://remax.com.eg/property/west-gate-mall-shop-3591,0,0,51,"EGP 55,000",1078.43,"6 October City - Giza , Egypt",Giza,6 October City,None,Apartment,Residential,Rent
https://remax.com.eg/property/ground-apartment-for-sale-in-kayan-3516,2,2,104,"EGP 6,100,000",58653.85,"Sheikh Zayed City - Giza , Egypt",Giza,Sheikh Zayed City,None,Apartment,Residential,Sale
https://remax.com.eg/property/amazing-office-apartment-in-heart-of-heliopolis-3446,6,2,170,"EGP 624,000",3670.59,"El Nozha - Cairo , Egypt",Cairo,El Nozha,None,Apartment,Residential,None
https://remax.com.eg/property/apartment-127-m-for-sale-farid-ryan-street-stanley-steps-from-the-sea-3478,2,2,127,"EGP 3,000,000",23622.05,"Hay Sharq - Alexandria , Egypt",Alexandria,Hay Sharq,None,Apartment,Residential,Rent
https://remax.com.eg/property/resale-finished-ground-apartment-in-kayan-compound-3511,2,2,105,"EGP 6,000,000",57142.86,"Sheikh Zayed City - Giza , Egypt",Giza,Sheikh Zayed City,None,Apartment,Residential,Sale
https://remax.com.eg/property/distinctive-apartment-for-sale-140-meters-in-al-syouf-ahmed-mohsen-street-after-wadi-al-maluk-street-2178,3,1,140,"EGP 1,500,000",10714.29,"Hay Awal El Montazah - Alexandria , Egypt",Alexandria,Hay Awal El Montazah,None,Apartment,Residential,Rent
https://remax.com.eg/property/apartment-for-sale-160-sqm-new-smouha-2629,4,2,160,"EGP 2,100,000",13125.0,"Hay Sharq - Alexandria , Egypt",Alexandria,Hay Sharq,None,Apartment,Residential,Sale
https://remax.com.eg/property/apartment-for-rent-in-8th-district-3517,2,2,129,"EGP 35,000",271.32,"Sheikh Zayed City - Giza , Egypt",Giza,Sheikh Zayed City,None,Apartment,Residential,Rent
https://remax.com.eg/property/dental-equipped-clinic-with-acs-in-west-medical-center-2758,1,1,70,"EGP 28,000",400.0,"Sheikh Zayed City - Giza , Egypt",Giza,Sheikh Zayed City,None,Apartment,Residential,Rent
https://remax.com.eg/property/apartment-for-sale-in-rock-eden-3417,3,3,198,"EGP 6,200,000",31313.13,"6 October City - Giza , Egypt",Giza,6 October City,None,Apartment,Residential,Sale
https://remax.com.eg/property/resale-townhouse-in-first-heights-competitive-price-2692,3,4,360,"EGP 10,500,000",29166.67,"6 October City - Giza , Egypt",Giza,6 October City,None,Apartment,Residential,Sale
https://remax.com.eg/property/prime-location-ground-apartment-in-village-west-3505,3,3,149,"EGP 9,400,000",63087.25,"Sheikh Zayed City - Giza , Egypt",Giza,Sheikh Zayed City,None,Apartment,Residential,None
https://remax.com.eg/property/fully-furnished-clinic-for-rent-in-medipoint-zayed-3523,4,2,68,"EGP 40,000",588.24,"Sheikh Zayed City - Giza , Egypt",Giza,Sheikh Zayed City,None,Apartment,Residential,Rent
https://remax.com.eg/property/apartment-for-sale-160m-el-seyouf-city-light-compound-2669,3,2,160,"EGP 2,150,000",13437.5,"Hay Awal El Montazah - Alexandria , Egypt",Alexandria,Hay Awal El Montazah,None,Apartment,Residential,Rent
https://remax.com.eg/property/in-a-prime-location-a-shop-for-sale-40-m-in-gamal-abdel-nasser-main-3412,1,1,40,"EGP 3,950,000",98750.0,"Hay Awal El Montazah - Alexandria , Egypt",Alexandria,Hay Awal El Montazah,None,Apartment,Commercial,Rent
https://remax.com.eg/property/apartment-145-m-sea-view-mandara-2842,3,1,145,"EGP 1,700,000",11724.14,"Hay Than El Montazah - Alexandria , Egypt",Alexandria,Hay Than El Montazah,None,Apartment,Residential,Rent
https://remax.com.eg/property/finished-office-in-hale-town-palm-hills-october-3490,1,1,55,"EGP 35,000",636.36,"6 October City - Giza , Egypt",Giza,6 October City,None,Apartment,Residential,Rent
https://remax.com.eg/property/290-sqm-administrative-flat-for-rent-with-private-entrance-saba-pasha-close-to-the-sea-2151,1,1,290,"EGP 240,000",827.59,"Hay Sharq - Alexandria , Egypt",Alexandria,Hay Sharq,None,Apartment,Commercial,Rent
https://remax.com.eg/property/landscape-view-apartment-in-upville-best-price-3407,3,2,160,"EGP 22,000",137.5,"6 October City - Giza , Egypt",Giza,6 October City,None,Apartment,Residential,Rent
https://remax.com.eg/property/apartment-for-sale-225-m-stanley-steps-from-the-sea-3444,3,3,225,"EGP 8,500,000",37777.78,"Hay Sharq - Alexandria , Egypt",Alexandria,Hay Sharq,None,Apartment,Residential,Rent
https://remax.com.eg/property/apartment-for-sale-400-sqm-old-maadi-el-sarayat-3480,3,3,400,"EGP 32,750,000",81875.0,"Hay El Maadi - Cairo , Egypt",Cairo,Hay El Maadi,None,Apartment,Residential,Rent
https://remax.com.eg/property/3-years-delivery-lake-park-3456,3,2,158,"EGP 6,000,000",37974.68,"Nasr City - Cairo , Egypt",Cairo,Nasr City,None,Apartment,Residential,None
https://remax.com.eg/property/spacious-apartment-for-sale-in-the-most-prestigious-area-in-heliopolis-baron-area-3459,3,2,300,"EGP 9,500,000",31666.67,"Heliopolis - Cairo , Egypt",Cairo,Heliopolis,None,Apartment,Residential,Sale
https://remax.com.eg/property/apartment-for-rent-210m-smouha-festival-city-compound-3370,3,2,210,"EGP 20,000",95.24,"Hay Sharq - Alexandria , Egypt",Alexandria,Hay Sharq,None,Apartment,Residential,Rent
https://remax.com.eg/property/luxury-ground-duplex-in-green-residence-1-zayed-3482,3,3,248,"EGP 9,500,000",38306.45,"Sheikh Zayed City - Giza , Egypt",Giza,Sheikh Zayed City,None,Apartment,Residential,Sale
https://remax.com.eg/property/apartment-120-m-for-rent-new-law-victoria-branching-from-galaa-3052,3,2,120,"EGP 6,000",50.0,"Hay Awal El Montazah - Alexandria , Egypt",Alexandria,Hay Awal El Montazah,None,Apartment,Residential,Rent
https://remax.com.eg/property/administrative-flat-for-rent-275-m-lavison-towers-compound-3373,6,4,275,"EGP 40,000",145.45,"Hay Sharq - Alexandria , Egypt",Alexandria,Hay Sharq,None,Apartment,Commercial,Rent
https://remax.com.eg/property/apartment-with-an-attractive-price-janna-octoberh-3042,3,3,140,"EGP 11,000",78.57,"6 October City - Giza , Egypt",Giza,6 October City,None,Apartment,Residential,Rent
https://remax.com.eg/property/administrative-flat-for-sale-275-m-lavison-towers-compound-3369,6,4,275,"EGP 15,000,000",54545.45,"Hay Sharq - Alexandria , Egypt",Alexandria,Hay Sharq,None,Apartment,Commercial,Rent
https://remax.com.eg/property/apartment-for-sale-110m-sidi-bishr-bahri-mohamed-naguib-3389,2,1,110,"EGP 1,650,000",15000.0,"Hay Awal El Montazah - Alexandria , Egypt",Alexandria,Hay Awal El Montazah,None,Apartment,Residential,Sale
https://remax.com.eg/property/a-prime-location-land-for-sale-960-m-in-the-villas-neighborhood-suitable-for-construction-3051,0,0,960,"EGP 12,000,000",12500.0,"Hay Sharq - Alexandria , Egypt",Alexandria,Hay Sharq,None,Apartment,Commercial,Sale
https://remax.com.eg/property/shop-for-rent-in-a-prime-location-40m-syria-street-3378,0,0,40,"EGP 14,000",350.0,"Hay Sharq - Alexandria , Egypt",Alexandria,Hay Sharq,None,Apartment,Commercial,Rent
https://remax.com.eg/property/clinic-for-rent-at-westown-sodic-medical-hub-3077,1,1,65,"EGP 20,000",307.69,"Sheikh Zayed City - Giza , Egypt",Giza,Sheikh Zayed City,None,Apartment,Residential,Rent
https://remax.com.eg/property/apartment-for-sale-in-finished-in-al-rehab-city-2152,3,3,155,"EGP 8,000,000",51612.9,"New Cairo City - Cairo , Egypt",Cairo,New Cairo City,None,Apartment,Residential,Rent
https://remax.com.eg/property/614-m-plot-of-land-for-sale-in-sahel-grand-house-compound-3404,0,0,614,"EGP 1,400,000",2280.13,"Marsa Matrouh - Matrouh , Egypt",Matrouh,Marsa Matrouh,None,Apartment,Commercial,Rent
https://remax.com.eg/property/apartment-for-rent-210m-smouha-festival-city-compound-3371,3,2,210,"EGP 21,000",100.0,"Hay Sharq - Alexandria , Egypt",Alexandria,Hay Sharq,None,Apartment,Residential,Rent
https://remax.com.eg/property/apartment-for-rent-210m-smouha-festival-city-compound-3372,3,2,210,"EGP 21,000",100.0,"Hay Sharq - Alexandria , Egypt",Alexandria,Hay Sharq,None,Apartment,Residential,Rent
https://remax.com.eg/property/in-a-prime-location-an-apartment-for-rent-320m-rushdy-second-floor-from-the-sea-2803,4,2,320,"EGP 33,000",103.12,"Hay Sharq - Alexandria , Egypt",Alexandria,Hay Sharq,None,Apartment,Residential,Rent
https://remax.com.eg/property/shop-for-sale-with-an-area-of-112-m-camp-caesar-branching-off-from-abdel-moneim-sand-street-3023,1,1,112,"EGP 3,300,000",29464.29,"Hay Wasat - Alexandria , Egypt",Alexandria,Hay Wasat,None,Apartment,Commercial,Rent
https://remax.com.eg/property/fully-furnished-standalone-in-beverly-hills-3021,7,7,600,"EGP 42,500,000",70833.33,"Sheikh Zayed City - Giza , Egypt",Giza,Sheikh Zayed City,None,Apartment,Residential,None
https://remax.com.eg/property/administrative-headquarters-for-sale-177-m-aziz-kahil-tharwat-street-2897,0,2,176,"EGP 4,700,000",26704.55,"Hay Sharq - Alexandria , Egypt",Alexandria,Hay Sharq,None,Apartment,Residential,Rent
https://remax.com.eg/property/in-a-prime-location-an-administrative-and-commercial-area-of-350-m-for-rent-in-rashdy-2889,0,1,350,"EGP 200,000",571.43,"Hay Sharq - Alexandria , Egypt",Alexandria,Hay Sharq,None,Apartment,Commercial,Rent
https://remax.com.eg/property/apartment-110-m-abu-redis-street-branching-off-from-gamal-abdel-nasser-sidi-bishr-2845,3,2,110,"EGP 1,700,000",15454.55,"Hay Awal El Montazah - Alexandria , Egypt",Alexandria,Hay Awal El Montazah,None,Apartment,Residential,Rent
https://remax.com.eg/property/duplex-villa-210-m-in-new-miami-next-to-brilliance-and-royalty-school-2819,3,3,210,"EGP 2,750,000",13095.24,"Hay Awal El Montazah - Alexandria , Egypt",Alexandria,Hay Awal El Montazah,None,Apartment,Residential,None
https://remax.com.eg/property/apartment-for-sale-150m-al-seyouf-city-light-compound-3019,3,2,150,"EGP 2,500,000",16666.67,"Hay Awal El Montazah - Alexandria , Egypt",Alexandria,Hay Awal El Montazah,None,Apartment,Residential,Sale
https://remax.com.eg/property/sky-villa-for-sale-276-m-al-orouba-skyline-smouha-2821,3,3,276,"EGP 13,300,000",48188.41,"Hay Wasat - Alexandria , Egypt",Alexandria,Hay Wasat,None,Apartment,Residential,Rent
https://remax.com.eg/property/200-m-factory-for-sale-al-bulbul-boukli-street-2901,0,2,200,"EGP 5,500,000",27500.0,"Hay Sharq - Alexandria , Egypt",Alexandria,Hay Sharq,None,Apartment,Commercial,Rent
https://remax.com.eg/property/office-for-sale-in-polygon-sodic-3037,6,2,185,"EGP 29,000,000",156756.76,"Sheikh Zayed City - Giza , Egypt",Giza,Sheikh Zayed City,None,Apartment,Residential,Sale
https://remax.com.eg/property/office-for-sale-in-polygon-sodic-3034,2,1,84,"EGP 12,300,000",146428.57,"Sheikh Zayed City - Giza , Egypt",Giza,Sheikh Zayed City,None,Apartment,Residential,Sale
https://remax.com.eg/property/standalone-villa-for-sale-in-badya-compound-2866,4,3,392,"EGP 12,500,000",31887.76,"Sheikh Zayed City - Giza , Egypt",Giza,Sheikh Zayed City,None,Apartment,Residential,Sale
https://remax.com.eg/property/80-m-apartment-for-sale-in-maamoura-beach-2871,2,1,80,"EGP 3,000,000",37500.0,"Hay Than El Montazah - Alexandria , Egypt",Alexandria,Hay Than El Montazah,None,Apartment,Residential,Rent
https://remax.com.eg/property/80-m-apartment-for-sale-in-maamoura-beach-2872,2,1,80,"EGP 3,000,000",37500.0,"Hay Than El Montazah - Alexandria , Egypt",Alexandria,Hay Than El Montazah,None,Apartment,Residential,Rent
https://remax.com.eg/property/for-sale-villa-360-m-59-km-riviera-village-2799,3,2,360,"EGP 5,200,000",14444.44,"Qesm Borg El Arab - North Coast , Egypt",North Coast,Qesm Borg El Arab,None,Apartment,Residential,Rent
https://remax.com.eg/property/corner-townhouse-for-sale-mountain-view-hyde-park-2882,4,4,281,"EGP 19,500,000",69395.02,"New Cairo City - Cairo , Egypt",Cairo,New Cairo City,None,Apartment,Residential,Sale
https://remax.com.eg/property/distinctive-land-of-500-square-meters-for-sale-in-al-qudah-king-mariout-division-2652,0,0,500,"EGP 2,000,000",4000.0,"Hay Al Amereyah - Alexandria , Egypt",Alexandria,Hay Al Amereyah,None,Apartment,Commercial,Rent
https://remax.com.eg/property/for-sale-a-3-storey-villa-with-an-area-of-550-m-king-mariout-2800,5,6,550,"EGP 9,300,000",16909.09,"Hay Al Amereyah - Alexandria , Egypt",Alexandria,Hay Al Amereyah,None,Apartment,Residential,Sale
https://remax.com.eg/property/apartment-for-sale-in-celia-compound-new-capital-2881,3,3,158,"EGP 6,500,000",41139.24,"New Capital City - Cairo , Egypt",Cairo,New Capital City,None,Apartment,Residential,Sale
https://remax.com.eg/property/shop-25m-shed-for-rent-al-saraya-tram-station-2864,0,0,25,"EGP 15,000",600.0,"Hay Awal El Montazah - Alexandria , Egypt",Alexandria,Hay Awal El Montazah,None,Apartment,Commercial,Rent
https://remax.com.eg/property/apartment-for-sale-225-m-stanley-english-church-street-2791,3,2,225,"EGP 6,800,000",30222.22,"Hay Sharq - Alexandria , Egypt",Alexandria,Hay Sharq,None,Apartment,Residential,Sale
https://remax.com.eg/property/distinctive-land-for-sale-with-an-area-of-325-square-meters-without-buildings-2651,0,0,325,"EGP 2,200,000",6769.23,"Hay Sharq - Alexandria , Egypt",Alexandria,Hay Sharq,None,Apartment,Commercial,Rent
https://remax.com.eg/property/very-luxurious-villa-in-kreir-area-north-coast-2870,14,7,1200,"EGP 20,000,000",16666.67,"Qesm Borg El Arab - North Coast , Egypt",North Coast,Qesm Borg El Arab,None,Apartment,Residential,None
https://remax.com.eg/property/office-60-m-for-sale-in-janaklis-abu-qir-street-directly-2149,1,1,60,"EGP 2,800,000",46666.67,"Hay Than El Montazah - Alexandria , Egypt",Alexandria,Hay Than El Montazah,None,Apartment,Residential,Sale
https://remax.com.eg/property/administrative-apartment-for-sale-100-m-al-mandara-gamal-abdel-nasser-main-street-mandara-roundabout-bahri-2809,2,1,100,"EGP 2,200,000",22000.0,"Hay Than El Montazah - Alexandria , Egypt",Alexandria,Hay Than El Montazah,None,Apartment,Commercial,Sale
https://remax.com.eg/property/apartment-for-sale-135m-net-fleming-tram-station-al-fath-street-2836,3,1,135,"EGP 2,750,000",20370.37,"Hay Sharq - Alexandria , Egypt",Alexandria,Hay Sharq,None,Apartment,Residential,Rent
https://remax.com.eg/property/villa-for-sale-in-zayed-gardens-villas-compound-2861,4,3,190,"EGP 7,175,000",37763.16,"Sheikh Zayed City - Giza , Egypt",Giza,Sheikh Zayed City,None,Apartment,Residential,Sale
https://remax.com.eg/property/for-rent-apartment-at-six-west-sodic-2818,2,2,168,"EGP 65,000",386.9,"Sheikh Zayed City - Giza , Egypt",Giza,Sheikh Zayed City,None,Apartment,Residential,Rent
https://remax.com.eg/property/first-use-apartment-for-rent-in-october-plaza-2788,2,3,157,"EGP 30,000",191.08,"6 October City - Giza , Egypt",Giza,6 October City,None,Apartment,Residential,Rent
https://remax.com.eg/property/sky-villa-for-sale-276-m-al-orouba-skyline-smouha-2820,3,3,276,"EGP 13,300,000",48188.41,"Hay Wasat - Alexandria , Egypt",Alexandria,Hay Wasat,None,Apartment,Residential,Rent
https://remax.com.eg/property/apartment-for-sale-104-m-marouj-compound-by-al-ghunaimi-company-2805,2,2,104,"EGP 3,800,000",36538.46,"Hay Sharq - Alexandria , Egypt",Alexandria,Hay Sharq,None,Apartment,Residential,Sale
https://remax.com.eg/property/shop-for-sale-20m-in-mandara-on-the-sea-2810,1,0,20,"EGP 1,800,000",90000.0,"Hay Than El Montazah - Alexandria , Egypt",Alexandria,Hay Than El Montazah,None,Apartment,Commercial,Rent
https://remax.com.eg/property/clinic-for-rent-in-the-gate-plaza-mall-sheikh-zayed-2837,3,1,181,"EGP 160,000",883.98,"Sheikh Zayed City - Giza , Egypt",Giza,Sheikh Zayed City,None,Apartment,Residential,Rent
https://remax.com.eg/property/shop-for-sale-20m-in-mandara-on-the-sea-2811,1,0,20,"EGP 1,800,000",90000.0,"Hay Than El Montazah - Alexandria , Egypt",Alexandria,Hay Than El Montazah,None,Apartment,Commercial,Rent
https://remax.com.eg/property/unique-opportunity-in-the-heart-of-downtown-cairo-2865,3,2,240,"EGP 5,500,000",22916.67,"Abdeen - Cairo , Egypt",Cairo,Abdeen,None,Apartment,Residential,None
https://remax.com.eg/property/prime-location-furnished-apartment-in-westown-2755,2,3,125,"EGP 60,000",480.0,"Sheikh Zayed City - Giza , Egypt",Giza,Sheikh Zayed City,None,Apartment,Residential,Rent
https://remax.com.eg/property/villa-for-sale-870-m-in-hacienda-bay-north-coast-2781,4,2,870,"EGP 30,000,000",34482.76,"Sidi Abdel Rahman - North Coast , Egypt",North Coast,Sidi Abdel Rahman,None,Apartment,Residential,Rent
https://remax.com.eg/property/apartment-for-sale-150-m-in-kafr-abdo-2782,3,2,150,"EGP 4,800,000",32000.0,"Hay Sharq - Alexandria , Egypt",Alexandria,Hay Sharq,None,Apartment,Residential,Rent
https://remax.com.eg/property/apartment-for-sale-170m-al-seyouf-al-seyouf-main-square-2693,3,2,170,"EGP 2,575,000",15147.06,"Hay Awal El Montazah - Alexandria , Egypt",Alexandria,Hay Awal El Montazah,None,Apartment,Residential,Sale
https://remax.com.eg/property/apartment-for-sale-225-m-stanley-english-church-street-2790,3,2,225,"EGP 6,800,000",30222.22,"Hay Sharq - Alexandria , Egypt",Alexandria,Hay Sharq,None,Apartment,Residential,Sale
https://remax.com.eg/property/ultra-superlux-townhouse-in-allegria-sodic-zayed-2747,3,3,230,"EGP 110,000",478.26,"Sheikh Zayed City - Giza , Egypt",Giza,Sheikh Zayed City,None,Apartment,Residential,Rent
https://remax.com.eg/property/apartment-for-sale-178-m-in-smouha-mostafa-kamel-street-2745,3,2,178,"EGP 6,000,000",33707.87,"Hay Sharq - Alexandria , Egypt",Alexandria,Hay Sharq,None,Apartment,Residential,Rent
https://remax.com.eg/property/apartment-350m-for-sale-saba-pasha-price-8400000-egp-cash-2797,4,3,350,"EGP 8,400,000",24000.0,"Hay Sharq - Alexandria , Egypt",Alexandria,Hay Sharq,None,Apartment,Residential,Sale
https://remax.com.eg/property/apartment-110-m-for-annual-rent-in-al-tayyarrin-buildings-2752,2,2,110,"EGP 10,000",90.91,"Hay Than El Montazah - Alexandria , Egypt",Alexandria,Hay Than El Montazah,None,Apartment,Residential,Rent
https://remax.com.eg/property/apartment-for-administrative-rent-175-m-in-raml-station-2660,5,2,175,"EGP 15,000",85.71,"Hay Wasat - Alexandria , Egypt",Alexandria,Hay Wasat,None,Apartment,Residential,Rent
https://remax.com.eg/property/furnished-ground-apartment-eshraqa-compound-octobe-2769,4,2,210,"EGP 35,000",166.67,"6 October City - Giza , Egypt",Giza,6 October City,None,Apartment,Residential,Rent
https://remax.com.eg/property/apartment-for-rent-in-mountain-view-icity-golden-square-2154,3,2,165,"EGP 22,000",133.33,"New Cairo City - Cairo , Egypt",Cairo,New Cairo City,None,Apartment,Residential,Rent
https://remax.com.eg/property/prime-location-dental-clinic-in-meditown-new-giza-2708,2,1,80,"EGP 22,000",275.0,"6 October City - Giza , Egypt",Giza,6 October City,None,Apartment,Residential,Rent
https://remax.com.eg/property/125-sqm-apartment-for-sale-near-the-ibrahimiya-bridge-2625,3,1,125,"EGP 2,250,000",18000.0,"Hay Wasat - Alexandria , Egypt",Alexandria,Hay Wasat,None,Apartment,Residential,Rent
https://remax.com.eg/property/155-sqm-apartment-for-sale-in-fleming-ahmed-pasha-turk-street-2155,3,2,155,"EGP 2,600,000",16774.19,"Hay Sharq - Alexandria , Egypt",Alexandria,Hay Sharq,None,Apartment,Residential,Sale
https://remax.com.eg/property/apartment-for-sale-186-m-rushdy-abu-qir-main-street-2667,3,3,186,"EGP 5,500,000",29569.89,"Hay Sharq - Alexandria , Egypt",Alexandria,Hay Sharq,None,Apartment,Residential,Sale
https://remax.com.eg/property/prime-location-dental-clinic-in-meditown-new-giza-2707,2,1,80,"EGP 22,000",275.0,"6 October City - Giza , Egypt",Giza,6 October City,None,Apartment,Residential,Rent
https://remax.com.eg/property/attractive-price-resale-penthouse-in-kayan-october-2706,3,3,135,"EGP 5,590,000",41407.41,"Sheikh Zayed City - Giza , Egypt",Giza,Sheikh Zayed City,None,Apartment,Residential,Sale
https://remax.com.eg/property/apartment-for-sale-240-m-steps-from-the-sea-2679,4,2,240,"EGP 3,150,000",13125.0,"Hay Awal El Montazah - Alexandria , Egypt",Alexandria,Hay Awal El Montazah,None,Apartment,Residential,Rent
https://remax.com.eg/property/apartment-for-sale-90-m-in-the-heart-of-moharram-bek-church-and-mosque-street-2733,2,1,90,"EGP 1,100,000",12222.22,"Hay Wasat - Alexandria , Egypt",Alexandria,Hay Wasat,None,Apartment,Residential,Rent
https://remax.com.eg/property/villa-for-sale-on-an-area-of-1500-m-in-the-king-mariout-villas-area-alexandria-2719,5,6,1500,"EGP 10,000,000",6666.67,"Hay Al Amereyah - Alexandria , Egypt",Alexandria,Hay Al Amereyah,None,Apartment,Residential,Rent
https://remax.com.eg/property/apartment-for-sale-100-m-in-front-of-the-pearl-butcher-2622,3,1,100,"EGP 1,150,000",11500.0,"Hay Awal El Montazah - Alexandria , Egypt",Alexandria,Hay Awal El Montazah,None,Apartment,Residential,Sale
https://remax.com.eg/property/apartment-for-sale-119-m-in-sawary-compound-2742,2,2,119,"EGP 5,284,000",44403.36,"Alexandria Compounds - Alexandria , Egypt",Alexandria,Alexandria Compounds,None,Apartment,Residential,Sale
https://remax.com.eg/property/shop-for-sale-22-m-in-new-smouha-in-front-of-the-gate-of-ahlia-university-al-namous-bridge-2691,0,0,22,"EGP 1,750,000",79545.45,"Hay Sharq - Alexandria , Egypt",Alexandria,Hay Sharq,None,Apartment,Residential,Rent
https://remax.com.eg/property/resale-apartment-badya-palm-hills-attractive-price-2654,3,3,175,"EGP 5,800,000",33142.86,"Sheikh Zayed City - Giza , Egypt",Giza,Sheikh Zayed City,None,Apartment,Residential,Sale
https://remax.com.eg/property/apartment-for-sale-270-m-in-rushdy-abdel-hamid-el-abbadi-street-2653,4,3,270,"EGP 6,800,000",25185.19,"Hay Al Agami - Alexandria , Egypt",Alexandria,Hay Al Agami,None,Apartment,Residential,Rent
https://remax.com.eg/property/apartment-100-for-sale-steps-from-the-sea-and-you-can-see-it-2672,3,1,100,"EGP 1,200,000",12000.0,"Hay Awal El Montazah - Alexandria , Egypt",Alexandria,Hay Awal El Montazah,None,Apartment,Residential,Sale
https://remax.com.eg/property/pool-view-apartment-for-long-terms-rent-in-dreamland-2689,2,1,125,"EGP 25,000",200.0,"6 October City - Giza , Egypt",Giza,6 October City,None,Apartment,Residential,Rent
https://remax.com.eg/property/very-strong-investment-in-ion-project-new-capital-2637,2,2,140,"EGP 4,662,000",33300.0,"New Capital City - Cairo , Egypt",Cairo,New Capital City,None,Apartment,Residential,Rent
https://remax.com.eg/property/4000-m-land-for-sale-in-burj-al-arab-2659,0,0,4000,"EGP 11,200,000",2800.0,"Borg El Arab City - Alexandria , Egypt",Alexandria,Borg El Arab City,None,Apartment,Commercial,Rent
https://remax.com.eg/property/an-opportunity-for-business-owners-to-rent-a-64-sqm-shop-2649,0,0,64,"EGP 20,000",312.5,"Hay Sharq - Alexandria , Egypt",Alexandria,Hay Sharq,None,Apartment,Commercial,Rent
https://remax.com.eg/property/apartment-for-sale-270-square-meters-in-rushdi-abdel-hamid-al-abadi-street-2643,4,3,270,"EGP 6,800,000",25185.19,"Hay Sharq - Alexandria , Egypt",Alexandria,Hay Sharq,None,Apartment,Residential,Rent
https://remax.com.eg/property/shop-for-sale-22-sqm-in-new-smouha-in-front-of-al-ahlya-university-gate-al-namous-bridge-2173,0,0,22,"EGP 1,650,000",75000.0,"Hay Sharq - Alexandria , Egypt",Alexandria,Hay Sharq,None,Apartment,Commercial,Rent
https://remax.com.eg/property/15-m-shop-for-sale-in-the-academy-miami-2690,0,0,15,"EGP 2,500,000",166666.67,"Hay Awal El Montazah - Alexandria , Egypt",Alexandria,Hay Awal El Montazah,None,Apartment,Residential,Rent
https://remax.com.eg/property/apartment-for-rent-155-square-meters-sidi-gaber-al-moshir-street-2646,3,2,155,"EGP 25,000",161.29,"Hay Sharq - Alexandria , Egypt",Alexandria,Hay Sharq,None,Apartment,Residential,Rent
https://remax.com.eg/property/100-sqm-shop-for-rent-sidi-bishr-mosque-street-public-2650,2,1,100,"EGP 80,000",800.0,"Hay Awal El Montazah - Alexandria , Egypt",Alexandria,Hay Awal El Montazah,None,Apartment,Commercial,Rent
https://remax.com.eg/property/resale-penthouse-garden-hills-october-good-price-2638,5,6,320,"EGP 4,500,000",14062.5,"6 October City - Giza , Egypt",Giza,6 October City,None,Apartment,Residential,Sale
https://remax.com.eg/property/prime-location-apartment-in-mountain-view-icity-2612,3,3,150,"EGP 1,730,000",11533.33,"6 October City - Giza , Egypt",Giza,6 October City,None,Apartment,Residential,Sale
https://remax.com.eg/property/84m-apartment-for-sale-in-smouha-al-sayadla-compound-price-6200000-egp-company-commission-2615,3,1,184,"EGP 6,200,000",33695.65,"- , Egypt",None,None,None,Apartment,Residential,Sale
https://remax.com.eg/property/furnished-apartment-for-rent-175-square-meters-iskandar-ibrahim-2623,3,2,175,"EGP 300,000",1714.29,"Hay Awal El Montazah - Alexandria , Egypt",Alexandria,Hay Awal El Montazah,None,Apartment,Residential,Rent
https://remax.com.eg/property/apartment-for-rent-in-wabour-al-mayah-15000-per-month-2613,2,1,130,"EGP 15,000",115.38,"- , Egypt",None,None,None,Apartment,Residential,Rent
https://remax.com.eg/property/in-a-very-prime-location-146-sqm-apartment-for-sale-in-muruj-smouha-compound-2157,3,2,146,"EGP 4,000,000",27397.26,"Hay Sharq - Alexandria , Egypt",Alexandria,Hay Sharq,None,Apartment,Residential,Sale
https://remax.com.eg/property/investment-opportunity-35-sqm-shop-for-sale-in-raml-station-2621,0,0,35,"EGP 7,500,000",214285.71,"Hay Awal El Montazah - Alexandria , Egypt",Alexandria,Hay Awal El Montazah,None,Apartment,Commercial,Rent
https://remax.com.eg/property/luxurious-clinic-in-the-golden-square-in-new-cairo-2632,2,1,100,"EGP 70,000",700.0,"New Cairo City - Cairo , Egypt",Cairo,New Cairo City,None,Apartment,Commercial,Rent
https://remax.com.eg/property/apartment-for-sale-224-m-smouha-fawzi-moaz-street-7500000-egp-cash-2604,3,3,224,"EGP 7,500,000",33482.14,"946 - Alexandria , Egypt",Alexandria,946,None,Apartment,Residential,Sale
https://remax.com.eg/property/14-sqm-garage-for-sale-laurent-abu-qir-direct-2611,0,0,14,"EGP 530,000",37857.14,"Hay Sharq - Alexandria , Egypt",Alexandria,Hay Sharq,None,Apartment,Commercial,Rent
https://remax.com.eg/property/100m-apartment-for-sale-in-smouha-ismail-helmy-street-2850000-egp-2616,2,1,100,"EGP 2,850,000",28500.0,"- , Egypt",None,None,None,Apartment,Residential,Sale
https://remax.com.eg/property/apartment-for-rent-110-sqm-sidi-gaber-towers-12000-egp-per-month-2614,2,1,110,"EGP 12,000",109.09,"- , Egypt",None,None,None,Apartment,Residential,Rent
https://remax.com.eg/property/ground-apartment-247m-for-rent-in-zed-west-2601,4,4,247,"EGP 60,000",242.91,"Sheikh Zayed City - Giza , Egypt",Giza,Sheikh Zayed City,None,Apartment,Residential,Rent
https://remax.com.eg/property/furnished-apartment-for-rent-350-m-with-roof-sidi-bishr-kebli-2168,3,2,350,"EGP 10,000",28.57,"Hay Awal El Montazah - Alexandria , Egypt",Alexandria,Hay Awal El Montazah,None,Apartment,Residential,Rent
https://remax.com.eg/property/apartment-for-sale-125-square-meters-in-safra-steps-from-the-sea-2171,3,2,125,"EGP 1,900,000",15200.0,"Hay Than El Montazah - Alexandria , Egypt",Alexandria,Hay Than El Montazah,None,Apartment,Residential,Rent
https://remax.com.eg/property/apartment-for-rent-140-square-meters-maamoura-beach-steps-to-the-sea-maamoura-beach-2167,2,2,140,"EGP 20,000",142.86,"Hay Than El Montazah - Alexandria , Egypt",Alexandria,Hay Than El Montazah,None,Apartment,Residential,Rent
https://remax.com.eg/property/apartment-for-sale-130-sqm-in-prestige-compound-next-to-al-ittihad-club-2603,3,1,130,"EGP 2,700,000",20769.23,"946 - Alexandria , Egypt",Alexandria,946,None,Apartment,Residential,Sale
https://remax.com.eg/property/roof-5th-floor-in-sun-city-compound-new-cairo-2177,3,3,156,"EGP 2,500,000",16025.64,"New Cairo City - Cairo , Egypt",Cairo,New Cairo City,None,Apartment,Residential,None
https://remax.com.eg/property/for-sale-shop-45-matani-nimra-owned-by-gamal-abdel-nasser-2174,0,1,45,"EGP 2,000,000",44444.44,"Hay Awal El Montazah - Alexandria , Egypt",Alexandria,Hay Awal El Montazah,None,Apartment,Commercial,Rent
https://remax.com.eg/property/apartment-for-sale-233-sqm-palm-hills-alexandria-2172,3,4,233,"EGP 14,000,000",60085.84,"Hay Sharq - Alexandria , Egypt",Alexandria,Hay Sharq,None,Apartment,Residential,Rent
https://remax.com.eg/property/apartment-for-rent-in-mountain-view-icity-2146,2,3,165,"EGP 22,000",133.33,"New Cairo City - Cairo , Egypt",Cairo,New Cairo City,None,Apartment,Residential,Rent
https://remax.com.eg/property/great-deal-for-a-whole-building-in-mokattam-2608,15,6,552,"EGP 20,000,000",36231.88,"Mokattam - Cairo , Egypt",Cairo,Mokattam,None,Apartment,Residential,None
https://remax.com.eg/property/shop-for-sale-20-square-meters-inside-a-mall-in-miami-2170,0,0,20,"EGP 830,000",41500.0,"Hay Awal El Montazah - Alexandria , Egypt",Alexandria,Hay Awal El Montazah,None,Apartment,Commercial,Rent
https://remax.com.eg/property/unique-apartment-in-sarai-s2-with-special-price-2606,3,3,113,"EGP 3,490,000",30884.96,"Mostakbal City - Cairo , Egypt",Cairo,Mostakbal City,None,Apartment,Residential,None
https://remax.com.eg/property/a-commercial-shop-on-al-hejaz-street-2106,1,2,208,"EGP 2,160,000",10384.62,"El Nozha - Cairo , Egypt",Cairo,El Nozha,None,Apartment,Commercial,Rent
https://remax.com.eg/property/excellent-location-shop-for-sale-in-victoria-directly-on-the-tram-2083,0,1,35,"EGP 3,200,000",91428.57,"Hay Awal El Montazah - Alexandria , Egypt",Alexandria,Hay Awal El Montazah,None,Apartment,Commercial,Rent
https://remax.com.eg/property/in-a-prime-location-tram-view-mezzanine-for-rent-area-300-square-meters-unfinished-2088,1,1,300,"EGP 480,000",1600.0,"Hay Wasat - Alexandria , Egypt",Alexandria,Hay Wasat,None,Apartment,Commercial,Rent
https://remax.com.eg/property/apartment-for-sale-200-sqm-behind-45-steps-from-the-sea-and-you-can-see-it-2086,4,2,200,"EGP 3,800,000",19000.0,"Hay Awal El Montazah - Alexandria , Egypt",Alexandria,Hay Awal El Montazah,None,Apartment,Residential,Rent
https://remax.com.eg/property/apartment-for-rent-170-square-meters-in-miami-directly-on-the-sea-2108,3,2,170,"EGP 27,000",158.82,"Hay Awal El Montazah - Alexandria , Egypt",Alexandria,Hay Awal El Montazah,None,Apartment,Residential,Rent
https://remax.com.eg/property/an-opportunity-for-brand-owners-a-store-area-of-277-square-meters-for-rent-brand-building-2089,1,1,277,"EGP 960,000",3465.7,"Hay Wasat - Alexandria , Egypt",Alexandria,Hay Wasat,None,Apartment,Commercial,Rent
https://remax.com.eg/property/in-a-prime-location-for-rent-mezzanine-entire-first-floor-300-square-meters-unfinished-2087,0,1,300,"EGP 540,000",1800.0,"Hay Wasat - Alexandria , Egypt",Alexandria,Hay Wasat,None,Apartment,Commercial,Rent
https://remax.com.eg/property/furnished-apartment-for-rent-135-sqm-saraya-steps-from-the-sea-and-you-can-see-it-2098,3,1,135,"EGP 18,000",133.33,"Hay Awal El Montazah - Alexandria , Egypt",Alexandria,Hay Awal El Montazah,None,Apartment,Residential,Rent
https://remax.com.eg/property/150-sqm-basement-for-sale-or-rent-mortada-pasha-street-2118,0,1,150,"EGP 1,600,000",10666.67,"Hay Sharq - Alexandria , Egypt",Alexandria,Hay Sharq,None,Apartment,Residential,Rent
https://remax.com.eg/property/220-sqm-apartment-directly-on-the-sea-for-annual-rent-furnished-2129,3,2,220,"EGP 20,000",90.91,"Hay Awal El Montazah - Alexandria , Egypt",Alexandria,Hay Awal El Montazah,None,Apartment,Residential,Rent
https://remax.com.eg/property/apartment-for-rent-130-meters-miami-tree-sea-2112,2,1,130,"EGP 25,000",192.31,"Hay Awal El Montazah - Alexandria , Egypt",Alexandria,Hay Awal El Montazah,None,Apartment,Residential,Rent
https://remax.com.eg/property/shop-for-sale-20-sqm-on-mortada-street-2117,0,0,20,"EGP 1,400,000",70000.0,"Hay Sharq - Alexandria , Egypt",Alexandria,Hay Sharq,None,Apartment,Residential,Sale
https://remax.com.eg/property/shop-for-sale-or-rent-60-square-meters-in-front-of-zephyr-restaurant-2082,1,1,60,"EGP 2,450,000",40833.33,"Hay Gharb - Alexandria , Egypt",Alexandria,Hay Gharb,None,Apartment,Commercial,Rent
https://remax.com.eg/property/198-sqm-shop-for-sale-directly-on-a-tram-in-the-raml-area-2076,0,1,198,"EGP 7,000,000",35353.54,"Hay Sharq - Alexandria , Egypt",Alexandria,Hay Sharq,None,Apartment,Commercial,Rent
